seed,architecture,snr_db,channel,achieved_snr_db,mse_frequency,phase_circular_rmse,channel_nmse,particle_ess_mean,unique_ancestor_mean,mala_acceptance,resampling_count,latency_ms_per_sample
0,Analytical joint score,15.0,LOS,15.610281944166598,463.664873234799,1.407414241128319,0.2950830462629048,62.60235013577087,11.842105263157896,0.9706688596491229,57.0,2.12931221666679
0,Amortized joint surrogate,15.0,LOS,15.610281944166598,91.44415159688297,1.0722020054088046,0.13717231310316014,61.51189924760979,21.8,0.6789772727272727,55.0,1.919974683333218
0,Analytical joint score,15.0,MP,14.422894338944115,42.02043902612335,1.0055616873823057,0.2913413913036508,61.5905070063184,20.490909090909092,0.9698863636363636,55.0,1.903808233333848
0,Amortized joint surrogate,15.0,MP,14.422894338944115,145.80981147218338,1.260130621593337,0.352395858025598,62.551744952877605,13.160714285714286,0.5691964285714286,56.0,1.9372423666662069
0,Analytical joint score,15.0,NLOS,14.043559130690628,432.44524692820573,1.879622791413937,0.5437197291953108,64.0,15.1,0.97109375,60.0,1.9210995166664209
0,Amortized joint surrogate,15.0,NLOS,14.043559130690628,206.9326889994846,1.6190168161220964,0.43129178795157735,64.0,11.2,0.5239583333333333,60.0,2.242072183332766
0,Analytical joint score,5.0,LOS,4.40035775498947,22.383228068722843,0.6294636303926433,0.056861719911614046,56.29369679970978,33.47222222222222,0.9761284722222222,36.0,1.248145316666675
0,Amortized joint surrogate,5.0,LOS,4.40035775498947,16.58967040941365,0.4672402558611739,0.0235581564969174,57.173676479198356,33.46153846153846,0.8012820512820513,39.0,1.5029466166671075
0,Analytical joint score,5.0,MP,4.97387332408689,112.77352949673626,1.207319653322299,0.1986775468704281,59.26240253607572,33.11904761904762,0.9773065476190477,42.0,2.0390074000005143
0,Amortized joint surrogate,5.0,MP,4.97387332408689,416.22727848582207,1.5129861861056253,0.1738929182729001,59.25866391559998,32.348837209302324,0.731468023255814,43.0,1.8891265666667323
0,Analytical joint score,5.0,NLOS,5.271934920970428,43.05246969414577,1.4091922243977892,0.3448115580724574,57.63046545553508,35.11764705882353,0.9738051470588235,34.0,1.2793488333329606
0,Amortized joint surrogate,5.0,NLOS,5.271934920970428,79.55679737068165,1.226595279785599,0.2783825634820593,57.829570678331834,34.16216216216216,0.7597128378378378,37.0,1.3941754333330891
0,Analytical joint score,-5.0,LOS,-5.6575112144518735,420.41142940298755,1.614268706132488,0.06975426264369344,58.658892581393104,41.666666666666664,0.9728009259259259,27.0,1.0696156499998704
0,Amortized joint surrogate,-5.0,LOS,-5.6575112144518735,131.12454592268298,1.0928080322642135,0.07359570640087733,56.66240915312333,41.370370370370374,0.7633101851851852,27.0,1.070286483332931
0,Analytical joint score,-5.0,MP,-5.026211544335249,242.36895628036413,1.439317621681554,0.14348857693683328,55.532942933876505,42.333333333333336,0.9703125,30.0,1.573218016667018
0,Amortized joint surrogate,-5.0,MP,-5.026211544335249,278.2909682643217,1.3958693548655512,0.17710274739220644,54.927252320952014,39.964285714285715,0.7410714285714286,28.0,1.137782366666329
0,Analytical joint score,-5.0,NLOS,-4.752849961558353,347.52484710281124,1.7719282940865317,0.17887189684141733,55.674384236162325,43.31818181818182,0.9808238636363636,22.0,1.0081762499993374
0,Amortized joint surrogate,-5.0,NLOS,-4.752849961558353,366.5923806880903,1.6074678359227286,0.25075021372461853,56.053119327936166,42.7,0.74765625,20.0,0.9065052666670681
1,Analytical joint score,15.0,LOS,15.444773542067168,94.43640115652248,1.9971833196793287,0.3535663806479544,62.31707096014107,19.214285714285715,0.9740513392857143,56.0,1.7082060833331525
1,Amortized joint surrogate,15.0,LOS,15.444773542067168,100.33153420878894,1.1234453066317467,0.12027801433612423,61.439476984266264,20.5,0.6287615740740741,54.0,1.7459144333334582
1,Analytical joint score,15.0,MP,14.749416133781274,130.18825620202622,1.1239863116134292,0.2209296187075085,62.72984608591802,25.642857142857142,0.9715401785714286,56.0,1.9035382333328243
1,Amortized joint surrogate,15.0,MP,14.749416133781274,14.759653968861132,0.3819887884459619,0.1604083740028533,60.625631407502546,26.76923076923077,0.6721754807692307,52.0,1.8275605166669113
1,Analytical joint score,15.0,NLOS,15.554932437146057,154.9368411858933,1.9757202669744893,0.940885475409324,63.45243574443347,8.389830508474576,0.9761652542372882,59.0,2.808392816666583
1,Amortized joint surrogate,15.0,NLOS,15.554932437146057,296.5686857621377,1.5398725397932311,0.5928381816155978,64.0,10.683333333333334,0.5434895833333333,60.0,2.0206047833331318
1,Analytical joint score,5.0,LOS,5.428065372959441,539.7944733477406,1.6582155119082218,0.14746151663836707,59.203570987229,34.40909090909091,0.9776278409090909,44.0,1.5615480666667736
1,Amortized joint surrogate,5.0,LOS,5.428065372959441,182.99897384824908,1.1310695605821093,0.12458675173337204,58.922348960372354,32.904761904761905,0.7663690476190477,42.0,1.4631749499992945
1,Analytical joint score,5.0,MP,6.155573628127406,269.63748862518224,1.2045591529229263,0.22006315976204405,59.757944892892574,31.170212765957448,0.9720744680851063,47.0,1.7346024999994825
1,Amortized joint surrogate,5.0,MP,6.155573628127406,154.25118128690556,0.9004001175784001,0.17017782060690032,56.56244111134358,35.02777777777778,0.75390625,36.0,1.502134249999661
1,Analytical joint score,5.0,NLOS,5.262852692648278,506.4841655525563,1.7042427335437613,0.36785216565582435,59.05895026464713,34.38636363636363,0.9765625,44.0,1.619093066667195
1,Amortized joint surrogate,5.0,NLOS,5.262852692648278,192.61983452085528,1.2694741208415996,0.4036217872098423,58.404320611259664,33.8780487804878,0.7442835365853658,41.0,1.760562066666201
1,Analytical joint score,-5.0,LOS,-6.2466072765883265,67.72231804757753,1.1068001123278217,0.06905150417531525,55.34236111206303,40.25,0.9754464285714286,28.0,1.1384376166669579
1,Amortized joint surrogate,-5.0,LOS,-6.2466072765883265,68.68072643819802,1.1069573540928523,0.047837232762294096,55.23166763692941,41.208333333333336,0.7786458333333334,24.0,1.042614450000201
1,Analytical joint score,-5.0,MP,-4.816575762089053,182.07725869176605,1.280193826347397,0.21768070475559062,56.09587469427021,35.04,0.975625,25.0,1.1947865000005702
1,Amortized joint surrogate,-5.0,MP,-4.816575762089053,438.5106683117417,1.6519547883997752,0.22325511479592575,55.49722271920012,39.11538461538461,0.7578125,26.0,1.0932548166664446
1,Analytical joint score,-5.0,NLOS,-5.04515584635932,103.72071050534093,1.4793492215631525,0.2969072040609253,56.858652850762645,39.225806451612904,0.9702620967741935,31.0,1.1496939166666682
1,Amortized joint surrogate,-5.0,NLOS,-5.04515584635932,67.87321166360337,1.164567381168219,0.2620641799893846,56.60786269655162,39.166666666666664,0.7729166666666667,30.0,1.2012901166665795
2,Analytical joint score,15.0,LOS,15.802222041565479,85.91098361151785,1.471707255267869,0.09691246561874663,62.51472059444253,18.017857142857142,0.9698660714285714,56.0,1.7583101666673429
2,Amortized joint surrogate,15.0,LOS,15.802222041565479,97.73028796246979,1.605740551146009,0.237892071255739,63.65804440693862,19.844827586206897,0.6398168103448276,58.0,2.0295829000000745
2,Analytical joint score,15.0,MP,14.536463102104731,392.5013898881735,1.458808757203037,0.26628083452926743,64.0,14.033333333333333,0.96328125,60.0,2.037490049999254
2,Amortized joint surrogate,15.0,MP,14.536463102104731,124.3405241625148,1.2569718792709113,0.36671109698163057,61.648007188356985,15.781818181818181,0.5622159090909091,55.0,1.9449113166672305
2,Analytical joint score,15.0,NLOS,15.112480726416438,377.9893791114934,1.9138072911045245,0.5720986573669237,64.0,12.333333333333334,0.9721354166666667,60.0,1.923170883333114
2,Amortized joint surrogate,15.0,NLOS,15.112480726416438,347.5957842826137,1.820903141514431,0.42435953382712205,64.0,10.728813559322035,0.512447033898305,59.0,2.0628232166662506
2,Analytical joint score,5.0,LOS,4.846600825964698,8.743483628412427,0.37489148149742724,0.055711546398396546,56.609922867726134,34.42857142857143,0.975,35.0,1.2506536000008357
2,Amortized joint surrogate,5.0,LOS,4.846600825964698,9.764397463824492,0.4737676805396513,0.11575079884213564,57.94819892657771,33.54054054054054,0.7571790540540541,37.0,1.3658969666664689
2,Analytical joint score,5.0,MP,5.273950645298635,494.3091272090107,1.4504991907809213,0.1762078301169945,58.13936646290366,35.83783783783784,0.9733952702702703,37.0,1.3735448500000302
2,Amortized joint surrogate,5.0,MP,5.273950645298635,60.07617125776202,0.7177441500331854,0.1105114512590222,56.43642950285123,35.42424242424242,0.7566287878787878,33.0,1.2717194666663545
2,Analytical joint score,5.0,NLOS,4.71309819062112,131.01909097244268,1.613975150206533,0.4078642347615929,59.585124500278596,33.75,0.9836647727272727,44.0,1.7103181999999606
2,Amortized joint surrogate,5.0,NLOS,4.71309819062112,114.0267141739709,1.6306669535583562,0.2154850935887402,57.720765375774754,35.15384615384615,0.7548076923076923,39.0,1.4755406500000845
2,Analytical joint score,-5.0,LOS,-4.4881171406816165,64.00989980264237,1.1344313010509883,0.07678648405564119,57.2894757272115,42.107142857142854,0.9765625,28.0,1.1073046333336833
2,Amortized joint surrogate,-5.0,LOS,-4.4881171406816165,223.105425253123,1.535336276396634,0.05526213713576907,55.43907653860162,39.36,0.805,25.0,0.9773784333333424
2,Analytical joint score,-5.0,MP,-5.162215582327219,508.60278475641326,1.624077154423489,0.17215002088307593,55.81588450412941,40.291666666666664,0.97265625,24.0,1.044754433333613
2,Amortized joint surrogate,-5.0,MP,-5.162215582327219,482.8786899246945,1.606643101618544,0.15014609814319857,55.168742834804355,41.125,0.75,24.0,1.062848666667075
2,Analytical joint score,-5.0,NLOS,-5.111858008218882,172.1037683609468,1.7760640465934394,0.19755608006276892,54.8591332683313,41.541666666666664,0.974609375,24.0,0.9808836166664984
2,Amortized joint surrogate,-5.0,NLOS,-5.111858008218882,99.75889415125953,1.363300752959217,0.2720463338433386,55.74002656362743,44.69230769230769,0.7554086538461539,26.0,1.2193269166668113
3,Analytical joint score,15.0,LOS,15.05829427847007,16.361229446845346,0.8045248978310983,0.04529892870015296,61.5740412132007,16.944444444444443,0.9649884259259259,54.0,1.7705815500003534
3,Amortized joint surrogate,15.0,LOS,15.05829427847007,596.743655455408,1.8368598343013647,0.15040583454784734,62.75801309811794,16.642857142857142,0.5633370535714286,56.0,2.227075383333954
3,Analytical joint score,15.0,MP,16.095418739196564,214.5522611802278,1.556003283608306,0.3060331359202898,63.23055921117905,11.157894736842104,0.9723135964912281,57.0,1.9773319666664217
3,Amortized joint surrogate,15.0,MP,16.095418739196564,179.310993789868,1.3298304809528971,0.2663786636862873,64.0,12.169491525423728,0.4947033898305085,59.0,1.9644658666663872
3,Analytical joint score,15.0,NLOS,15.006084755952998,143.94081706115992,1.5189794412597344,0.7011955696667611,64.0,14.033333333333333,0.971875,60.0,1.8916117833327917
3,Amortized joint surrogate,15.0,NLOS,15.006084755952998,404.3803015287071,1.9882836709766203,0.831783965972796,64.0,5.816666666666666,0.471875,60.0,2.169427316666391
3,Analytical joint score,5.0,LOS,5.164455589968684,367.71531355018396,1.3529085731400041,0.1465999929164673,58.05995923270141,33.76190476190476,0.9791666666666666,42.0,1.3807738500001203
3,Amortized joint surrogate,5.0,LOS,5.164455589968684,52.48605988767391,0.8093792481176011,0.06320727216581393,58.158669328520745,35.44736842105263,0.8050986842105263,38.0,1.3676690000001674
3,Analytical joint score,5.0,MP,5.256563866342949,1236.777050555936,1.5906527831262909,0.21374658033524335,61.061958535440034,31.122448979591837,0.9690688775510204,49.0,1.633528550000089
3,Amortized joint surrogate,5.0,MP,5.256563866342949,130.09208757737045,1.3930795518194767,0.3111907385983321,58.688315846557394,32.333333333333336,0.7061011904761905,42.0,1.4745606999999457
3,Analytical joint score,5.0,NLOS,5.10092009526417,285.42654638779055,1.8000056498320538,0.5903814215508602,61.23621685830616,29.470588235294116,0.9727328431372549,51.0,2.1699150500002893
3,Amortized joint surrogate,5.0,NLOS,5.10092009526417,30.453199794991338,0.7379480638729773,0.28414532072243487,58.32195842021872,32.79545454545455,0.7698863636363636,44.0,1.742471033333004
3,Analytical joint score,-5.0,LOS,-5.5390735221795175,577.4274928337342,1.5239843118855634,0.14727640576478493,56.14158644025168,38.964285714285715,0.9754464285714286,28.0,1.0537046666665144
3,Amortized joint surrogate,-5.0,LOS,-5.5390735221795175,256.67525740438765,1.1982776348534911,0.18634883922939244,54.54744740453361,43.04545454545455,0.7954545454545454,22.0,0.9041222500002277
3,Analytical joint score,-5.0,MP,-5.054555808783179,143.4863011819307,1.5949520381607258,0.09569936785523465,53.31673971706377,38.5,0.9730113636363636,22.0,0.9253547833329397
3,Amortized joint surrogate,-5.0,MP,-5.054555808783179,84.60856915459202,1.7597898207399132,0.10476883148702708,55.426375481300134,39.69230769230769,0.7493990384615384,26.0,1.108443000000155
3,Analytical joint score,-5.0,NLOS,-5.019557634826716,433.14857475706145,1.6683132521992565,0.37732835962246103,53.42603167310285,38.72,0.97375,25.0,1.003669766667296
3,Amortized joint surrogate,-5.0,NLOS,-5.019557634826716,131.43815862984363,1.4417854926247462,0.34498056769935714,53.88740028323369,41.16,0.765,25.0,1.1933170000001307
4,Analytical joint score,15.0,LOS,15.317075633945056,410.6760270167853,1.8572640176920046,0.23379482114914601,63.58582332540444,13.568965517241379,0.9727909482758621,58.0,1.8117261333334984
4,Amortized joint surrogate,15.0,LOS,15.317075633945056,4.3399960630279075,0.47784557099790903,0.15914793802424704,61.87289874147621,28.27777777777778,0.7517361111111112,54.0,1.7863373166666936
4,Analytical joint score,15.0,MP,14.886900570478437,42.70100529106875,0.9438185561907145,0.25522077853669395,63.17560510208168,16.896551724137932,0.9722521551724138,58.0,1.9380827500005655
4,Amortized joint surrogate,15.0,MP,14.886900570478437,250.51360955593069,1.3003438166124572,0.3535074748607621,64.0,14.466666666666667,0.571875,60.0,2.0172072666667873
4,Analytical joint score,15.0,NLOS,14.780681713830056,347.5591514730209,1.7977762933415766,0.5112608452898862,64.0,13.183333333333334,0.9703125,60.0,1.8756931166668285
4,Amortized joint surrogate,15.0,NLOS,14.780681713830056,107.9854581438787,1.7547938944336738,0.4626322448989743,64.0,12.866666666666667,0.5778645833333333,60.0,1.968621183333615
4,Analytical joint score,5.0,LOS,4.662065145522333,51.82734399039833,0.5302732446904526,0.10967410638972491,57.47010162485708,35.3421052631579,0.9782072368421053,38.0,1.3121157000000494
4,Amortized joint surrogate,5.0,LOS,4.662065145522333,44.97551325825966,0.7053101216156852,0.0812679497403137,58.324416825376154,35.55,0.796484375,40.0,1.4834409833326845
4,Analytical joint score,5.0,MP,5.424023103464553,616.3823071966959,1.5996485153228615,0.15472115829168898,59.57491667147186,30.977777777777778,0.975,45.0,1.7282188166670192
4,Amortized joint surrogate,5.0,MP,5.424023103464553,115.74625001121761,0.9856721871316435,0.21399655950742483,58.284514136102075,33.69047619047619,0.75,42.0,1.6193401666659686
4,Analytical joint score,5.0,NLOS,5.564170893966374,34.64189520582501,0.8987034396100647,0.22916449184847815,58.81268633675844,33.97727272727273,0.9740767045454546,44.0,1.651561600000188
4,Amortized joint surrogate,5.0,NLOS,5.564170893966374,85.66620360668526,1.5038967095109423,0.5124090821453497,59.15625457425826,33.79545454545455,0.74609375,44.0,1.937452966666342
4,Analytical joint score,-5.0,LOS,-4.968101719398621,105.84787617529554,1.1394118932428223,0.051573234479813816,55.31678079787044,41.75,0.9796875,20.0,0.8496132666673853
4,Amortized joint surrogate,-5.0,LOS,-4.968101719398621,101.97182172564074,1.720605641567384,0.04096692954575021,53.92175938313037,40.65,0.78046875,20.0,0.8604093666671512
4,Analytical joint score,-5.0,MP,-4.556200599386017,88.01274603947151,1.127997742340428,0.1304220007802489,56.080223305087976,40.76923076923077,0.9741586538461539,26.0,1.0469341499998563
4,Amortized joint surrogate,-5.0,MP,-4.556200599386017,263.91422029292335,1.3069457956850372,0.14701853522960273,55.0390080294253,40.42307692307692,0.7512019230769231,26.0,1.0700928666674752
4,Analytical joint score,-5.0,NLOS,-4.678460732548749,226.86533665630182,1.5740631614165117,0.26255197762764293,56.140291497395346,38.074074074074076,0.9699074074074074,27.0,1.0578633000003872
4,Amortized joint surrogate,-5.0,NLOS,-4.678460732548749,333.9118751845281,1.9382731932197403,0.508044942887416,56.43200446798206,38.111111111111114,0.7552083333333334,27.0,1.0867839999993596
5,Analytical joint score,15.0,LOS,15.694484398701398,579.3912318761082,1.4166369881402892,0.12593328096590173,62.08321278244126,13.696428571428571,0.97265625,56.0,1.6805876500001204
5,Amortized joint surrogate,15.0,LOS,15.694484398701398,6.009169868308443,0.5590747280660701,0.12436259598725946,62.3858509775464,19.785714285714285,0.6662946428571429,56.0,2.1038675833333778
5,Analytical joint score,15.0,MP,15.988508397846886,25.631897179921562,0.702349060018278,0.13080124696658293,61.23944775947616,23.07547169811321,0.9652122641509434,53.0,1.7020234666669392
5,Amortized joint surrogate,15.0,MP,15.988508397846886,412.0758431062411,1.4577566736648253,0.1225643651550964,64.0,16.322033898305083,0.5932203389830508,59.0,1.9833456166660806
5,Analytical joint score,15.0,NLOS,14.29362627140941,250.96397668327495,1.4369248883015708,0.46986732982965634,61.88389020391313,14.277777777777779,0.9722222222222222,54.0,1.6685595666662796
5,Amortized joint surrogate,15.0,NLOS,14.29362627140941,65.54072835367248,0.9203058836528641,0.33981687159001056,61.507545496586694,22.641509433962263,0.6842570754716981,53.0,1.779848933333028
5,Analytical joint score,5.0,LOS,5.716719223662061,12.67882322778006,0.7168394589777175,0.28276535776606354,57.88358348552629,35.25,0.97421875,40.0,1.2843052333333087
5,Amortized joint surrogate,5.0,LOS,5.716719223662061,203.69518557250072,0.7778390494490199,0.1322761450279305,56.966506241473574,33.404761904761905,0.7410714285714286,42.0,1.4952788000006951
5,Analytical joint score,5.0,MP,4.519801540652945,181.06302814735568,1.2783152549594576,0.161075672954819,59.24246169711342,32.41860465116279,0.9738372093023255,43.0,1.4584357166664101
5,Amortized joint surrogate,5.0,MP,4.519801540652945,202.27123687467778,1.1364517887944519,0.25126189890920575,59.41279306804258,32.2093023255814,0.7078488372093024,43.0,1.6666799500001162
5,Analytical joint score,5.0,NLOS,5.07740266909787,255.0878697177859,1.4680415373891595,0.2775335857062348,59.117070059156674,32.95348837209303,0.9738372093023255,43.0,1.4188743000005388
5,Amortized joint surrogate,5.0,NLOS,5.07740266909787,173.50701538861063,1.976285550809108,0.2921267967370688,59.2761867370705,30.5,0.7258522727272727,44.0,1.9970762333334353
5,Analytical joint score,-5.0,LOS,-4.68100984926199,351.2145063210709,1.5494057635338598,0.08998860198255224,53.256386548502014,40.375,0.9720052083333334,24.0,0.9340223999998898
5,Amortized joint surrogate,-5.0,LOS,-4.68100984926199,111.07489826291207,1.2763183696882845,0.09095045940013866,53.00920497828147,40.857142857142854,0.7745535714285714,21.0,0.9336976166669805
5,Analytical joint score,-5.0,MP,-4.1577331938440025,43.19383156007091,1.3295294525039558,0.09318372589232311,53.809601992715635,42.45,0.97421875,20.0,0.9369759500003738
5,Amortized joint surrogate,-5.0,MP,-4.1577331938440025,51.85114595618611,1.3053121278172575,0.10687470191352032,54.45195230987915,40.94736842105263,0.7508223684210527,19.0,0.857234850000547
5,Analytical joint score,-5.0,NLOS,-4.496511987771775,90.37808078151045,1.4566620928011178,0.32785735708586544,54.27335420417639,40.130434782608695,0.9762228260869565,23.0,0.942383433332831
5,Amortized joint surrogate,-5.0,NLOS,-4.496511987771775,496.27761761219375,1.5591289057117796,0.1841970124026988,54.818492278434746,41.52173913043478,0.7805706521739131,23.0,1.2469132500001479
6,Analytical joint score,15.0,LOS,14.672381943092052,226.00278581597027,1.7535332641011616,0.17020903547418537,63.57190158301091,13.305084745762711,0.9721927966101694,59.0,1.7647614666666793
6,Amortized joint surrogate,15.0,LOS,14.672381943092052,134.79269041497284,1.9928369036949978,0.4374597755490595,63.25477984973952,13.298245614035087,0.5537280701754386,57.0,1.973373900000297
6,Analytical joint score,15.0,MP,15.482373746402327,1021.7010261134955,1.6185645818457262,0.3358391465832431,63.57276484776867,15.491525423728813,0.9772245762711864,59.0,2.0271700999993905
6,Amortized joint surrogate,15.0,MP,15.482373746402327,314.3050522048514,1.511677382455422,0.2508308727641576,64.0,15.46551724137931,0.5401400862068966,58.0,2.1862352500003603
6,Analytical joint score,15.0,NLOS,14.139542803367089,529.2545852732097,1.7041244003541425,0.4338177630806262,64.0,11.516666666666667,0.97578125,60.0,2.0945669499999062
6,Amortized joint surrogate,15.0,NLOS,14.139542803367089,454.12036935335783,1.9854940220255712,0.5324076994030159,64.0,8.583333333333334,0.48854166666666665,60.0,2.124122683333477
6,Analytical joint score,5.0,LOS,4.9415955141439625,40.50455166546822,0.6990448746122475,0.10707779833527914,57.94690218488008,33.15384615384615,0.9759615384615384,39.0,1.3951075333333545
6,Amortized joint surrogate,5.0,LOS,4.9415955141439625,19.87591804286882,0.45167036613443207,0.04130053246758906,58.36715770331022,34.666666666666664,0.7873263888888888,36.0,1.328258649999725
6,Analytical joint score,5.0,MP,5.4564509590206445,133.22338454894484,1.331036891756924,0.24294529778378005,60.113137792840114,34.06521739130435,0.9745244565217391,46.0,1.6318383166662898
6,Amortized joint surrogate,5.0,MP,5.4564509590206445,68.06796579579903,0.92328573309437,0.20035775564310276,57.88823359259532,34.476190476190474,0.7269345238095238,42.0,1.6343249166662115
6,Analytical joint score,5.0,NLOS,5.008646605738609,316.914194425438,1.6913404702362655,0.4453993036353397,59.25976194685924,32.21739130434783,0.9718070652173914,46.0,1.952298266667185
6,Amortized joint surrogate,5.0,NLOS,5.008646605738609,174.79063362975808,1.4482475093222027,0.1971116435333731,58.35431272468937,31.955555555555556,0.759375,45.0,1.6084197500002044
6,Analytical joint score,-5.0,LOS,-5.63793036774301,532.3653907420236,1.3095459574923143,0.03628284889295012,54.09784045327405,41.61904761904762,0.9754464285714286,21.0,0.8813210833333566
6,Amortized joint surrogate,-5.0,LOS,-5.63793036774301,379.1306828541395,1.418254415399761,0.043270140618650636,54.81255814991757,41.15,0.78828125,20.0,0.8820516499999561
6,Analytical joint score,-5.0,MP,-5.459854176553955,284.2979597028465,1.7002747962563223,0.19719144461838028,55.913696098630204,41.68,0.98125,25.0,1.000432650000486
6,Amortized joint surrogate,-5.0,MP,-5.459854176553955,350.81295535850694,1.394862316098839,0.21220714138488228,56.13704309294514,41.12,0.749375,25.0,1.1552322666669095
6,Analytical joint score,-5.0,NLOS,-5.410766815156602,146.53534887986427,1.6703413850752211,0.2406941863589276,54.207050095633974,42.526315789473685,0.9671052631578947,19.0,0.8977396666665527
6,Amortized joint surrogate,-5.0,NLOS,-5.410766815156602,135.8372130851354,1.4198393709846129,0.15768275400516832,54.54951353716032,43.4,0.76171875,20.0,0.9290363833334444
7,Analytical joint score,15.0,LOS,14.708448300925966,436.18886789356816,1.639208312704472,0.20132535787563627,63.47247665668806,14.576271186440678,0.9745762711864406,59.0,2.03033853333352
7,Amortized joint surrogate,15.0,LOS,14.708448300925966,59.46073146592925,0.963354995067788,0.08495651858933195,62.47277305907024,16.785714285714285,0.6110491071428571,56.0,2.162765266666611
7,Analytical joint score,15.0,MP,14.318652150533724,449.6500361151843,1.5987435133220411,0.15288748752571496,64.0,7.433333333333334,0.97109375,60.0,2.0449666166674283
7,Amortized joint surrogate,15.0,MP,14.318652150533724,117.59968704754483,1.1299296087153985,0.11117852099060227,63.05262616015252,11.137931034482758,0.5463362068965517,58.0,2.273788900000303
7,Analytical joint score,15.0,NLOS,14.719906906213858,171.29086859252791,1.783664552017098,0.5583740968403553,64.0,13.05,0.9747395833333333,60.0,2.1193115000007388
7,Amortized joint surrogate,15.0,NLOS,14.719906906213858,107.34751922337921,1.8500649887299871,0.4704289546143304,63.641567184139724,11.76271186440678,0.5601165254237288,59.0,2.0572694666668667
7,Analytical joint score,5.0,LOS,4.951653890069374,396.8950165271187,1.6698164415942098,0.06666736219745616,60.16649975031592,26.782608695652176,0.975203804347826,46.0,1.532844466666461
7,Amortized joint surrogate,5.0,LOS,4.951653890069374,379.8343408588346,1.2710566440155233,0.08454653322544033,60.381052879221016,31.361702127659573,0.7696143617021277,47.0,1.6529211166670166
7,Analytical joint score,5.0,MP,4.2166906238341095,70.20544444672639,1.4609558111159475,0.10857226154626558,57.995432411460094,34.473684210526315,0.9708059210526315,38.0,1.3773883666668023
7,Amortized joint surrogate,5.0,MP,4.2166906238341095,61.95029099256643,0.8446117993700172,0.1782436062235268,57.011567311288104,33.13157894736842,0.7446546052631579,38.0,1.4434789833330797
7,Analytical joint score,5.0,NLOS,5.410648351680041,355.93618843324066,1.9830427271617923,0.4869172358237431,57.40100242066518,32.85,0.97421875,40.0,1.3896584833332781
7,Amortized joint surrogate,5.0,NLOS,5.410648351680041,354.9284059848587,1.4076622044523677,0.48363745004434633,59.26014618442881,31.2,0.7479166666666667,45.0,1.5921555500000295
7,Analytical joint score,-5.0,LOS,-5.285975450513063,98.3728045972429,1.2523692456858737,0.05304417848201167,56.45351066832302,41.25,0.9752604166666666,24.0,0.9186283499995321
7,Amortized joint surrogate,-5.0,LOS,-5.285975450513063,130.0555281112619,1.3430856279958743,0.10228889056858165,56.65825960274275,40.16,0.7975,25.0,1.0342806500005963
7,Analytical joint score,-5.0,MP,-4.963454898769549,76.60329645624851,0.9913381406090549,0.08389600858150714,58.13079581423562,39.13793103448276,0.9730603448275862,29.0,1.0854165000002542
7,Amortized joint surrogate,-5.0,MP,-4.963454898769549,100.8200161892828,1.3566393975076796,0.13235165578715619,56.260683191286425,39.46153846153846,0.7608173076923077,26.0,1.1658090833331396
7,Analytical joint score,-5.0,NLOS,-4.033953702823707,280.0975761597217,1.777894722251469,0.4228523693405272,54.417865946678155,39.36842105263158,0.9769736842105263,19.0,0.8179217833334936
7,Amortized joint surrogate,-5.0,NLOS,-4.033953702823707,304.503364875033,1.7191560962494619,0.2983043382100952,55.49181018941761,41.90909090909091,0.7443181818181818,22.0,0.9466527333330532
8,Analytical joint score,15.0,LOS,15.089301271974303,186.8474412249768,1.1867101475926638,0.19943143071685135,64.0,17.833333333333332,0.9682291666666667,60.0,1.8243506499999285
8,Amortized joint surrogate,15.0,LOS,15.089301271974303,90.26799630609656,1.17645554781611,0.21505150259683137,62.27658578880155,15.321428571428571,0.6130022321428571,56.0,1.793723233332874
8,Analytical joint score,15.0,MP,16.03135286783576,9.857837723673269,0.8199730027978697,0.2901106506642281,61.291244725996535,23.574074074074073,0.9675925925925926,54.0,2.3135781500002395
8,Amortized joint surrogate,15.0,MP,16.03135286783576,181.39813309858104,1.5194615273106375,0.27248731391513575,64.0,25.862068965517242,0.6670258620689655,58.0,2.1220948499992196
8,Analytical joint score,15.0,NLOS,15.876382102918381,322.9307420013246,1.8515847234443783,0.8782393061839384,63.10659255091384,10.327586206896552,0.9760237068965517,58.0,1.9559490000006008
8,Amortized joint surrogate,15.0,NLOS,15.876382102918381,239.54100382205903,2.114947896283092,0.7085526259739368,64.0,10.683333333333334,0.5270833333333333,60.0,1.9768868999998783
8,Analytical joint score,5.0,LOS,5.658755513631961,4.773481499908741,2.645043673320749,0.0850557055459498,58.915629256674,34.15555555555556,0.9760416666666667,45.0,1.7768957166661419
8,Amortized joint surrogate,5.0,LOS,5.658755513631961,28.74616749174915,1.1542246096472688,0.12067178989480128,59.921415180117094,31.632653061224488,0.7589285714285714,49.0,1.6937458999999915
8,Analytical joint score,5.0,MP,3.9396013645355037,275.82726004879885,1.3017867295593293,0.1863863424452949,59.13415096007184,32.02325581395349,0.9763808139534884,43.0,1.6346082499997767
8,Amortized joint surrogate,5.0,MP,3.9396013645355037,45.86579299451228,0.7597376646948417,0.22539999948518114,57.607263269358874,34.17948717948718,0.7051282051282052,39.0,1.4206093833337263
8,Analytical joint score,5.0,NLOS,5.844974292095737,111.37059682481986,1.6994575418464881,0.7662395291591506,59.14547152948274,32.8125,0.9733072916666666,48.0,1.6338229166668345
8,Amortized joint surrogate,5.0,NLOS,5.844974292095737,64.72092055280164,2.325709232666774,0.4689901389101748,56.64224020453508,34.86486486486486,0.7584459459459459,37.0,1.4535007833330837
8,Analytical joint score,-5.0,LOS,-5.171244143820465,77.87854441821808,1.0476852919181199,0.1250542843307871,54.23008228379069,40.28,0.981875,25.0,1.0007135833329055
8,Amortized joint surrogate,-5.0,LOS,-5.171244143820465,236.521900537809,1.512093166099374,0.1086829934836346,57.634656676523264,41.34375,0.78515625,32.0,1.2589861666668867
8,Analytical joint score,-5.0,MP,-5.082508455985293,181.44709117041612,1.349423331467285,0.2560328406768401,55.19985408565939,41.26086956521739,0.9769021739130435,23.0,0.9995456833327884
8,Amortized joint surrogate,-5.0,MP,-5.082508455985293,380.02231963402886,1.5392882439520754,0.1723000887817115,57.216944329700425,42.214285714285715,0.7455357142857143,28.0,1.2128268500002075
8,Analytical joint score,-5.0,NLOS,-4.718999890420761,12.388565743215247,1.2533583807157516,0.15473869935781387,54.97107428362528,37.5,0.9752604166666666,24.0,0.9838076166668467
8,Amortized joint surrogate,-5.0,NLOS,-4.718999890420761,16.46157250763256,1.7219828582992134,0.2597149695387424,55.36862466614494,41.96153846153846,0.7596153846153846,26.0,1.2611059833327924
9,Analytical joint score,15.0,LOS,15.120129761986247,890.4420354731543,1.8199021739337282,0.21861999356350315,64.0,10.35,0.9734375,60.0,1.9882872333331154
9,Amortized joint surrogate,15.0,LOS,15.120129761986247,42.39070103373691,0.7707268283538077,0.0818133321382627,62.27476298981102,21.053571428571427,0.6604352678571429,56.0,2.1932235833332925
9,Analytical joint score,15.0,MP,15.169201042655793,30.422145068525783,0.9414015250096818,0.19085395453751341,62.30068455259296,25.236363636363638,0.971875,55.0,1.8603958666669012
9,Amortized joint surrogate,15.0,MP,15.169201042655793,95.40759609212125,1.5702154407695372,0.4414731795333648,63.69652457218808,16.35593220338983,0.6038135593220338,59.0,1.9859137500001605
9,Analytical joint score,15.0,NLOS,14.53384461439764,123.98133079222104,1.2236705035819326,0.6070861467155436,63.102088255578906,19.603448275862068,0.9725215517241379,58.0,1.9381720666672209
9,Amortized joint surrogate,15.0,NLOS,14.53384461439764,158.56501082729093,1.4581938945184605,0.32604644695222484,62.481550955233075,18.25,0.6316964285714286,56.0,1.8932774500001415
9,Analytical joint score,5.0,LOS,5.4925254156592676,50.41746343512628,1.0414391859690137,0.059979151246144176,58.47758757195307,32.674418604651166,0.9800145348837209,43.0,1.491150550000005
9,Amortized joint surrogate,5.0,LOS,5.4925254156592676,427.00762373381394,1.4479694482946894,0.15145895978822776,59.3363783718778,31.522727272727273,0.7404119318181818,44.0,1.6180206833325883
9,Analytical joint score,5.0,MP,4.558849273843492,19.887424073605995,0.8235507373300016,0.19478357809971344,59.014973311270325,33.45238095238095,0.9787946428571429,42.0,1.6310360666665247
9,Amortized joint surrogate,5.0,MP,4.558849273843492,640.5149769942742,1.7811485513463308,0.13866767752236053,60.78948206616863,30.152173913043477,0.7391304347826086,46.0,1.7072488833340078
9,Analytical joint score,5.0,NLOS,5.33081157755134,81.86048783878867,0.9720098559486336,0.3069286176890605,57.148827042269865,35.36585365853659,0.9752286585365854,41.0,1.4155806166665268
9,Amortized joint surrogate,5.0,NLOS,5.33081157755134,206.8525615433144,1.510895790536387,0.5674263338198933,61.962975402861986,30.962264150943398,0.7576650943396226,53.0,1.8069903500001299
9,Analytical joint score,-5.0,LOS,-4.56014167764748,92.49990143338134,0.9534117541380078,0.03788401738991087,52.44791783255429,40.473684210526315,0.9712171052631579,19.0,0.8120434333335425
9,Amortized joint surrogate,-5.0,LOS,-4.56014167764748,82.00801925578817,1.1753253716933976,0.05894590221785977,55.91505654275199,41.285714285714285,0.7886904761904762,21.0,0.8910524500000369
9,Analytical joint score,-5.0,MP,-6.0040684145774925,50.1201525155822,0.6348217391778305,0.11779471829817519,55.20199660331851,42.6,0.973125,25.0,1.0337490333332273
9,Amortized joint surrogate,-5.0,MP,-6.0040684145774925,113.04235575526319,0.7421633952441716,0.12063888060630998,55.72202406598752,41.12,0.75625,25.0,1.022573550000061
9,Analytical joint score,-5.0,NLOS,-5.033254336154375,110.38973958434012,1.3991673673063145,0.2631565898844485,54.47038971250746,39.916666666666664,0.9739583333333334,24.0,0.9876278166672137
9,Amortized joint surrogate,-5.0,NLOS,-5.033254336154375,74.83301175497242,1.4626008434364537,0.25713793665441403,54.273276540314136,38.833333333333336,0.759765625,24.0,0.9946803999999551
10,Analytical joint score,15.0,LOS,14.73449484534062,254.37902497685232,1.7335274494588389,0.16339621853819963,63.43594938730413,12.157894736842104,0.9791666666666666,57.0,2.1250179166666308
10,Amortized joint surrogate,15.0,LOS,14.73449484534062,124.85543445365478,1.1855597209884603,0.11941276680597385,63.52250220247199,12.322033898305085,0.5717690677966102,59.0,2.194490266667041
10,Analytical joint score,15.0,MP,14.461674940570932,582.89617501154,1.6268198867227022,0.2815507554310224,63.502605299479775,8.982758620689655,0.9735991379310345,58.0,2.226263266666706
10,Amortized joint surrogate,15.0,MP,14.461674940570932,97.72499044501733,1.1016162673762666,0.23403956133691822,62.917106142111415,14.672413793103448,0.591864224137931,58.0,1.928381833333977
10,Analytical joint score,15.0,NLOS,15.789949002704809,290.4751940251425,1.6435075467425222,0.48582002007071784,64.0,11.0,0.9765625,60.0,1.8443823666662713
10,Amortized joint surrogate,15.0,NLOS,15.789949002704809,500.51710020350265,1.7034356155717287,0.6158535510514734,63.521067453933135,12.64406779661017,0.5696504237288136,59.0,2.0470594500001957
10,Analytical joint score,5.0,LOS,5.882164921667304,13.257720411466138,0.3860156906656169,0.05317703056455467,58.2338910881694,35.705882352941174,0.9779411764705882,34.0,1.1923627000006338
10,Amortized joint surrogate,5.0,LOS,5.882164921667304,4.708199180830913,0.4532984035570207,0.06912797397057027,57.19352758695445,36.0,0.7727678571428571,35.0,1.3734768500000882
10,Analytical joint score,5.0,MP,4.788531111107979,78.14189826361591,1.149216742175033,0.40463646091575706,59.92094455633103,34.604651162790695,0.9767441860465116,43.0,1.8804025500003263
10,Amortized joint surrogate,5.0,MP,4.788531111107979,96.88637979037769,1.4681063142002897,0.22042539030563793,59.03344047136088,33.048780487804876,0.7172256097560976,41.0,1.5806912333336716
10,Analytical joint score,5.0,NLOS,4.945115239106181,74.07193070707002,1.321900148276947,0.34958755464274066,59.58239189689123,30.790697674418606,0.9756540697674418,43.0,1.515561033333294
10,Amortized joint surrogate,5.0,NLOS,4.945115239106181,115.41987874182068,0.9294548853418858,0.1823111590945851,60.01456522886932,30.224489795918366,0.7554209183673469,49.0,1.7070463500004962
10,Analytical joint score,-5.0,LOS,-4.888665188059992,151.0359764544849,1.249798029457896,0.07485695166740627,54.72596972951885,40.69230769230769,0.9753605769230769,26.0,1.3988512000006874
10,Amortized joint surrogate,-5.0,LOS,-4.888665188059992,282.87243833155435,1.179144764848574,0.08318815865694004,55.6392267538097,39.46153846153846,0.8004807692307693,26.0,1.2302274666666335
10,Analytical joint score,-5.0,MP,-3.9966567368304498,96.53854627492653,2.0147643511669227,0.12395989938961283,55.20133491051382,38.166666666666664,0.9661458333333334,24.0,0.9944912999998223
10,Amortized joint surrogate,-5.0,MP,-3.9966567368304498,21.915024364799947,0.696220242576487,0.16002604307233287,53.18487745438747,39.72727272727273,0.75,22.0,1.0376844333327047
10,Analytical joint score,-5.0,NLOS,-4.106227898542337,230.49571234088626,1.997006256679194,0.41095754230931203,55.100682771831714,40.52173913043478,0.9646739130434783,23.0,1.1830073833342187
10,Amortized joint surrogate,-5.0,NLOS,-4.106227898542337,77.44208020713798,1.2046902044207741,0.3456535202088544,55.36804863461776,41.208333333333336,0.7493489583333334,24.0,1.0687247500006454
11,Analytical joint score,15.0,LOS,14.786882392860417,170.24832849062335,1.4222097049765237,0.17052966967215463,63.64251799716508,10.067796610169491,0.972457627118644,59.0,2.2805578166668283
11,Amortized joint surrogate,15.0,LOS,14.786882392860417,179.15749060079543,1.579056024229319,0.13051515316444715,63.493078297342805,18.915254237288135,0.631885593220339,59.0,2.093436866666328
11,Analytical joint score,15.0,MP,15.11676536240911,6.178971016869728,0.609250525621436,0.254807961694945,60.22881333755083,27.625,0.9641927083333334,48.0,1.6079740166664653
11,Amortized joint surrogate,15.0,MP,15.11676536240911,124.81793215609429,1.3980290431959908,0.4028072079567278,61.84505409695333,21.814814814814813,0.6197916666666666,54.0,1.967329033333461
11,Analytical joint score,15.0,NLOS,15.390118262304675,296.8942730016111,2.017199644369239,0.40355384989511056,63.11519861265608,5.945454545454545,0.9744318181818182,55.0,2.610614533333925
11,Amortized joint surrogate,15.0,NLOS,15.390118262304675,853.4290972013337,1.8452274792024148,0.6643893930872073,64.0,9.616666666666667,0.50234375,60.0,2.782001799999989
11,Analytical joint score,5.0,LOS,5.444773542067169,113.4585704970325,1.425341632708422,0.0442954761859003,58.77720698797623,35.906976744186046,0.9778343023255814,43.0,2.69677801666622
11,Amortized joint surrogate,5.0,LOS,5.444773542067169,117.17160819897693,1.3064855678080693,0.11408556181543082,58.49192160701904,35.785714285714285,0.7697172619047619,42.0,2.8194936833330075
11,Analytical joint score,5.0,MP,4.749416133781276,123.46669837112779,1.033870018552703,0.3032330516949601,55.95568275217926,35.6,0.9665178571428571,35.0,1.8085933499994173
11,Amortized joint surrogate,5.0,MP,4.749416133781276,99.72868524977805,1.080101227577784,0.15041868266053166,57.283947502659906,34.52777777777778,0.7599826388888888,36.0,2.4711601333327358
11,Analytical joint score,5.0,NLOS,5.554932437146056,538.7647341292101,1.7625527169889716,0.41755539658969265,60.02553388431486,28.48,0.9709375,50.0,1.6831340333339995
11,Amortized joint surrogate,5.0,NLOS,5.554932437146056,81.50215093097368,1.3539707198538362,0.28492220529306794,58.221328834131306,29.09090909090909,0.7325994318181818,44.0,1.9916919166670748
11,Analytical joint score,-5.0,LOS,-4.254036753883962,284.9903794906401,1.540706492548308,0.05094386347061658,55.98208135567547,42.5,0.9694602272727273,22.0,0.9444466999999198
11,Amortized joint surrogate,-5.0,LOS,-4.254036753883962,437.33166202243365,1.2442719106853337,0.04553981724755202,56.770105866601945,42.91304347826087,0.7839673913043478,23.0,1.0166979166674157
11,Analytical joint score,-5.0,MP,-5.053938932214452,125.19795394225874,1.276111567514346,0.10628095498707256,57.13768546700046,43.0,0.96875,25.0,1.3880076500006073
11,Amortized joint surrogate,-5.0,MP,-5.053938932214452,137.80456377068552,1.6729223295218711,0.10911621324364752,56.236005089067184,43.68,0.754375,25.0,1.3125405333331248
11,Analytical joint score,-5.0,NLOS,-3.8556025460770735,134.6270400866987,1.7345065107159114,0.5377874622786896,54.78695587357071,39.125,0.9733072916666666,24.0,1.8351774333325466
11,Amortized joint surrogate,-5.0,NLOS,-3.8556025460770735,54.750039273693766,1.635695518259008,0.6227072150302999,55.82817805111031,41.36,0.75375,25.0,1.9989830333334642
12,Analytical joint score,15.0,LOS,14.990457750651839,190.59004943370294,1.369731751049418,0.09398923783071446,62.78184836481312,21.29824561403509,0.9654605263157895,57.0,2.4741132500006793
12,Amortized joint surrogate,15.0,LOS,14.990457750651839,135.52485510737776,1.5508465885724987,0.08834717927719167,63.449130060544455,17.56896551724138,0.5942887931034483,58.0,2.3812914999998234
12,Analytical joint score,15.0,MP,15.013532966478333,283.07564262681717,1.6427289868017076,0.3591275628347492,63.53330953593835,11.847457627118644,0.9716631355932204,59.0,3.4533156333338866
12,Amortized joint surrogate,15.0,MP,15.013532966478333,153.2463679964737,1.109964841236786,0.3353073883996827,62.219066495349374,18.410714285714285,0.6090959821428571,56.0,2.5504317833338064
12,Analytical joint score,15.0,NLOS,14.602307383007215,532.4828394660402,2.1393803393625435,0.4754523652555053,63.50220256113664,11.931034482758621,0.974676724137931,58.0,2.401747700000101
12,Amortized joint surrogate,15.0,NLOS,14.602307383007215,281.4141398769522,1.6391636852171994,0.3924758909140545,64.0,12.766666666666667,0.571875,60.0,2.670018500000045
12,Analytical joint score,5.0,LOS,6.270439750030236,637.9186348135875,1.7231063464778655,0.08026959793687496,57.39416228155506,32.810810810810814,0.9788851351351351,37.0,1.3354228999996092
12,Amortized joint surrogate,5.0,LOS,6.270439750030236,86.58915725379131,0.9626132649523322,0.08503272089909909,58.1262895937042,34.945945945945944,0.796875,37.0,2.0780372833333636
12,Analytical joint score,5.0,MP,5.053080110836225,214.6959657948909,1.5509073721660307,0.17096813337528466,60.2804127607894,32.04545454545455,0.9730113636363636,44.0,1.7954217499995668
12,Amortized joint surrogate,5.0,MP,5.053080110836225,248.7056051490582,1.6691067507253237,0.1562194851815868,58.283092913673606,32.166666666666664,0.7191220238095238,42.0,3.221766499999982
12,Analytical joint score,5.0,NLOS,5.20131314664627,153.204812500952,1.8020578640925655,0.2969938076135915,59.90323971473715,32.958333333333336,0.9752604166666666,48.0,2.0423758000002104
12,Amortized joint surrogate,5.0,NLOS,5.20131314664627,83.83501717852646,1.781823731115666,0.7137916533495318,58.75712741849768,33.46511627906977,0.7569040697674418,43.0,1.7302095000000388
12,Analytical joint score,-5.0,LOS,-4.993806500367598,123.28942298825136,1.0537095380989407,0.03390550673162807,55.89894461019603,39.5,0.9705528846153846,26.0,1.3628460500001438
12,Amortized joint surrogate,-5.0,LOS,-4.993806500367598,141.2312404029025,1.6058475858487506,0.03716117293996598,54.686599200623135,39.2962962962963,0.7980324074074074,27.0,1.2556210499999072
12,Analytical joint score,-5.0,MP,-5.159890129082654,375.68139350793837,1.5586436918403468,0.16713581226001614,54.66956416432254,40.1,0.97109375,20.0,1.7708512833337409
12,Amortized joint surrogate,-5.0,MP,-5.159890129082654,124.91379465527848,1.3984951115108675,0.11330344578523083,55.595483755786255,41.89473684210526,0.7310855263157895,19.0,1.2141641500003668
12,Analytical joint score,-5.0,NLOS,-4.918432383896534,105.33259187765486,1.3466433589759137,0.3551014269490398,53.750110165017226,38.25,0.9830729166666666,24.0,5.546064483332695
12,Amortized joint surrogate,-5.0,NLOS,-4.918432383896534,184.43098518250656,1.3298805809497438,0.3074677861092094,54.71678246587186,39.88,0.76125,25.0,1.3289611666664314
13,Analytical joint score,15.0,LOS,15.046017495331581,371.32573325463136,1.5710642559096464,0.24204300035395546,63.829528486646474,12.067796610169491,0.9772245762711864,59.0,1.9835831333333924
13,Amortized joint surrogate,15.0,LOS,15.046017495331581,134.59024317403268,1.1572696444411212,0.3336370169385376,63.40692304396742,14.771929824561404,0.5929276315789473,57.0,1.9655768666666518
13,Analytical joint score,15.0,MP,15.307936421339413,503.97462921125003,1.557674761973203,0.24847107133744373,63.47527321796692,16.413793103448278,0.9709051724137931,58.0,1.9421199000002314
13,Amortized joint surrogate,15.0,MP,15.307936421339413,567.2619718180073,1.4764881681942257,0.29414907085395436,63.328837656897655,12.60344827586207,0.5581896551724138,58.0,2.006046300000245
13,Analytical joint score,15.0,NLOS,14.625186869864793,277.52514397324853,1.5274651202777347,0.5179921020602088,63.47658503705927,14.627118644067796,0.9759004237288136,59.0,1.8759454999999055
13,Amortized joint surrogate,15.0,NLOS,14.625186869864793,142.4247206775618,1.510625706254621,0.4573423838425547,63.13731629777774,10.172413793103448,0.5169719827586207,58.0,2.036934749999849
13,Analytical joint score,5.0,LOS,4.149927213957973,66.68586600593636,1.4020937718054165,0.09819985346276726,57.88615395605714,32.25,0.97109375,40.0,1.3832505166665972
13,Amortized joint surrogate,5.0,LOS,4.149927213957973,5.3812844555466155,0.3829124316610101,0.08340317824047146,56.335219648987696,33.371428571428574,0.7892857142857143,35.0,1.3736557833340157
13,Analytical joint score,5.0,MP,4.651175904680719,33.317272432617386,0.5366974721966287,0.1864630824449346,60.00124334627242,33.333333333333336,0.9767361111111111,45.0,1.503611783332796
13,Amortized joint surrogate,5.0,MP,4.651175904680719,224.39857497800605,1.4582848798943617,0.11444704194407843,58.18168911046181,32.04651162790697,0.7271075581395349,43.0,1.5833129833329924
13,Analytical joint score,5.0,NLOS,4.777905158767085,57.99004619129405,0.9882217807579786,0.5281699050380397,56.705201988286056,30.256410256410255,0.9763621794871795,39.0,1.4322770833340808
13,Amortized joint surrogate,5.0,NLOS,4.777905158767085,88.18478991078787,1.5371437198301294,0.8796065882789735,58.69360215980674,31.045454545454547,0.7546164772727273,44.0,1.6115560333332724
13,Analytical joint score,-5.0,LOS,-5.141387878714429,29.66055091316237,1.1023648834704927,0.09921598052088589,53.85813879859463,40.904761904761905,0.9791666666666666,21.0,0.8549551333336088
13,Amortized joint surrogate,-5.0,LOS,-5.141387878714429,208.2008794896583,1.6444576018965247,0.0781589844248429,54.65539106327441,38.76190476190476,0.7566964285714286,21.0,0.8849363333335228
13,Analytical joint score,-5.0,MP,-4.752085920093493,156.67410522599255,1.2824735037657131,0.12414541922237124,55.54004582705537,39.666666666666664,0.9821428571428571,21.0,0.8767718500005609
13,Amortized joint surrogate,-5.0,MP,-4.752085920093493,171.95616173271,0.9625372943088703,0.13306060976229145,56.09110008122358,40.03703703703704,0.7407407407407407,27.0,1.1032835499994083
13,Analytical joint score,-5.0,NLOS,-4.606671900430406,112.48985577905557,1.6596906080880518,0.5536631882276901,53.08115546191863,39.095238095238095,0.9799107142857143,21.0,0.8901740333328689
13,Amortized joint surrogate,-5.0,NLOS,-4.606671900430406,136.74096981320233,1.8673379922675746,0.44421405696395827,53.39731235058451,37.857142857142854,0.7760416666666666,21.0,0.9065371333330555
14,Analytical joint score,15.0,LOS,15.210822921692355,29.07529873072834,1.0944416301552373,0.21814127731932537,63.1103518205232,22.637931034482758,0.9722521551724138,58.0,1.8367545833333072
14,Amortized joint surrogate,15.0,LOS,15.210822921692355,101.9164432880255,0.9678557803786444,0.2780777643432522,61.70549953861801,18.381818181818183,0.6136363636363636,55.0,1.826540316666107
14,Analytical joint score,15.0,MP,15.490309828582083,381.6203431416104,1.6120627373002718,0.30096812541408635,64.0,10.661016949152541,0.9679555084745762,59.0,1.8714101000000483
14,Amortized joint surrogate,15.0,MP,15.490309828582083,123.08169043254604,1.213223708417836,0.2622527309737468,62.938690435399565,17.56896551724138,0.6050646551724138,58.0,1.92947361666711
14,Analytical joint score,15.0,NLOS,14.257880883802752,77.04981687172916,1.074597222486406,0.31806975402550086,62.921521401597886,22.5,0.97265625,56.0,1.764010116666744
14,Amortized joint surrogate,15.0,NLOS,14.257880883802752,821.9155197518431,1.7459915872709677,0.31407271718111646,63.58287224830954,11.372881355932204,0.5309851694915254,59.0,1.9085447833333546
14,Analytical joint score,5.0,LOS,5.614190881006936,17.656553786143167,0.8065216144197787,0.12433662557890457,57.069005728479944,35.38461538461539,0.9799679487179487,39.0,1.2721047333333975
14,Amortized joint surrogate,5.0,LOS,5.614190881006936,14.723057186703977,0.6613582548212211,0.06405128540971601,57.05935877300171,34.09756097560975,0.8128810975609756,41.0,1.3694950833335422
14,Analytical joint score,5.0,MP,5.970528988594406,43.036550370522825,0.7838954143005419,0.18677524494178557,57.261016080638946,34.02439024390244,0.9729420731707317,41.0,1.3703248333333324
14,Amortized joint surrogate,5.0,MP,5.970528988594406,67.01763345223814,1.0649306573526327,0.29903551904567444,56.95788969594469,30.81578947368421,0.735608552631579,38.0,1.3938625833333163
14,Analytical joint score,5.0,NLOS,3.9083121202475732,142.51073370478665,1.511576934758317,0.33257317618192456,58.461424385733984,31.977272727272727,0.9744318181818182,44.0,1.5032499000000143
14,Amortized joint surrogate,5.0,NLOS,3.9083121202475732,202.63156163756707,1.4427742256857639,0.2014033100069155,60.34845751678771,33.666666666666664,0.7184244791666666,48.0,1.6149158999998765
14,Analytical joint score,-5.0,LOS,-5.117476442622816,221.78505387949428,1.5965168361304287,0.10580229439460886,55.5985119787016,41.708333333333336,0.9713541666666666,24.0,0.9526559166668372
14,Amortized joint surrogate,-5.0,LOS,-5.117476442622816,207.0557613746847,1.5694610484060645,0.08793571412270727,55.05528911002377,42.0,0.8023097826086957,23.0,0.913457683333263
14,Analytical joint score,-5.0,MP,-4.844945070020876,196.8038946870042,0.9400374365050443,0.12743671514263608,52.70429991062372,42.2,0.97109375,20.0,0.8558998333332587
14,Amortized joint surrogate,-5.0,MP,-4.844945070020876,64.79034184965259,1.2949830932418012,0.18094828790672257,54.12429028991543,40.81818181818182,0.7642045454545454,22.0,0.949505433333305
14,Analytical joint score,-5.0,NLOS,-4.734763109346093,102.34196749035,1.4674457018035325,0.23984770202085334,55.77360758939144,40.52173913043478,0.9755434782608695,23.0,0.9303870166670928
14,Amortized joint surrogate,-5.0,NLOS,-4.734763109346093,163.89746383664078,1.4576073328375088,0.2568732004282028,55.580082184596186,40.32,0.7575,25.0,1.042390616667414
15,Analytical joint score,15.0,LOS,14.912174423805249,125.41247732112997,1.5134640858897106,0.20241385385736682,61.8620140689164,22.62962962962963,0.9670138888888888,54.0,1.6277530333335715
15,Amortized joint surrogate,15.0,LOS,14.912174423805249,14.542221303068521,0.5372543706598567,0.07386689129712833,61.59903306864902,25.11111111111111,0.6912615740740741,54.0,1.777560966666177
15,Analytical joint score,15.0,MP,15.150204782036884,210.66850821801995,1.486618853415298,0.2733581829205039,63.71234633936658,9.824561403508772,0.9728618421052632,57.0,1.7936148666668335
15,Amortized joint surrogate,15.0,MP,15.150204782036884,848.2311106934203,1.6694105883453847,0.26674072950328703,63.247566303416875,9.137931034482758,0.4838362068965517,58.0,1.9877107000003964
15,Analytical joint score,15.0,NLOS,14.915560062736686,316.87275194387047,1.7596345419998778,0.5780618755018354,64.0,11.316666666666666,0.9768229166666667,60.0,1.9239133166668883
15,Amortized joint surrogate,15.0,NLOS,14.915560062736686,877.1340305415233,1.9426037743014362,0.5051885291680915,63.70772667934286,9.05084745762712,0.5317796610169492,59.0,1.9083234500006558
15,Analytical joint score,5.0,LOS,4.751549713429462,39.365871941034094,0.583931540499378,0.15281652841217971,56.07980482313962,34.97142857142857,0.9767857142857143,35.0,1.1987191833327415
15,Amortized joint surrogate,5.0,LOS,4.751549713429462,34.682555982904134,0.5934128658893205,0.13040278602989494,54.78447910542474,34.1875,0.7919921875,32.0,1.1575810833335254
15,Analytical joint score,5.0,MP,5.159834207237857,54.17836273273854,0.8908656749046803,0.12104930732391775,58.553144211591565,33.25,0.973046875,40.0,1.3687767000002775
15,Amortized joint surrogate,5.0,MP,5.159834207237857,345.45344981488734,1.0394401501449237,0.16248686397491374,58.92535618561825,31.88372093023256,0.7220203488372093,43.0,1.5569708166661183
15,Analytical joint score,5.0,NLOS,4.236542065354015,141.0437518889923,1.5769533527626718,0.5505678415328407,60.257296912336585,26.340425531914892,0.9757313829787234,47.0,1.6296495833339957
15,Amortized joint surrogate,5.0,NLOS,4.236542065354015,156.49037226867583,1.3267375585026664,0.49216031776353913,59.47359026502261,29.68888888888889,0.7232638888888889,45.0,1.621551400000006
15,Analytical joint score,-5.0,LOS,-4.93464587118915,37.17454576465253,0.8377859172801727,0.0959514909587604,54.88320070580375,40.333333333333336,0.9670138888888888,18.0,0.8372627166674343
15,Amortized joint surrogate,-5.0,LOS,-4.93464587118915,88.81614811708387,1.0969036548196753,0.07587417175522085,56.421667501444574,41.59090909090909,0.7911931818181818,22.0,0.9111048666663161
15,Analytical joint score,-5.0,MP,-4.8437921553655805,32.842216437076324,1.349036726978584,0.10430573897594576,55.95686200382405,40.95652173913044,0.9775815217391305,23.0,0.9642418666667633
15,Amortized joint surrogate,-5.0,MP,-4.8437921553655805,69.84927384107486,1.4233048601132758,0.14072872348065277,55.50700863109157,40.458333333333336,0.7486979166666666,24.0,1.0340376166671679
15,Analytical joint score,-5.0,NLOS,-5.1841467702181365,307.93912232650496,1.5437690320814654,0.26776548680004053,60.17595323213604,41.666666666666664,0.9682291666666667,30.0,1.1992865166670679
15,Amortized joint surrogate,-5.0,NLOS,-5.1841467702181365,223.65909533369975,1.5234468152367249,0.33043831402572027,57.09037018033274,39.5,0.7678571428571429,28.0,1.1576758999998067
16,Analytical joint score,15.0,LOS,15.100340854576778,76.164721499277,1.0683601748978246,0.08901929240286238,62.79194381154131,18.418181818181818,0.9707386363636363,55.0,1.6530887999995987
16,Amortized joint surrogate,15.0,LOS,15.100340854576778,42.15496443308569,1.0571143830163459,0.10165517012626957,62.53660750410007,16.210526315789473,0.6255482456140351,57.0,1.8336012499995984
16,Analytical joint score,15.0,MP,14.577777162632453,66.60873545982055,0.9803633256075278,0.339362109689019,63.44008355700735,14.813559322033898,0.9729872881355932,59.0,1.8244570833331863
16,Amortized joint surrogate,15.0,MP,14.577777162632453,391.99506469631507,1.531168026042526,0.35991297268178135,63.28776995787899,9.689655172413794,0.49299568965517243,58.0,1.9471339500000795
16,Analytical joint score,15.0,NLOS,15.14387699011392,84.75520306610879,1.0351031303008167,0.24916892383612427,62.46762607572629,15.421052631578947,0.9747807017543859,57.0,1.7551176666662134
16,Amortized joint surrogate,15.0,NLOS,15.14387699011392,166.08193127515145,1.9098204821569114,0.45532057605147086,63.1842085018333,15.431034482758621,0.5851293103448276,58.0,1.9128674999999855
16,Analytical joint score,5.0,LOS,5.308757468820168,117.26382644587856,1.3011913692113652,0.09979886760857004,60.09961778071448,34.11363636363637,0.9765625,44.0,1.4255577333329938
16,Amortized joint surrogate,5.0,LOS,5.308757468820168,132.34721733527246,1.2381758395615112,0.160037607829123,56.67919724486876,34.63157894736842,0.772203947368421,38.0,1.3024397166664887
16,Analytical joint score,5.0,MP,4.170004421858242,98.8427305346723,1.3366260399614986,0.21922761305938285,57.80358032868486,32.35,0.971875,40.0,1.3474492000000282
16,Amortized joint surrogate,5.0,MP,4.170004421858242,74.79348585519533,1.1792511797751333,0.18002362978236633,58.074857090795604,31.4,0.723828125,40.0,1.4679905666667992
16,Analytical joint score,5.0,NLOS,6.093889441347326,55.95555054656527,0.8778165843063138,0.19663783172451518,57.86447684685788,32.47727272727273,0.97265625,44.0,1.428290266666939
16,Amortized joint surrogate,5.0,NLOS,6.093889441347326,78.59822852740616,1.2264060320502725,0.38313462036168333,60.19592828522965,34.6,0.74375,45.0,1.5910171166666487
16,Analytical joint score,-5.0,LOS,-4.825695716454009,204.04146000098763,1.3182711935187175,0.09455280015198293,54.16483020333277,42.19047619047619,0.9709821428571429,21.0,0.8462897333326206
16,Amortized joint surrogate,-5.0,LOS,-4.825695716454009,411.59045084121243,1.4854014609893416,0.07401109731915925,54.56416332737129,41.23529411764706,0.7941176470588235,17.0,0.7634331000000808
16,Analytical joint score,-5.0,MP,-4.916160755893049,363.961442123645,1.4945222852694209,0.22685074172840783,55.81203951380453,43.041666666666664,0.9694010416666666,24.0,0.9646900333336816
16,Amortized joint surrogate,-5.0,MP,-4.916160755893049,349.5865971845383,1.3435025548256916,0.20500374120538822,57.253923362691296,42.72,0.7575,25.0,1.022127533333143
16,Analytical joint score,-5.0,NLOS,-4.129243512129611,113.31940461772224,1.5884612193726662,0.3314865746367327,54.47921962144245,41.22222222222222,0.9678819444444444,18.0,0.787163983333509
16,Amortized joint surrogate,-5.0,NLOS,-4.129243512129611,145.39255371874668,1.587106530559574,0.2794858457070492,55.169104952879785,42.05263157894737,0.78125,19.0,0.8485689500001096
17,Analytical joint score,15.0,LOS,15.688947279666491,1148.0933338372931,1.754075567220802,0.07603313991752536,64.0,9.9,0.9776041666666667,60.0,1.8372315833336945
17,Amortized joint surrogate,15.0,LOS,15.688947279666491,198.63850139846807,1.1439919198902555,0.11667706732463815,62.97065894397988,16.596491228070175,0.5893640350877193,57.0,1.7688546833331504
17,Analytical joint score,15.0,MP,14.886974950392807,16.932168334970665,0.6545494928640443,0.24092356914131846,60.87498923420828,25.862745098039216,0.9730392156862745,51.0,1.656016049999683
17,Amortized joint surrogate,15.0,MP,14.886974950392807,9.429633227138838,0.5425500515635637,0.1597274694188512,60.440615935528704,28.387755102040817,0.6769770408163265,49.0,1.6243786500003428
17,Analytical joint score,15.0,NLOS,14.512169969545223,650.7396007441963,1.7628005121396184,0.6978029416028432,64.0,8.85,0.9830729166666666,60.0,1.8205840833331877
17,Amortized joint surrogate,15.0,NLOS,14.512169969545223,7.895804761131607,1.1298069226052736,0.24176905414639982,64.0,16.983333333333334,0.65390625,60.0,1.9689634000002343
17,Analytical joint score,5.0,LOS,5.47921388804399,410.56675944792505,1.5611227134641292,0.093723950148518,58.98852665424079,35.285714285714285,0.9702380952380952,42.0,1.3680029500003836
17,Amortized joint surrogate,5.0,LOS,5.47921388804399,355.13591589636604,1.1966881246140244,0.06903032759235363,57.56426754151687,33.83783783783784,0.793918918918919,37.0,1.2759251999995058
17,Analytical joint score,5.0,MP,5.34049529179698,206.0394225664223,0.9233816052209858,0.1923939561606488,59.315665633749894,32.18604651162791,0.9727470930232558,43.0,1.593238099999894
17,Amortized joint surrogate,5.0,MP,5.34049529179698,135.08125257267537,1.5785632949052038,0.1224561027978992,58.12987949640547,32.0,0.7101934523809523,42.0,1.7200953666673513
17,Analytical joint score,5.0,NLOS,4.453208103008785,551.5517493134358,1.6700997368206822,0.2671062627039028,59.18875480632992,32.369565217391305,0.9758831521739131,46.0,2.005660650000133
17,Amortized joint surrogate,5.0,NLOS,4.453208103008785,545.1272151513948,1.779423227925327,0.22115097967765585,60.322235376711994,28.959183673469386,0.7276785714285714,49.0,2.037890033332701
17,Analytical joint score,-5.0,LOS,-5.432816738865228,137.41811659160405,1.155112311486172,0.11662536569809989,56.520594546911404,39.53846153846154,0.9753605769230769,26.0,1.045610066666806
17,Amortized joint surrogate,-5.0,LOS,-5.432816738865228,243.30231798899092,1.5720577798225623,0.07687930667370324,55.07933156193899,38.03846153846154,0.7770432692307693,26.0,1.1764007166666108
17,Analytical joint score,-5.0,MP,-4.461546718444689,232.8247949298054,1.5770337867064856,0.1585983457487438,55.55925375073997,41.375,0.974609375,24.0,1.037296366666851
17,Amortized joint surrogate,-5.0,MP,-4.461546718444689,264.3420769034855,1.325651721616957,0.10444324851194249,56.183976499329184,42.03846153846154,0.7506009615384616,26.0,1.2838307166665193
17,Analytical joint score,-5.0,NLOS,-4.980733896238039,156.1107159526989,1.042947433022687,0.2228058398552894,55.74215468326802,40.65217391304348,0.9646739130434783,23.0,0.9443376499992459
17,Amortized joint surrogate,-5.0,NLOS,-4.980733896238039,181.78607004017894,1.3410655662201567,0.1798024947546062,54.689275004017496,41.40909090909091,0.7357954545454546,22.0,1.1620328333331524
18,Analytical joint score,15.0,LOS,14.837790301210564,240.80732940759208,1.355677565804797,0.27744944156209916,62.95268614770725,15.53448275862069,0.9735991379310345,58.0,2.4849850000000138
18,Amortized joint surrogate,15.0,LOS,14.837790301210564,362.70139575999656,2.0081973234358363,0.1519200875184892,63.39230818014547,11.706896551724139,0.5307112068965517,58.0,2.041816316667185
18,Analytical joint score,15.0,MP,14.943639124124346,368.06230954628427,1.5551605637607255,0.2865427220280901,63.58252173722843,12.051724137931034,0.9760237068965517,58.0,1.8530203166667054
18,Amortized joint surrogate,15.0,MP,14.943639124124346,543.204192439665,1.1604539264907214,0.4632226187467539,63.05572594463433,13.120689655172415,0.5829741379310345,58.0,1.999883216666376
18,Analytical joint score,15.0,NLOS,14.775060739847428,98.75561193943163,2.0092513417847475,0.6386188096863482,63.504729754629125,10.423728813559322,0.96875,59.0,1.961230383333638
18,Amortized joint surrogate,15.0,NLOS,14.775060739847428,825.7646085677856,1.7680938229419716,0.575172559563035,64.0,7.1,0.4947916666666667,60.0,2.0282597166669802
18,Analytical joint score,5.0,LOS,4.7097175400517335,33.043260499543216,1.4320986978926806,0.11945008638490513,57.74098992854999,36.12820512820513,0.9787660256410257,39.0,1.3012046999998954
18,Amortized joint surrogate,5.0,LOS,4.7097175400517335,11.748778527905593,0.7940783873541375,0.1597968730931724,55.608009982438965,36.28125,0.79052734375,32.0,1.2245985666661834
18,Analytical joint score,5.0,MP,4.597029319268398,326.49764195011386,1.4594952694367627,0.24802557132462372,60.117032494526406,30.04255319148936,0.965093085106383,47.0,1.6128663166673125
18,Amortized joint surrogate,5.0,MP,4.597029319268398,50.772155067176264,0.5439764925497487,0.16764395046710576,58.688608330612304,35.390243902439025,0.7259908536585366,41.0,1.5646755833330417
18,Analytical joint score,5.0,NLOS,5.0723830221182045,125.33358398979736,1.8268149283964648,0.8598987838242509,57.052138423507564,34.65,0.973046875,40.0,1.5087220166662973
18,Amortized joint surrogate,5.0,NLOS,5.0723830221182045,88.70852624724183,1.035782725546903,0.25228382175601094,56.45406864249927,35.294117647058826,0.7582720588235294,34.0,1.3811732166667905
18,Analytical joint score,-5.0,LOS,-5.733200727426226,220.85057876385713,1.1686210926146108,0.11388564494323138,55.384898072083196,41.592592592592595,0.9745370370370371,27.0,1.4587350166673712
18,Amortized joint surrogate,-5.0,LOS,-5.733200727426226,197.78710790792005,1.4010175289965545,0.14888676755692729,54.28947679202931,39.96296296296296,0.7847222222222222,27.0,1.097973900000208
18,Analytical joint score,-5.0,MP,-4.81372645868182,464.08397382972936,1.2946137116690801,0.1430946827815893,56.42187347581747,41.125,0.98046875,32.0,1.1767809333330586
18,Amortized joint surrogate,-5.0,MP,-4.81372645868182,368.581901022311,1.2455372139845178,0.21913382513430668,56.022638468878434,42.172413793103445,0.7489224137931034,29.0,1.1765945166663034
18,Analytical joint score,-5.0,NLOS,-5.48531311560589,111.00575849811092,1.2873501692137754,0.24768703879860351,56.7746441637805,39.851851851851855,0.9733796296296297,27.0,1.164813766666839
18,Amortized joint surrogate,-5.0,NLOS,-5.48531311560589,188.6425041753082,1.7486909003017803,0.23637056872160592,57.435839212673955,37.714285714285715,0.7526785714285714,35.0,1.4053785666665892
19,Analytical joint score,15.0,LOS,14.636866650053568,8.222500275205487,1.028002190404011,0.23760490949238444,60.92776861806425,25.92156862745098,0.9742647058823529,51.0,1.69805824999969
19,Amortized joint surrogate,15.0,LOS,14.636866650053568,19.789874591164317,2.0590512008807917,0.16164832818942712,62.21904828877114,23.25,0.6821986607142857,56.0,1.8653374166670271
19,Analytical joint score,15.0,MP,14.334157223090497,129.35254202968315,1.4501600571659006,0.4968953176286798,62.769852989394884,19.24561403508772,0.9747807017543859,57.0,1.8112538666665994
19,Amortized joint surrogate,15.0,MP,14.334157223090497,8.849854904078736,0.7313085339648738,0.13370505574049688,60.74980177408511,25.0,0.6845518867924528,53.0,2.1446423000005175
19,Analytical joint score,15.0,NLOS,15.062725556879276,1062.6960929143424,1.8386302242360668,0.5031230503559462,63.54508541252144,8.152542372881356,0.9748411016949152,59.0,1.9210345333334544
19,Amortized joint surrogate,15.0,NLOS,15.062725556879276,433.57664289097374,2.016852708286887,0.8162606917886344,63.35864056607778,14.120689655172415,0.5969827586206896,58.0,1.9692754333334506
19,Analytical joint score,5.0,LOS,4.590123448346127,130.19077961814637,1.2706064103318244,0.13418000666055277,58.11925731037946,33.853658536585364,0.9771341463414634,41.0,1.8483248666664547
19,Amortized joint surrogate,5.0,LOS,4.590123448346127,201.47487712712737,1.3144604590398796,0.15366135914528792,58.00198643569173,33.714285714285715,0.7775297619047619,42.0,1.5885256333338778
19,Analytical joint score,5.0,MP,5.87447215866886,229.95943553286543,1.44831731327519,0.29605478565255283,56.921017086973414,34.027027027027025,0.9708614864864865,37.0,1.3856418666667498
19,Amortized joint surrogate,5.0,MP,5.87447215866886,231.5538776844596,1.1333263432678706,0.26542512804323437,56.16758632657375,33.45945945945946,0.7419763513513513,37.0,1.7093199666665744
19,Analytical joint score,5.0,NLOS,5.478613719701518,162.44500851368406,1.2477708075832816,0.3178028181176714,58.769132221757154,34.648648648648646,0.9712837837837838,37.0,1.4632092666668466
19,Amortized joint surrogate,5.0,NLOS,5.478613719701518,238.70419279319412,1.9447077423532637,0.4318036423312642,57.70700776505884,33.41463414634146,0.7240853658536586,41.0,1.6402092000002237
19,Analytical joint score,-5.0,LOS,-5.246707580904166,327.1651567405395,1.6131932879474344,0.12175430901744552,55.193737031774496,37.80769230769231,0.9675480769230769,26.0,0.975347499999657
19,Amortized joint surrogate,-5.0,LOS,-5.246707580904166,83.6606669910875,0.8597070163008672,0.058742219786847676,55.79898941047286,40.291666666666664,0.80859375,24.0,0.9613479833329089
19,Analytical joint score,-5.0,MP,-5.173918672581119,323.8628490395512,1.461990556827379,0.19526529707334805,56.20773136177791,40.3448275862069,0.9730603448275862,29.0,1.1059261999993926
19,Amortized joint surrogate,-5.0,MP,-5.173918672581119,326.70781802787945,1.2765017846377933,0.35868406348204945,55.12667541243877,39.48148148148148,0.7754629629629629,27.0,1.1028730166666871
19,Analytical joint score,-5.0,NLOS,-5.190868876562816,131.0449856337992,1.4239355970299337,0.1935359340823275,56.24345831221041,39.03030303030303,0.9744318181818182,33.0,1.1893829833326208
19,Amortized joint surrogate,-5.0,NLOS,-5.190868876562816,91.84846137212178,1.5397604740441102,0.3830376548983179,55.922257719860134,40.0,0.78125,30.0,1.2144222833342155
20,Analytical joint score,15.0,LOS,15.156577601224424,287.99008968071547,1.9500810527524883,0.4248979944679141,64.0,10.2,0.9815104166666667,60.0,1.8363155499997674
20,Amortized joint surrogate,15.0,LOS,15.156577601224424,163.24744203379876,1.4723811716156612,0.17962580497505828,63.47743085415235,16.224137931034484,0.6007543103448276,58.0,1.7954193166663874
20,Analytical joint score,15.0,MP,14.490270148841812,3.2990088363609362,0.601109555985276,0.14786860169969823,62.45406998398527,22.666666666666668,0.9676535087719298,57.0,1.788812716666636
20,Amortized joint surrogate,15.0,MP,14.490270148841812,536.6853364188022,1.6631721511564277,0.5021031949735186,63.56947976268691,13.258620689655173,0.5272090517241379,58.0,1.8643836666664508
20,Analytical joint score,15.0,NLOS,14.66036591564287,404.3661601168465,1.7255564131002998,0.617837186477301,64.0,6.745762711864407,0.9809322033898306,59.0,1.7910613666667057
20,Amortized joint surrogate,15.0,NLOS,14.66036591564287,156.40172185518793,1.799097602076179,0.3999049495838897,64.0,7.2,0.4627604166666667,60.0,2.005692916667575
20,Analytical joint score,5.0,LOS,4.576554453741611,21.039096701928667,0.42004856277773683,0.07356327662016893,58.601634852411365,32.92857142857143,0.9813988095238095,42.0,1.3404514499995912
20,Amortized joint surrogate,5.0,LOS,4.576554453741611,176.07339769193163,1.4130563518260484,0.1115876372771471,59.70310494821183,31.27659574468085,0.769281914893617,47.0,1.5563306499994194
20,Analytical joint score,5.0,MP,4.837634222537309,262.66505072542424,1.5300194181321118,0.28810838232995506,58.119159762451,32.575,0.97265625,40.0,1.3802434000003434
20,Amortized joint surrogate,5.0,MP,4.837634222537309,49.143299161956804,0.6385697117742533,0.17749485869559145,58.48971891038286,34.674418604651166,0.7503633720930233,43.0,1.543337800000207
20,Analytical joint score,5.0,NLOS,4.841431555043323,255.64695568672946,1.518037120963019,0.286104511734972,59.897489498290895,31.613636363636363,0.9705255681818182,44.0,1.4297673833330766
20,Amortized joint surrogate,5.0,NLOS,4.841431555043323,99.85116290531414,2.1009205221619203,0.6473450536839518,59.9006527447175,27.020408163265305,0.7372448979591837,49.0,1.6651742499997606
20,Analytical joint score,-5.0,LOS,-5.2189892697962605,263.9122007608749,1.6493068515617018,0.044305685048565996,56.42183500073701,40.714285714285715,0.9771205357142857,28.0,1.0323778999994222
20,Amortized joint surrogate,-5.0,LOS,-5.2189892697962605,157.47021401456132,1.2184374222007441,0.058666011326542075,56.72922647273623,41.88,0.808125,25.0,0.9931302666672082
20,Analytical joint score,-5.0,MP,-4.556176691559644,416.00132423068203,1.5443993964281988,0.18212847424357065,55.27219735001692,42.31818181818182,0.9850852272727273,22.0,0.8995767500001269
20,Amortized joint surrogate,-5.0,MP,-4.556176691559644,431.50642582004093,1.599053123438082,0.13397495646718066,55.03458858637671,41.27272727272727,0.7400568181818182,22.0,1.1249880999997686
20,Analytical joint score,-5.0,NLOS,-4.852694718030321,105.36145865592903,1.9015969482083332,0.6149895595487328,54.86437651876218,40.18181818181818,0.9772727272727273,22.0,0.9828462499996249
20,Amortized joint surrogate,-5.0,NLOS,-4.852694718030321,88.629069891472,1.4686389540673577,0.2333035562036167,56.401537299170286,41.53846153846154,0.7554086538461539,26.0,1.2175615833333115
21,Analytical joint score,15.0,LOS,15.070636528849196,229.90589162944573,1.5805274927735293,0.15069758319673235,64.0,10.847457627118644,0.9766949152542372,59.0,1.7554638666666733
21,Amortized joint surrogate,15.0,LOS,15.070636528849196,136.92835925858228,1.0632689272433862,0.11037130939761221,61.933194795935925,16.181818181818183,0.6258522727272727,55.0,1.8145448833327766
21,Analytical joint score,15.0,MP,15.310926831301142,271.5037010269134,1.7210436011166361,0.8343037562453657,63.0473697575106,10.24561403508772,0.9764254385964912,57.0,1.8330156666669002
21,Amortized joint surrogate,15.0,MP,15.310926831301142,132.61501700654148,1.450427071582798,0.3184530911639549,64.0,12.2,0.5640625,60.0,2.0669882166667244
21,Analytical joint score,15.0,NLOS,15.17458495383666,74.19386938881901,0.9694970570816203,0.42863567743042325,60.62606305885296,22.846153846153847,0.9723557692307693,52.0,1.6514662000001106
21,Amortized joint surrogate,15.0,NLOS,15.17458495383666,334.42594502258424,1.6396861416734017,0.5245840349558346,63.49032526796367,15.220338983050848,0.613082627118644,59.0,1.9028858666672477
21,Analytical joint score,5.0,LOS,5.802222041565479,17.050196047223665,0.4527883988160993,0.12375995915982282,57.338880367635035,35.73529411764706,0.9719669117647058,34.0,1.1720286333324264
21,Amortized joint surrogate,5.0,LOS,5.802222041565479,81.55160621887268,1.00437347682551,0.09877991274279432,58.387352001916724,35.627906976744185,0.7565406976744186,43.0,1.4564241500001647
21,Analytical joint score,5.0,MP,4.536463102104732,412.1348533678379,1.7188329009255348,0.2757931492220205,60.87320565431477,32.24,0.9759375,50.0,1.6027193833328586
21,Amortized joint surrogate,5.0,MP,4.536463102104732,12.32107184618153,0.5520690931324392,0.21574380027172552,58.13578340556305,33.27777777777778,0.7378472222222222,36.0,1.5281397333334705
21,Analytical joint score,5.0,NLOS,5.112480726416439,163.02501576950772,1.0746619644056792,0.26093168634407055,59.758968797837746,32.13953488372093,0.9709302325581395,43.0,1.4134947500006472
21,Amortized joint surrogate,5.0,NLOS,5.112480726416439,277.4101770672745,1.6122596259450224,0.3095604872155005,60.78422485995327,31.06122448979592,0.7299107142857143,49.0,1.8353045500001979
21,Analytical joint score,-5.0,LOS,-5.018875577828945,201.18479531536786,1.3406078842504257,0.05912006829933905,54.85283602363304,40.81818181818182,0.9779829545454546,22.0,1.0132232499993659
21,Amortized joint surrogate,-5.0,LOS,-5.018875577828945,475.8825475624747,1.7678139875259018,0.056662836431581334,55.52277119818544,41.208333333333336,0.77734375,24.0,1.0458083833337166
21,Analytical joint score,-5.0,MP,-4.219003955958235,338.9034233303425,1.4290987966888964,0.14541997731099476,55.767188184044834,41.833333333333336,0.96875,24.0,1.1967696666668342
21,Amortized joint surrogate,-5.0,MP,-4.219003955958235,111.32261985429113,1.516302027098002,0.1477500025883079,55.63153566514171,42.04347826086956,0.7472826086956522,23.0,1.0828018499997445
21,Analytical joint score,-5.0,NLOS,-4.447365174117283,406.18878004563686,1.612735472993658,0.26935076065958524,53.93627084903776,43.94736842105263,0.96875,19.0,0.9207495166663193
21,Amortized joint surrogate,-5.0,NLOS,-4.447365174117283,359.6311366307553,1.5322856316664135,0.17311193971691358,54.616366243734205,40.45454545454545,0.7663352272727273,22.0,1.084928166667017
22,Analytical joint score,15.0,LOS,15.228157590832108,622.0436006044429,1.7672194330178252,0.19347935546503808,63.654331155866565,12.847457627118644,0.9772245762711864,59.0,2.0301044833331616
22,Amortized joint surrogate,15.0,LOS,15.228157590832108,229.78226831458267,1.5855167695413281,0.2126505577997401,63.579094082090485,11.220338983050848,0.5111228813559322,59.0,2.150314299999915
22,Analytical joint score,15.0,MP,15.451695490906822,67.09599799754814,0.9746466373379111,0.11909410870934249,62.049279733523406,25.192307692307693,0.9738581730769231,52.0,1.9008618833339597
22,Amortized joint surrogate,15.0,MP,15.451695490906822,26.46365202977565,1.0217150820975145,0.20071803734637828,61.08182059135163,27.098039215686274,0.6963848039215687,51.0,2.067042816666268
22,Analytical joint score,15.0,NLOS,15.986226371420928,477.09727450938703,1.5550850080816996,0.5349696651723893,63.49600443552387,16.17241379310345,0.9760237068965517,58.0,2.041813716667207
22,Amortized joint surrogate,15.0,NLOS,15.986226371420928,563.6311244483148,1.438040553228761,0.44461044958891627,64.0,18.6,0.6138020833333333,60.0,2.1854456833333793
22,Analytical joint score,5.0,LOS,4.725787665914925,38.89031172930199,0.7233308188337778,0.07893947341081488,58.53607463986197,33.595238095238095,0.9713541666666666,42.0,1.3956146833332166
22,Amortized joint surrogate,5.0,LOS,4.725787665914925,115.81318574042895,1.2127437987564105,0.09882445232840603,59.44025139922824,32.27272727272727,0.7631392045454546,44.0,1.5211033499999378
22,Analytical joint score,5.0,MP,4.057821776883217,137.53544774546287,1.2796536686120903,0.3077821078375412,59.71399161503522,30.75,0.9740767045454546,44.0,1.6371143333335187
22,Amortized joint surrogate,5.0,MP,4.057821776883217,95.70794663056665,1.1010226238081302,0.20295718516038158,60.43583329028208,31.19148936170213,0.6868351063829787,47.0,1.7106577833326735
22,Analytical joint score,5.0,NLOS,4.880509225387363,27.960607586532387,1.0268343830322335,0.38987667137914894,57.47238088183451,31.146341463414632,0.9752286585365854,41.0,1.4079755833336094
22,Amortized joint surrogate,5.0,NLOS,4.880509225387363,124.20395982608362,1.2497124994336206,0.38137625058111063,58.01557305760819,31.342105263157894,0.7446546052631579,38.0,1.3561959499999905
22,Analytical joint score,-5.0,LOS,-4.771612087329034,111.03220071285602,1.680207449322319,0.11825835136687496,55.919809672967496,40.17857142857143,0.9771205357142857,28.0,1.0218049333332146
22,Amortized joint surrogate,-5.0,LOS,-4.771612087329034,121.65560481130728,1.3027796967414893,0.0910918356046054,55.67522127273518,42.06896551724138,0.806573275862069,29.0,1.1102558833338587
22,Analytical joint score,-5.0,MP,-4.29073772331499,519.4229845144106,1.7115043712896507,0.18305859927211357,55.584577960204165,42.64,0.971875,25.0,0.9693651500005748
22,Amortized joint surrogate,-5.0,MP,-4.29073772331499,455.0036307432547,1.4713179042791436,0.14752466930567476,54.17947370150466,41.95238095238095,0.7544642857142857,21.0,0.9124439166669163
22,Analytical joint score,-5.0,NLOS,-5.248889091957791,315.902004191029,1.784627740691023,0.30541263186400425,55.00873140404915,39.629629629629626,0.9814814814814815,27.0,1.0375226333328176
22,Amortized joint surrogate,-5.0,NLOS,-5.248889091957791,288.9268560274664,1.8232765712198553,0.3070198350377808,55.551281076710175,39.03333333333333,0.7442708333333333,30.0,1.1286729333335188
23,Analytical joint score,15.0,LOS,15.384544311200326,309.7628344002284,1.5341704062742372,0.18027246288655274,63.39860557140713,16.036363636363635,0.9704545454545455,55.0,1.782663133333055
23,Amortized joint surrogate,15.0,LOS,15.384544311200326,883.0864806095127,1.6883104379102924,0.24920438142069334,63.44085016156668,12.559322033898304,0.5503177966101694,59.0,1.8880801666663654
23,Analytical joint score,15.0,MP,15.534856027793216,6.026658164049238,0.49606326763241737,0.14407441654733813,61.67666137067915,24.454545454545453,0.96875,55.0,1.743368616666885
23,Amortized joint surrogate,15.0,MP,15.534856027793216,111.14585491991097,1.3165969881665895,0.24078596115800008,64.0,12.05,0.5466145833333333,60.0,2.1015173833328995
23,Analytical joint score,15.0,NLOS,15.249548503802812,225.91809026904104,1.1867612679713766,0.35730473934301016,62.962801081610074,19.120689655172413,0.9744073275862069,58.0,1.86399358333252
23,Amortized joint surrogate,15.0,NLOS,15.249548503802812,415.34227845299137,1.7126976802793776,0.5903813247670809,62.9799004580187,14.051724137931034,0.6015625,58.0,1.9486709666665547
23,Analytical joint score,5.0,LOS,5.176211787680677,10.500998401188063,0.515577169455573,0.08315679046762284,57.5671963013846,33.32432432432432,0.9742398648648649,37.0,1.339858166666848
23,Amortized joint surrogate,5.0,LOS,5.176211787680677,90.65789255398617,0.9814650718212434,0.07621693772320975,59.46513562333808,34.18181818181818,0.7911931818181818,44.0,1.504451083332962
23,Analytical joint score,5.0,MP,5.128337276023467,658.4955676389596,1.6450185092631304,0.26156711204252187,57.98225151868647,32.77272727272727,0.9744318181818182,44.0,1.5433922666668802
23,Amortized joint surrogate,5.0,MP,5.128337276023467,279.59111333871357,1.6959103718948643,0.1934141439260689,60.16129372759199,30.88,0.7,50.0,1.8406542666667747
23,Analytical joint score,5.0,NLOS,4.830384199106187,413.5896509069407,1.5614534253297936,0.35232646916319527,60.186453408573755,30.65909090909091,0.9673295454545454,44.0,1.4330424500002437
23,Amortized joint surrogate,5.0,NLOS,4.830384199106187,89.6421482476275,0.7699759390678961,0.22056740657321816,55.4314800831991,35.774193548387096,0.7696572580645161,31.0,1.1923044166659718
23,Analytical joint score,-5.0,LOS,-5.427893479209763,214.0602278222152,1.3161500830184478,0.07492698286110235,54.313463323462095,42.65384615384615,0.9813701923076923,26.0,0.969247983333806
23,Amortized joint surrogate,-5.0,LOS,-5.427893479209763,123.99322961739547,1.2350925562435469,0.14516936539818642,55.377706077585096,42.148148148148145,0.8067129629629629,27.0,1.1566794499998423
23,Analytical joint score,-5.0,MP,-5.706440044544625,110.93730229926045,1.2525249168812262,0.09284348446660555,56.046224106529934,39.23076923076923,0.9735576923076923,26.0,1.0024745833334237
23,Amortized joint surrogate,-5.0,MP,-5.706440044544625,60.18536963417146,0.9504950849506769,0.11568820205293431,55.222780383735746,42.88,0.74,25.0,1.046180133333981
23,Analytical joint score,-5.0,NLOS,-5.887176023038236,272.4848661340834,1.5164124228807037,0.21253802225070037,55.41977875719261,41.38461538461539,0.9735576923076923,26.0,0.9784642833333616
23,Amortized joint surrogate,-5.0,NLOS,-5.887176023038236,400.7756389609943,1.726404934366883,0.26052054108595074,54.58548586868992,39.34615384615385,0.7680288461538461,26.0,1.0545316500004749
24,Analytical joint score,15.0,LOS,15.446076965717799,305.4120646497456,1.5600092717421221,0.16094935315994438,63.67896523046491,14.101694915254237,0.9729872881355932,59.0,1.8369785833328933
24,Amortized joint surrogate,15.0,LOS,15.446076965717799,107.35361994098606,0.9351782079665787,0.0806474046183407,62.20717331381334,21.745454545454546,0.6465909090909091,55.0,1.7326984000002692
24,Analytical joint score,15.0,MP,14.528261189573373,543.6996202480217,1.7212053054766125,0.31101280465173947,63.48317078925742,11.793103448275861,0.9787176724137931,58.0,1.8946709666664674
24,Amortized joint surrogate,15.0,MP,14.528261189573373,224.90370593322322,1.6999404776051596,0.20421081488957632,62.21659618320795,21.446428571428573,0.6333705357142857,56.0,2.0110429999997828
24,Analytical joint score,15.0,NLOS,15.326390040168416,192.32587187516188,1.6143801259943955,0.5026752089675864,64.0,11.655172413793103,0.9738685344827587,58.0,1.9066453166667923
24,Amortized joint surrogate,15.0,NLOS,15.326390040168416,157.59992458885156,1.6898939579259575,0.4278717559320516,64.0,12.966666666666667,0.5822916666666667,60.0,1.961480633333205
24,Analytical joint score,5.0,LOS,5.052802095930694,190.7273364395354,1.1926378855709727,0.13373566770366888,57.78269611130211,34.567567567567565,0.9776182432432432,37.0,1.2514781833336504
24,Amortized joint surrogate,5.0,LOS,5.052802095930694,287.07946437700826,0.6826725964459572,0.06919565673140288,57.36827038520885,31.714285714285715,0.7924107142857143,35.0,1.2625900833332555
24,Analytical joint score,5.0,MP,4.422803167532049,272.8814381931293,1.0694193359176978,0.3022345023990658,58.4173780161276,31.40909090909091,0.9698153409090909,44.0,1.490496350000588
24,Amortized joint surrogate,5.0,MP,4.422803167532049,91.72482258499224,1.1578544166639781,0.24346341816499148,57.67717254817597,30.743589743589745,0.7339743589743589,39.0,1.4046529166667672
24,Analytical joint score,5.0,NLOS,5.797289282527094,46.502913599394496,1.027570478962657,0.2133182591863029,57.93302958079332,34.30769230769231,0.9719551282051282,39.0,1.3399513500000164
24,Amortized joint surrogate,5.0,NLOS,5.797289282527094,230.58695139244628,1.2188587848331458,0.3180766577729966,59.409044522644685,33.43181818181818,0.7581676136363636,44.0,1.638489100000129
24,Analytical joint score,-5.0,LOS,-4.796094862194395,96.37007734541639,1.46943006133089,0.1787844553745381,56.63987822405833,41.464285714285715,0.9754464285714286,28.0,1.041477183333465
24,Amortized joint surrogate,-5.0,LOS,-4.796094862194395,109.53005025133733,1.8096196478217976,0.10868184464064909,56.00031823853053,40.888888888888886,0.7899305555555556,27.0,1.0535883999997016
24,Analytical joint score,-5.0,MP,-5.623753201213083,171.62110956009326,1.5178717890503066,0.15939528777609566,54.93444901107633,40.17391304347826,0.9748641304347826,23.0,0.9595433333326279
24,Amortized joint surrogate,-5.0,MP,-5.623753201213083,105.96135685806713,1.391525114239458,0.12571102614283008,55.33592776876378,41.0,0.7297453703703703,27.0,1.1352586833330254
24,Analytical joint score,-5.0,NLOS,-5.116866125861148,196.4213738583635,1.3296765577749137,0.188433949951324,56.39846089209959,41.0,0.9745370370370371,27.0,1.0684980999997151
24,Amortized joint surrogate,-5.0,NLOS,-5.116866125861148,159.16525985599367,1.4868438225874276,0.1828456886888727,55.63551763134677,42.32,0.77375,25.0,1.0285420833326953
25,Analytical joint score,15.0,LOS,14.933422198853005,724.1758539484669,1.3315103487319886,0.20008348971665732,64.0,15.683333333333334,0.9716145833333333,60.0,1.8550327500008734
25,Amortized joint surrogate,15.0,LOS,14.933422198853005,381.5088896868213,1.6583538811109506,0.2684805778496106,64.0,13.683333333333334,0.5276041666666667,60.0,1.873143666666503
25,Analytical joint score,15.0,MP,14.90942253742186,922.3576418581789,1.6292211918739483,0.4293085929059457,64.0,12.45,0.9677083333333333,60.0,1.8652021166673194
25,Amortized joint surrogate,15.0,MP,14.90942253742186,378.8039118266497,1.4656918642684427,0.48508363277156774,63.566932065426045,13.327586206896552,0.5546875,58.0,1.8808806000000307
25,Analytical joint score,15.0,NLOS,14.406272688013749,645.4170307974608,1.7941669991837859,0.7030208601143203,63.03309918191345,12.137931034482758,0.9765625,58.0,1.7969040666666085
25,Amortized joint surrogate,15.0,NLOS,14.406272688013749,247.62507105036784,1.7233504960381116,0.45853022005911237,62.90536214149159,11.31578947368421,0.5663377192982456,57.0,1.86398213333329
25,Analytical joint score,5.0,LOS,5.350606062784228,10.7515045981134,0.22632555733632295,0.12241058047221003,57.98568314780122,34.44736842105263,0.9745065789473685,38.0,1.3049434166665226
25,Amortized joint surrogate,5.0,LOS,5.350606062784228,89.92343534274771,1.119692029873878,0.07498138990357969,59.655027868429194,34.04545454545455,0.7787642045454546,44.0,1.6591102166662115
25,Analytical joint score,5.0,MP,7.02022433572235,13.54786363225997,1.300883248113196,0.23174551146876807,58.20018050828844,36.8780487804878,0.9752286585365854,41.0,1.3901024166661575
25,Amortized joint surrogate,5.0,MP,7.02022433572235,52.027387388413814,1.1217300733360605,0.19402192640376792,56.849072133456026,35.53846153846154,0.7544070512820513,39.0,1.4589759666667608
25,Analytical joint score,5.0,NLOS,5.920499943277995,93.58310633861191,1.2472978495638718,0.5539713773551773,56.78767784626535,36.275,0.971875,40.0,1.3299525833332382
25,Amortized joint surrogate,5.0,NLOS,5.920499943277995,189.1177603062847,1.5150132555926252,0.5663352455057453,57.90108937913592,35.64102564102564,0.7724358974358975,39.0,1.3730514000002358
25,Analytical joint score,-5.0,LOS,-5.47750297279565,60.500045595224016,1.566970060291011,0.1192740330008564,55.73091103234058,40.92307692307692,0.9735576923076923,26.0,0.9784389166668461
25,Amortized joint surrogate,-5.0,LOS,-5.47750297279565,254.67172780501292,1.6848798184135034,0.09661041696736561,55.40052291027582,41.61538461538461,0.8137019230769231,26.0,0.9982773833333644
25,Analytical joint score,-5.0,MP,-4.671368615391103,90.83161261794065,1.3961045440951925,0.10728207510590193,53.69017535685105,40.78260869565217,0.9802989130434783,23.0,0.9197153666671435
25,Amortized joint surrogate,-5.0,MP,-4.671368615391103,160.3406100468724,1.3917639613858273,0.08875930038703257,55.36503750876989,42.0,0.75,26.0,1.038265283332862
25,Analytical joint score,-5.0,NLOS,-4.511361311998046,22.50789891484661,1.223897906430954,0.23465876856834794,56.006437937528744,42.82608695652174,0.9735054347826086,23.0,0.9049604000002395
25,Amortized joint surrogate,-5.0,NLOS,-4.511361311998046,53.083992334933335,1.377758463835637,0.16132081214462346,55.03036809221657,42.125,0.765625,24.0,0.9958180833336883
26,Analytical joint score,15.0,LOS,16.0156825261604,301.9788867128034,1.6183198621626618,0.09408144888067388,63.56584428511465,12.017241379310345,0.9771012931034483,58.0,1.8101157500003258
26,Amortized joint surrogate,15.0,LOS,16.0156825261604,243.41352054117274,1.6353066615650524,0.45656207832724116,64.0,14.879310344827585,0.5929418103448276,58.0,1.8577703000005386
26,Analytical joint score,15.0,MP,14.427746294506946,476.246882137962,1.6950400980408453,0.2654511413891285,63.44812616208477,14.448275862068966,0.9741379310344828,58.0,1.8288827833335592
26,Amortized joint surrogate,15.0,MP,14.427746294506946,425.6110188187483,1.9825666593431859,0.401746462546002,64.0,14.383333333333333,0.5609375,60.0,2.029290799999709
26,Analytical joint score,15.0,NLOS,15.496016489104168,419.6499001313454,1.7376754526665492,0.7587877064324946,63.5513847788069,8.372881355932204,0.9782838983050848,59.0,1.8198853333331044
26,Amortized joint surrogate,15.0,NLOS,15.496016489104168,252.31451514340765,1.4242212860119474,0.5186412753461092,64.0,9.067796610169491,0.5307203389830508,59.0,1.913722433333002
26,Analytical joint score,5.0,LOS,5.629034910011059,21.731344797176945,0.30473648219779237,0.08016645843670778,54.812603602611624,36.58064516129032,0.9758064516129032,31.0,1.1375158499996967
26,Amortized joint surrogate,5.0,LOS,5.629034910011059,39.59216121797929,0.6086668188733205,0.09073131045576432,56.420630007173145,36.114285714285714,0.7946428571428571,35.0,1.2257668666668071
26,Analytical joint score,5.0,MP,4.7133927902252335,121.20711567958706,1.1814035398845224,0.12353086776173912,58.26272869051146,31.790697674418606,0.9767441860465116,43.0,1.4337515499998215
26,Amortized joint surrogate,5.0,MP,4.7133927902252335,98.06420828351476,1.6024629251833429,0.2032087605412101,58.05472164163049,30.555555555555557,0.7079861111111111,45.0,1.5591028500002342
26,Analytical joint score,5.0,NLOS,5.746617711543531,43.29056458409195,1.5781611294462317,0.69651862045361,56.24781521510172,32.26470588235294,0.9797794117647058,34.0,1.200366199999318
26,Amortized joint surrogate,5.0,NLOS,5.746617711543531,90.66764665202284,1.6241806273975443,0.4613537513586538,58.05558597553004,32.476190476190474,0.7280505952380952,42.0,1.477253150000024
26,Analytical joint score,-5.0,LOS,-4.6070696594223834,209.370347108277,0.933672956116096,0.11020407564908324,56.221655086888596,41.76,0.976875,25.0,0.9889058833332834
26,Amortized joint surrogate,-5.0,LOS,-4.6070696594223834,351.72221039569575,1.5479984593401597,0.08507531707038277,55.23296030144491,41.17391304347826,0.811141304347826,23.0,0.9185957000009163
26,Analytical joint score,-5.0,MP,-5.442604184871378,283.2059113129683,1.5010375178082829,0.11621779274988782,56.74191621834916,42.0,0.974375,25.0,0.9711164500004088
26,Amortized joint surrogate,-5.0,MP,-5.442604184871378,243.2342981731155,1.4339398375364412,0.08135947335590109,55.92357211870626,43.11538461538461,0.7391826923076923,26.0,1.1435723000005282
26,Analytical joint score,-5.0,NLOS,-3.4993936517310766,197.6629876660713,1.7152068191581296,0.24433450456947528,55.60388809658033,42.5,0.9673295454545454,22.0,0.9048664166670051
26,Amortized joint surrogate,-5.0,NLOS,-3.4993936517310766,190.25456372694453,1.2260343263129738,0.26614867191984826,56.806373207058016,43.22727272727273,0.7642045454545454,22.0,0.9448908666665071
27,Analytical joint score,15.0,LOS,14.691022517068761,108.54107830000062,1.2726503966367417,0.07773302801353206,61.790833716610024,13.75925925925926,0.9730902777777778,54.0,1.6249971833341685
27,Amortized joint surrogate,15.0,LOS,14.691022517068761,126.3666501934075,1.283847839278633,0.15604666920933366,63.13188928334128,13.210526315789474,0.5704495614035088,57.0,1.8344181499998058
27,Analytical joint score,15.0,MP,15.44172816823213,52.114547465329224,1.3335038832656632,0.3750894085060469,63.50524202720619,21.1864406779661,0.9711334745762712,59.0,1.8595036833337037
27,Amortized joint surrogate,15.0,MP,15.44172816823213,465.44469807175136,1.512848337986909,0.2809202791086398,63.64992743321989,11.23728813559322,0.4992055084745763,59.0,1.9061103666672352
27,Analytical joint score,15.0,NLOS,15.851346416058107,182.89217680576795,1.6703272898336448,0.4245862956234276,64.0,10.305084745762711,0.9753707627118644,59.0,1.8160518500006144
27,Amortized joint surrogate,15.0,NLOS,15.851346416058107,166.6488893202217,1.4951711296089014,0.4158147621448691,63.467597429274754,13.64406779661017,0.579978813559322,59.0,1.9221764166663509
27,Analytical joint score,5.0,LOS,4.474435331697811,53.85731416427044,0.922129924292967,0.07396687633039212,56.072317365429875,31.216216216216218,0.9725506756756757,37.0,1.2067813333336137
27,Amortized joint surrogate,5.0,LOS,4.474435331697811,15.631924658460028,0.9113293853150367,0.0925772772244583,55.83144547254117,32.08108108108108,0.7778716216216216,37.0,1.2824300666665067
27,Analytical joint score,5.0,MP,5.423911971307569,492.34764824686135,1.274476212503983,0.292425116754527,60.64066928148901,32.76086956521739,0.9704483695652174,46.0,1.5170669333334292
27,Amortized joint surrogate,5.0,MP,5.423911971307569,637.3450262044747,1.2418037955746688,0.16912339112818675,59.76663741533244,33.34090909090909,0.7301136363636364,44.0,1.4971722166668162
27,Analytical joint score,5.0,NLOS,5.859158961863461,45.325880101753796,1.2747396257705803,0.2421966099589062,58.2536822004002,32.142857142857146,0.9754464285714286,42.0,1.4034822000004017
27,Amortized joint surrogate,5.0,NLOS,5.859158961863461,98.39762702389389,1.2799665736407184,0.19128382153501172,58.398113712277414,33.875,0.76953125,40.0,1.3996500166664798
27,Analytical joint score,-5.0,LOS,-5.078423653780051,334.7282963479707,1.1429281327825644,0.12501647017331421,55.19964198788827,41.333333333333336,0.9732142857142857,21.0,0.824882633333838
27,Amortized joint surrogate,-5.0,LOS,-5.078423653780051,347.8816859203662,1.1113641349285326,0.06851561137247929,54.90225933111046,42.23809523809524,0.7619047619047619,21.0,0.8559363333337918
27,Analytical joint score,-5.0,MP,-5.073643803806417,394.35469996960023,1.309226885454559,0.2799652507638015,54.335078168767076,38.72,0.98125,25.0,0.9739118999997723
27,Amortized joint surrogate,-5.0,MP,-5.073643803806417,559.9386747436275,1.5484285356371104,0.20562814595439133,56.14707757521353,38.92307692307692,0.7205528846153846,26.0,1.0259732833333146
27,Analytical joint score,-5.0,NLOS,-4.407624907304052,103.44181348175596,1.375963696002603,0.22912787744701724,53.747577547453,40.869565217391305,0.9802989130434783,23.0,0.9105207833329132
27,Amortized joint surrogate,-5.0,NLOS,-4.407624907304052,194.7464525982053,1.5512499226639496,0.24006718418489725,55.39309096086362,41.208333333333336,0.783203125,24.0,0.9795397166669773
28,Analytical joint score,15.0,LOS,14.056105264364762,329.533974100478,1.6581850015701003,0.09872567340725001,64.0,12.616666666666667,0.9731770833333333,60.0,1.7998707833337828
28,Amortized joint surrogate,15.0,LOS,14.056105264364762,54.669462820377895,0.9921971880334166,0.15846424738910636,63.68309230954364,16.440677966101696,0.633739406779661,59.0,1.9017260500002446
28,Analytical joint score,15.0,MP,15.29470310867602,494.34309312644064,1.8101270263079066,0.3811804999683617,64.0,10.932203389830509,0.9753707627118644,59.0,1.9648664666666111
28,Amortized joint surrogate,15.0,MP,15.29470310867602,135.94799871273452,1.6315282721415985,0.4873345878410366,64.0,9.033333333333333,0.5216145833333333,60.0,2.0055393833331436
28,Analytical joint score,15.0,NLOS,15.224183261057615,217.6163865432002,2.1455323273981217,0.9641303658278708,64.0,11.983333333333333,0.9734375,60.0,1.9362204833337653
28,Amortized joint surrogate,15.0,NLOS,15.224183261057615,514.501737824948,1.8002193103852937,0.4251979784407662,63.462069319696134,14.440677966101696,0.6226165254237288,59.0,1.9684177166671664
28,Analytical joint score,5.0,LOS,4.730930887727853,36.48414443079168,0.6926946330340975,0.0703084017574077,57.21335702178533,35.888888888888886,0.97265625,36.0,1.2452499833329966
28,Amortized joint surrogate,5.0,LOS,4.730930887727853,144.0911614071359,1.8586013648084008,0.09894731822393238,58.228914502147575,34.666666666666664,0.7764136904761905,42.0,1.5981421833335692
28,Analytical joint score,5.0,MP,5.09778990714557,59.49192176330617,1.1016112607258124,0.1949328988931656,58.24740170971959,29.0,0.9772727272727273,44.0,1.4593466833332513
28,Amortized joint surrogate,5.0,MP,5.09778990714557,4.430567639202287,0.6801697874010103,0.24977885964142,59.13606983675652,31.545454545454547,0.7311789772727273,44.0,1.5349727166665161
28,Analytical joint score,5.0,NLOS,3.8217045007880612,94.12113966169063,1.602384655364351,0.5640381743069376,60.22961003245624,27.019607843137255,0.9705882352941176,51.0,1.6234134500005364
28,Amortized joint surrogate,5.0,NLOS,3.8217045007880612,116.78692978744569,1.3736952520056105,0.7903780169684083,62.55886210334006,24.649122807017545,0.6981907894736842,57.0,1.9797931333329188
28,Analytical joint score,-5.0,LOS,-4.57114023676656,190.60417155575985,1.3426145849260906,0.06627551408944758,54.693183612868374,42.76190476190476,0.9813988095238095,21.0,0.844567349999655
28,Amortized joint surrogate,-5.0,LOS,-4.57114023676656,241.14377688190606,1.4136831747036775,0.12734391028028588,54.30763968938262,42.09090909090909,0.8032670454545454,22.0,0.9083256833330703
28,Analytical joint score,-5.0,MP,-3.372821938114186,259.71426193167986,1.4632557751103001,0.20394391314846305,56.069262963496534,37.62068965517241,0.9709051724137931,29.0,1.0919919333332473
28,Amortized joint surrogate,-5.0,MP,-3.372821938114186,382.0735016202594,1.291758287893141,0.2812619912071652,56.3140616049559,41.07142857142857,0.7527901785714286,28.0,1.0995779833336883
28,Analytical joint score,-5.0,NLOS,-5.048616339393499,166.9215324697138,2.099328785812311,0.3171747257165289,56.50497444864643,36.76470588235294,0.9774816176470589,34.0,1.1975154500002343
28,Amortized joint surrogate,-5.0,NLOS,-5.048616339393499,163.28382198072177,2.1143834602892797,0.4235611126446,55.68240441093303,35.2962962962963,0.78125,27.0,1.068911300000271
29,Analytical joint score,15.0,LOS,15.184824975041167,202.45884579653912,1.1997934787602926,0.20455913760968591,62.52405042488052,16.54385964912281,0.9758771929824561,57.0,1.8174493000003622
29,Amortized joint surrogate,15.0,LOS,15.184824975041167,107.73865339805218,1.195545991611194,0.17641641476260986,62.05104844977194,17.125,0.5920758928571429,56.0,1.9479344999998223
29,Analytical joint score,15.0,MP,14.647085709716594,80.85132499640035,1.7933781889956641,0.29838237155213504,63.66543924271207,10.779661016949152,0.9753707627118644,59.0,1.9185179166669286
29,Amortized joint surrogate,15.0,MP,14.647085709716594,53.231989341509696,1.1922115351952445,0.29013124398811474,63.48922479500819,13.35593220338983,0.581302966101695,59.0,2.064998233333881
29,Analytical joint score,15.0,NLOS,16.18061260837158,243.69346253529753,1.5820963269877033,0.4457613741769375,63.07745670969714,12.344827586206897,0.9771012931034483,58.0,1.9572909166669206
29,Amortized joint surrogate,15.0,NLOS,16.18061260837158,227.73551632553406,1.869761634106317,0.36616273363196994,64.0,14.266666666666667,0.57890625,60.0,2.0373529833335624
29,Analytical joint score,5.0,LOS,5.3856625011703585,119.99874234803782,1.113291746545054,0.0773713075939495,57.3625882284461,34.029411764705884,0.9646139705882353,34.0,1.2907143833331247
29,Amortized joint surrogate,5.0,LOS,5.3856625011703585,99.99305166616462,1.0807848412194676,0.14599713229750835,57.17847167674382,35.411764705882355,0.7922794117647058,34.0,1.301394416666805
29,Analytical joint score,5.0,MP,4.670941756489721,400.1287601345805,1.4759719934808355,0.1810569579466078,60.015046022271825,30.46938775510204,0.9728954081632653,49.0,1.607940949999905
29,Amortized joint surrogate,5.0,MP,4.670941756489721,441.81918885159865,1.7690660055281808,0.15019400931125151,61.34857150139419,30.705882352941178,0.7230392156862745,51.0,2.2057992666664936
29,Analytical joint score,5.0,NLOS,4.917811726171654,441.85155159983833,2.0362522998608577,0.36507316938625445,57.833354564765024,27.674418604651162,0.9745639534883721,43.0,1.517939883333952
29,Amortized joint surrogate,5.0,NLOS,4.917811726171654,264.99195337417893,1.909263417971905,0.5771898313547852,59.7865288678268,32.0,0.7446808510638298,47.0,1.6819410000001274
29,Analytical joint score,-5.0,LOS,-5.0803890436927945,480.36528855960415,1.7198955749337927,0.04070229595456322,56.39375797721363,42.0,0.9807692307692307,26.0,1.0346888666665184
29,Amortized joint surrogate,-5.0,LOS,-5.0803890436927945,384.94938384106973,1.539927291175356,0.05104956794221703,55.71688570275239,42.56,0.785,25.0,1.0043686500002498
29,Analytical joint score,-5.0,MP,-4.6048986854781315,362.7926951689235,1.8281550256372114,0.08937588797868576,55.700851512451095,41.0,0.975,20.0,0.891787733333634
29,Amortized joint surrogate,-5.0,MP,-4.6048986854781315,230.8003820444103,1.3929704545319557,0.1468054979746986,56.682235009260545,41.45454545454545,0.7528409090909091,22.0,1.068410649999881
29,Analytical joint score,-5.0,NLOS,-5.540078452380612,570.2086353483415,1.6478023540833204,0.17230956805921915,54.4352614730444,39.130434782608695,0.9755434782608695,23.0,0.9586797666666295
29,Amortized joint surrogate,-5.0,NLOS,-5.540078452380612,471.92360150004123,1.7151079846580075,0.20615874480725616,54.14264203503831,42.19047619047619,0.7485119047619048,21.0,0.9767300833336398
30,Analytical joint score,15.0,LOS,15.02350247747126,160.04963266219127,1.5169051495357766,0.08459096803850356,61.0740948382364,20.903846153846153,0.9747596153846154,52.0,1.670838450000171
30,Amortized joint surrogate,15.0,LOS,15.02350247747126,7.378529531930819,0.2533955209222184,0.11148101552701747,60.871712185737465,31.916666666666668,0.763671875,48.0,1.590058650000022
30,Analytical joint score,15.0,MP,14.90850123226467,249.59698385089098,1.4983956693692535,0.45874520277811004,64.0,12.383333333333333,0.9744791666666667,60.0,1.9108041833334255
30,Amortized joint surrogate,15.0,MP,14.90850123226467,4.997336639152752,0.6276942351529059,0.1745354064873704,62.14441413142625,25.0,0.7003348214285714,56.0,1.89864638333385
30,Analytical joint score,15.0,NLOS,15.207187753661884,426.767972081999,1.8286160818878492,0.4131561361296526,64.0,6.483333333333333,0.9744791666666667,60.0,1.839469316666964
30,Amortized joint surrogate,15.0,NLOS,15.207187753661884,197.90098015627407,1.889685969580029,0.8419763335026996,64.0,10.683333333333334,0.5075520833333333,60.0,1.9412228500006752
30,Analytical joint score,5.0,LOS,5.422905927728454,50.56083047216132,0.6840835863064341,0.059405148464652974,58.356861453311446,36.925,0.976171875,40.0,1.3098680833328065
30,Amortized joint surrogate,5.0,LOS,5.422905927728454,143.9093145443907,0.7129855831768537,0.07520603928760726,55.99943700532655,34.6,0.7861607142857143,35.0,1.2399180333327802
30,Analytical joint score,5.0,MP,4.463106995680728,317.6777289658581,1.7275984428778237,0.3015224259662413,57.01923904640025,31.871794871794872,0.9703525641025641,39.0,1.5532467666664236
30,Amortized joint surrogate,5.0,MP,4.463106995680728,368.1478526723263,1.6135564290718172,0.20848797980922867,58.540546516006565,30.585365853658537,0.7073170731707317,41.0,1.4462235500000513
30,Analytical joint score,5.0,NLOS,4.18209248248584,147.7343964198826,1.4332863329543408,0.3857051341256258,60.21869720890501,29.79591836734694,0.9722576530612245,49.0,1.6323309166665467
30,Amortized joint surrogate,5.0,NLOS,4.18209248248584,239.06674875883573,1.201677626913945,0.39538841142382825,58.9384742955715,31.555555555555557,0.7434027777777777,45.0,1.5843785833330533
30,Analytical joint score,-5.0,LOS,-5.12998476840753,173.11377824069382,1.2848496778957224,0.02605829065588857,56.638386458104975,41.407407407407405,0.9785879629629629,27.0,1.0027803166660003
30,Amortized joint surrogate,-5.0,LOS,-5.12998476840753,91.74185358867294,0.890096491460731,0.04650778837122482,55.267540788092354,39.78260869565217,0.8029891304347826,23.0,0.9270993666660843
30,Analytical joint score,-5.0,MP,-5.240114663116897,148.3261098609092,1.5670287386480488,0.32969599557807117,55.27286385196919,39.8,0.966875,25.0,1.0543210833333205
30,Amortized joint surrogate,-5.0,MP,-5.240114663116897,101.51628305651042,1.1621064611139498,0.23261939615870084,54.755613872310356,38.869565217391305,0.7459239130434783,23.0,0.9838855833332142
30,Analytical joint score,-5.0,NLOS,-4.176626627735532,341.49678331036756,1.2539100037759352,0.2513854606670098,54.948731244767316,36.46153846153846,0.9747596153846154,26.0,1.0344021666668368
30,Amortized joint surrogate,-5.0,NLOS,-4.176626627735532,254.19411713416898,1.6149521896934163,0.19512732019577242,55.697992065625726,38.6,0.7510416666666667,30.0,1.215495816667082
31,Analytical joint score,15.0,LOS,14.405354300117121,3.2048397096839563,0.2777863460290526,0.06650385443782464,63.3216401266691,26.072727272727274,0.9727272727272728,55.0,1.6746927999993961
31,Amortized joint surrogate,15.0,LOS,14.405354300117121,4.793100834094717,0.36574974409897826,0.14992176335499335,59.90851029977884,23.862745098039216,0.727328431372549,51.0,1.6706870666666873
31,Analytical joint score,15.0,MP,16.145476564061344,290.4893699339057,1.5875326493676154,0.4368729423412615,63.16929397139304,13.89655172413793,0.9733297413793104,58.0,1.824595183332652
31,Amortized joint surrogate,15.0,MP,16.145476564061344,199.26625376403987,1.6778009441001114,0.33132516468045997,63.30163612017211,10.586206896551724,0.529364224137931,58.0,1.9110073999996757
31,Analytical joint score,15.0,NLOS,14.401138901124499,333.6716527889208,1.7397197414083498,0.9799536580416457,63.571191138897774,9.847457627118644,0.9751059322033898,59.0,1.8397587666669324
31,Amortized joint surrogate,15.0,NLOS,14.401138901124499,402.95081820829483,1.7197819376770194,0.683098800990984,64.0,12.5,0.5856770833333333,60.0,1.9277727333331995
31,Analytical joint score,5.0,LOS,5.058294278470069,188.6319533011249,1.2267925246988796,0.1031533459082981,58.578490169783244,35.285714285714285,0.9769345238095238,42.0,1.3536298000000595
31,Amortized joint surrogate,5.0,LOS,5.058294278470069,228.2153656441608,1.5246291557910878,0.1274512478909426,57.8767787518777,33.976190476190474,0.7537202380952381,42.0,1.4321030333330025
31,Analytical joint score,5.0,MP,6.095418739196564,388.1479364644367,1.4724077376707407,0.23572757037301192,61.277179469699206,32.916666666666664,0.974609375,48.0,1.5838226833333617
31,Amortized joint surrogate,5.0,MP,6.095418739196564,14.154348634022774,0.5750165266345533,0.20574283927246872,57.8117255675642,30.615384615384617,0.7303685897435898,39.0,1.3583806666664107
31,Analytical joint score,5.0,NLOS,5.006084755952999,12.869984120304414,0.7547048841835512,0.2380082842018516,59.39911519514803,34.78048780487805,0.9744664634146342,41.0,1.3863629666673205
31,Amortized joint surrogate,5.0,NLOS,5.006084755952999,48.31411086628347,1.5442482120420356,0.23195125357531632,58.28101640701302,29.31111111111111,0.7222222222222222,45.0,1.5618524833333443
31,Analytical joint score,-5.0,LOS,-4.507767631133563,331.98535607318513,1.3514653122260065,0.08916575617582026,52.78176612401262,40.42857142857143,0.9791666666666666,21.0,0.8293068666669493
31,Amortized joint surrogate,-5.0,LOS,-4.507767631133563,128.7592785271647,0.7428727718346814,0.08136243634103302,53.50865743864546,40.80952380952381,0.7864583333333334,21.0,0.8597352166664981
31,Analytical joint score,-5.0,MP,-5.233856401068326,310.5928184954702,1.1052200422877498,0.18219525330222638,57.33720165850922,41.52,0.975625,25.0,0.9700000666668984
31,Amortized joint surrogate,-5.0,MP,-5.233856401068326,488.29445174045424,1.3179592823713493,0.11142796256388998,55.701432032482025,42.0,0.7400568181818182,22.0,0.9213600666669208
31,Analytical joint score,-5.0,NLOS,-4.682325833371622,173.31182613418812,1.4074431994020429,0.3281078656603617,54.75363100298148,39.72727272727273,0.9751420454545454,22.0,1.2040285166667293
31,Amortized joint surrogate,-5.0,NLOS,-4.682325833371622,187.13575454462205,1.5466113162989974,0.24623316826586808,54.97292781625819,39.869565217391305,0.7697010869565217,23.0,0.9668958166666167
32,Analytical joint score,15.0,LOS,15.771852487198949,119.06104175949069,1.129520142866885,0.19042184686630442,63.094321292066375,19.724137931034484,0.9714439655172413,58.0,1.7306140499992277
32,Amortized joint surrogate,15.0,LOS,15.771852487198949,3.6030235213319117,0.3563971456158253,0.1195349113355554,60.944017890813576,24.23076923076923,0.6745793269230769,52.0,1.7490339333335214
32,Analytical joint score,15.0,MP,15.061605210571127,134.4966659019373,1.4506651554527434,0.34209562114900605,63.663771756910045,17.35593220338983,0.9698093220338984,59.0,1.8549892500004717
32,Amortized joint surrogate,15.0,MP,15.061605210571127,847.7189379054881,2.0158065935427216,0.6597180235559718,62.87190338847173,11.947368421052632,0.5279605263157895,57.0,1.8390455333332056
32,Analytical joint score,15.0,NLOS,14.339817288846039,317.22178119136555,1.9512189615144317,0.5588866594530746,63.44481306882184,10.448275862068966,0.9789870689655172,58.0,1.7856127833330977
32,Amortized joint surrogate,15.0,NLOS,14.339817288846039,212.93949936090462,1.8166308308341579,0.462761057901014,63.52286083746177,11.864406779661017,0.579978813559322,59.0,1.999703983332779
32,Analytical joint score,5.0,LOS,5.715261144111235,444.76359248680063,1.815979240397322,0.161963493124309,55.93356775198648,31.78125,0.9755859375,32.0,1.3094577333333746
32,Amortized joint surrogate,5.0,LOS,5.715261144111235,346.6148163700093,1.0670114933855686,0.1440303576503145,57.43681352898604,35.25714285714286,0.7888392857142857,35.0,1.515019983332877
32,Analytical joint score,5.0,MP,5.327564185297998,55.61937318343403,0.5502630065117724,0.1991093729569389,58.41894267733599,33.048780487804876,0.9733231707317073,41.0,1.676107233332876
32,Amortized joint surrogate,5.0,MP,5.327564185297998,62.92897005833811,0.5336192180323575,0.12148329515132741,56.30267236534056,32.53846153846154,0.7191506410256411,39.0,1.4612498999999464
32,Analytical joint score,5.0,NLOS,4.618605907357331,290.60490269920865,1.4929974465447289,0.36256937646184734,59.61386525137116,28.733333333333334,0.9770833333333333,45.0,1.4652840333335841
32,Amortized joint surrogate,5.0,NLOS,4.618605907357331,111.38801224809852,1.0434785259611752,0.2573784514237117,60.416341478385014,32.608695652173914,0.7248641304347826,46.0,1.5992285166665472
32,Analytical joint score,-5.0,LOS,-4.604546485277718,432.3906729481675,1.4682044387838344,0.08447406677125291,54.550335879542466,41.45454545454545,0.9723011363636364,22.0,0.8701941666667304
32,Amortized joint surrogate,-5.0,LOS,-4.604546485277718,308.2110039116185,1.1631382793913212,0.10322321235017064,55.22229161263815,40.7,0.8015625,20.0,0.8523207666665181
32,Analytical joint score,-5.0,MP,-4.8199314091761245,91.78123252467815,1.3312994911161125,0.0882393809655429,57.37562392780702,40.458333333333336,0.974609375,24.0,0.9548725666661539
32,Amortized joint surrogate,-5.0,MP,-4.8199314091761245,202.37293362390798,1.027599237080209,0.16420763558259568,55.79941664743817,43.416666666666664,0.7532552083333334,24.0,0.9849314666666942
32,Analytical joint score,-5.0,NLOS,-4.296651113370448,66.1948088157874,1.2692655804532023,0.28847867916023207,55.11181219199818,41.125,0.9720052083333334,24.0,0.9520136666670472
32,Amortized joint surrogate,-5.0,NLOS,-4.296651113370448,85.67817218691148,1.235804427974677,0.31841956249561715,54.30346026976198,40.5,0.7585227272727273,22.0,0.9352876333338145
33,Analytical joint score,15.0,LOS,15.086461548329218,65.26730063499895,1.0801291441383825,0.2358552206365701,61.70862257505655,21.10909090909091,0.9772727272727273,55.0,1.6485563666662983
33,Amortized joint surrogate,15.0,LOS,15.086461548329218,294.11806883770595,1.4379425637970302,0.21186075934837753,64.0,12.4,0.54609375,60.0,1.8638855500000773
33,Analytical joint score,15.0,MP,15.00155917775453,16.30567870664292,0.4844124540995607,0.2598830708698708,61.97244069511547,20.785714285714285,0.9715401785714286,56.0,1.733871033332927
33,Amortized joint surrogate,15.0,MP,15.00155917775453,86.94747815039318,1.876900021671578,0.45437902754094495,63.516802495814936,18.16949152542373,0.6051377118644068,59.0,2.1263607666658877
33,Analytical joint score,15.0,NLOS,14.48354446054848,30.065836854891177,1.3851931892857865,0.5572914364481841,63.10872462499682,23.344827586206897,0.9703663793103449,58.0,1.8472412166668544
33,Amortized joint surrogate,15.0,NLOS,14.48354446054848,460.51379288320686,1.7572590307704417,1.1766158350833866,64.0,11.233333333333333,0.5236979166666667,60.0,2.2804574500005024
33,Analytical joint score,5.0,LOS,5.248138443822006,305.215804288756,1.390360554229011,0.08454447059912841,60.9114541568523,30.0625,0.978515625,48.0,1.5869741666667398
33,Amortized joint surrogate,5.0,LOS,5.248138443822006,183.47366517951764,1.5706121731726463,0.14129514394116588,60.95422413511284,29.16,0.7465625,50.0,1.7304578333333136
33,Analytical joint score,5.0,MP,5.142346829628206,90.63113076656815,1.5051176019431114,0.29449688501325316,58.401848794430975,29.585365853658537,0.9702743902439024,41.0,1.7363335999997769
33,Amortized joint surrogate,5.0,MP,5.142346829628206,520.8824184262103,1.3801725569859449,0.17632471220383605,59.318372891826705,28.88888888888889,0.7239583333333334,45.0,1.8135265166667598
33,Analytical joint score,5.0,NLOS,4.862972945251122,440.2705332709283,1.6515636191318868,0.5584953258261515,60.17988435863888,32.6875,0.9723307291666666,48.0,2.9498831666671776
33,Amortized joint surrogate,5.0,NLOS,4.862972945251122,375.9883470952432,1.6213418158905455,0.3235085858249299,60.75603950361156,29.5625,0.7311197916666666,48.0,3.167673666666815
33,Analytical joint score,-5.0,LOS,-5.4669581778918115,223.92013372679116,1.218480673985356,0.052180503488029356,55.54069615185275,39.52,0.978125,25.0,1.0049121500003366
33,Amortized joint surrogate,-5.0,LOS,-5.4669581778918115,78.85781816436173,1.461278346973752,0.04931513598216608,54.89629139932083,39.40909090909091,0.7862215909090909,22.0,1.0042107833337848
33,Analytical joint score,-5.0,MP,-5.2722145727130005,209.29613137366485,1.2857539632664419,0.34813514721609273,54.90832137549851,38.75,0.9778645833333334,24.0,1.0279448000005686
33,Amortized joint surrogate,-5.0,MP,-5.2722145727130005,132.7716453726023,1.1821330118837488,0.21675931073517832,55.307479938919336,38.69565217391305,0.7432065217391305,23.0,0.9800884333325636
33,Analytical joint score,-5.0,NLOS,-4.524180050685937,410.8519901202282,1.4430096388514508,0.42548476942058566,55.75875347642307,40.592592592592595,0.9791666666666666,27.0,1.1024113999998992
33,Amortized joint surrogate,-5.0,NLOS,-4.524180050685937,209.87855165159624,1.6423643374500727,0.3293618618511404,54.63341491071108,39.84615384615385,0.7722355769230769,26.0,1.109376533333754
34,Analytical joint score,15.0,LOS,14.464435790750281,80.87898324958,1.1213933481183829,0.2655090330110552,62.94608639499794,19.29824561403509,0.9739583333333334,57.0,1.9620628333332963
34,Amortized joint surrogate,15.0,LOS,14.464435790750281,152.9434048445356,1.3712738062738528,0.24409834730712787,63.26107388118826,16.362068965517242,0.5897090517241379,58.0,1.8840741166665491
34,Analytical joint score,15.0,MP,14.291135222914805,658.6650356470745,1.6294172890567125,0.308393113749304,64.0,12.066666666666666,0.9708333333333333,60.0,1.9830606666668398
34,Amortized joint surrogate,15.0,MP,14.291135222914805,770.6140219234244,1.14697668392073,0.44491113580394154,64.0,16.366666666666667,0.6098958333333333,60.0,2.469348816667131
34,Analytical joint score,15.0,NLOS,14.55154471015333,150.23559613625181,2.388780955694625,0.9500930417145986,64.0,13.933333333333334,0.9692708333333333,60.0,2.175477499999564
34,Amortized joint surrogate,15.0,NLOS,14.55154471015333,67.4421252008874,1.5386405906913312,0.4850641653609181,62.93390141311888,15.60344827586207,0.609375,58.0,1.9159178333334619
34,Analytical joint score,5.0,LOS,4.799644614076065,40.562205625502315,1.1350039344777092,0.1289016998710455,58.8888228739504,34.72093023255814,0.9807412790697675,43.0,1.400569899999482
34,Amortized joint surrogate,5.0,LOS,4.799644614076065,37.74220908990383,0.8472845601574823,0.07409415188855105,57.807917651743246,35.31578947368421,0.7750822368421053,38.0,1.467334916666611
34,Analytical joint score,5.0,MP,5.820808842408582,240.1550225043421,1.6325832728429874,0.28475744454012547,57.8203742006933,33.1025641025641,0.9755608974358975,39.0,1.4132632500007958
34,Amortized joint surrogate,5.0,MP,5.820808842408582,407.25177841174326,1.7781623951551035,0.3013992162618077,58.82919439648881,35.53658536585366,0.7130335365853658,41.0,1.6077907666669944
34,Analytical joint score,5.0,NLOS,5.389824926294736,166.28626135371715,1.9192328096274116,0.4049384225978463,58.21680904239067,32.30769230769231,0.9751602564102564,39.0,1.4342982166662448
34,Amortized joint surrogate,5.0,NLOS,5.389824926294736,825.5087808477747,1.9020509296035817,0.1987784416739039,59.14252692354813,27.863636363636363,0.7102272727272727,44.0,1.6204961333329493
34,Analytical joint score,-5.0,LOS,-5.091135759332316,49.568842478434554,1.0108810556340095,0.08761297038318185,57.42261513159954,40.148148148148145,0.9820601851851852,27.0,1.03047116666725
34,Amortized joint surrogate,-5.0,LOS,-5.091135759332316,78.28320004709231,1.140099897280411,0.11340822534934292,56.72440776153729,39.875,0.7962239583333334,24.0,0.996873050000128
34,Analytical joint score,-5.0,MP,-4.583981339883051,131.20910936971947,1.3831246054274915,0.17482018661397525,55.76123296342751,41.17391304347826,0.9735054347826086,23.0,1.0316448166671914
34,Amortized joint surrogate,-5.0,MP,-4.583981339883051,167.11621134297846,1.6709285972703747,0.15484958208000202,54.821290912739585,40.04761904761905,0.7351190476190477,21.0,0.9642822500002998
34,Analytical joint score,-5.0,NLOS,-4.780128747051531,95.22579561612827,1.6323296570897485,0.2144411709655312,55.166234087562366,40.57692307692308,0.9699519230769231,26.0,1.0642211833328474
34,Amortized joint surrogate,-5.0,NLOS,-4.780128747051531,99.93516177595086,1.1977174422856145,0.23234911265936395,55.80669185129403,40.76,0.755625,25.0,1.045111116666438
35,Analytical joint score,15.0,LOS,14.62378008786743,350.0461400930041,1.3452269560681032,0.11877210473342152,64.0,13.366666666666667,0.9734375,60.0,1.851818833333141
35,Amortized joint surrogate,15.0,LOS,14.62378008786743,5.826273065658762,0.310796489720685,0.03286398015484336,61.09901446219724,24.641509433962263,0.6869103773584906,53.0,1.7930049666659897
35,Analytical joint score,15.0,MP,15.564320448022105,395.87735567916025,1.4797832375674396,0.42298095303538363,63.4497544434949,12.293103448275861,0.966864224137931,58.0,1.9334690833327766
35,Amortized joint surrogate,15.0,MP,15.564320448022105,552.9120514639029,1.598750852508479,0.2856890459262222,64.0,8.65,0.49557291666666664,60.0,2.0507492166662664
35,Analytical joint score,15.0,NLOS,14.691355045085825,146.75954316309614,1.6297349672779886,0.8015043535633442,63.17003609341699,17.24137931034483,0.9725215517241379,58.0,1.9082402999998749
35,Amortized joint surrogate,15.0,NLOS,14.691355045085825,795.1156412726459,1.7378028134602133,0.5550977251900431,63.44646590015654,8.568965517241379,0.5016163793103449,58.0,1.9067931000004517
35,Analytical joint score,5.0,LOS,5.445287836483008,10.878273016819534,0.3887163955763563,0.05830414444615277,56.722630977805885,37.18181818181818,0.9763257575757576,33.0,1.1327472000004946
35,Amortized joint surrogate,5.0,LOS,5.445287836483008,14.242677342712534,0.4239891087939199,0.1156491430572692,56.12846061659989,35.40625,0.78955078125,32.0,1.1706211500002912
35,Analytical joint score,5.0,MP,6.158898234008767,44.14199109163238,1.2385090268948367,0.18826155790196614,58.470399497682074,34.27906976744186,0.970203488372093,43.0,1.558539866666327
35,Amortized joint surrogate,5.0,MP,6.158898234008767,118.67097413871238,1.0992996419500947,0.2448971531808368,58.4479650404208,33.45,0.7515625,40.0,1.421131616666571
35,Analytical joint score,5.0,NLOS,5.360424966195156,7.3416021841590435,0.8364305375076658,0.30946257001931354,58.94720150476525,28.06122448979592,0.970344387755102,49.0,1.6289655333328785
35,Amortized joint surrogate,5.0,NLOS,5.360424966195156,15.717406788184386,1.3799571214948967,0.4958113628409889,58.68777127428037,27.8125,0.7685546875,48.0,1.7403926000004806
35,Analytical joint score,-5.0,LOS,-4.412435734162275,409.2049744605517,1.4670471750639529,0.0932275018821826,55.73448224927231,39.31818181818182,0.9659090909090909,22.0,0.9559728166664172
35,Amortized joint surrogate,-5.0,LOS,-4.412435734162275,501.0272276860425,1.3532227240351042,0.05330197235008154,55.89907488051856,39.285714285714285,0.8013392857142857,21.0,0.9194585666667384
35,Analytical joint score,-5.0,MP,-5.062747167437064,155.13248744808567,1.420500207963572,0.139709300871721,54.88618062793757,39.32,0.97875,25.0,1.0984392166667096
35,Amortized joint surrogate,-5.0,MP,-5.062747167437064,142.94351341105894,1.2953753970887447,0.10888981445912914,57.19233758902084,40.0,0.74658203125,32.0,1.3666823666672674
35,Analytical joint score,-5.0,NLOS,-6.287015609174381,246.8051035101379,1.2402053806532294,0.2098741064519608,53.93112903585146,35.92857142857143,0.9793526785714286,28.0,1.0762519333335756
35,Amortized joint surrogate,-5.0,NLOS,-6.287015609174381,207.7774421249638,1.8687109851835002,0.17675201764625192,57.69326864833287,37.63333333333333,0.7671875,30.0,1.1501602666659967
36,Analytical joint score,15.0,LOS,15.169272554393942,264.58797729299215,1.2523534955011344,0.18578387996252688,62.46955055183077,16.385964912280702,0.9728618421052632,57.0,1.8418577833330119
36,Amortized joint surrogate,15.0,LOS,15.169272554393942,137.00102996411863,1.2357635329906802,0.2529160060690911,62.193133090625885,17.017857142857142,0.6453683035714286,56.0,1.8652588499994256
36,Analytical joint score,15.0,MP,15.91448159333121,666.288313815827,1.0837384860168426,0.29988282601134486,63.54713329923276,16.79310344827586,0.9622844827586207,58.0,1.9435456333335803
36,Amortized joint surrogate,15.0,MP,15.91448159333121,755.152412180311,1.5716258763703574,0.23866025530424406,64.0,10.033333333333333,0.5299479166666666,60.0,2.0085996833330455
36,Analytical joint score,15.0,NLOS,15.35656740212448,437.26254071682496,1.7921047411481013,0.6322821467888434,63.54515623639961,12.491525423728813,0.9729872881355932,59.0,1.9192786166665126
36,Amortized joint surrogate,15.0,NLOS,15.35656740212448,116.16400563504482,1.128034037762388,0.3908540338628721,62.62254303015781,16.63157894736842,0.6428179824561403,57.0,1.8632368500002865
36,Analytical joint score,5.0,LOS,5.732777295073564,77.48247709635682,0.8757558102926895,0.09071564320002715,57.533471943527765,34.972972972972975,0.9788851351351351,37.0,1.4274899333334663
36,Amortized joint surrogate,5.0,LOS,5.732777295073564,9.078689650934955,0.39049829385249174,0.1212048434449438,56.170887245442906,35.88235294117647,0.7670036764705882,34.0,1.2994051666671187
36,Analytical joint score,5.0,MP,4.208679789575777,413.5776504151051,1.6055522062874275,0.15892712920914087,59.71510763439682,31.82608695652174,0.9782608695652174,46.0,1.6428256833336263
36,Amortized joint surrogate,5.0,MP,4.208679789575777,388.9849299279615,0.9686573206980157,0.22818665144779882,58.52843524020113,33.90243902439025,0.713795731707317,41.0,1.5444899333336555
36,Analytical joint score,5.0,NLOS,5.467188864013252,407.53441108398664,1.5136388780112835,0.392703146271565,61.59432523911221,32.020833333333336,0.9742838541666666,48.0,1.7823519166673425
36,Amortized joint surrogate,5.0,NLOS,5.467188864013252,62.97622808473858,1.205625878403656,0.5961705992830676,58.469264858646774,33.61904761904762,0.7388392857142857,42.0,1.5861035666659973
36,Analytical joint score,-5.0,LOS,-4.150338209241112,99.20344575239896,1.406968744253624,0.15089110266502082,55.89558977322387,40.27272727272727,0.9715909090909091,22.0,0.9056433166667451
36,Amortized joint surrogate,-5.0,LOS,-4.150338209241112,215.08528744668533,1.5312270564062629,0.09621374553901357,55.92665786841309,38.208333333333336,0.7942708333333334,24.0,0.9816757833334577
36,Analytical joint score,-5.0,MP,-5.377394135313875,424.00075082810804,1.5436933980255336,0.19464024306393585,57.363857252394666,41.65625,0.97509765625,32.0,1.2776922999999367
36,Amortized joint surrogate,-5.0,MP,-5.377394135313875,417.4943972388353,1.6248002504614945,0.11330923636977021,57.17273500909776,41.44827586206897,0.7252155172413793,29.0,1.2267300166665034
36,Analytical joint score,-5.0,NLOS,-5.03599224843124,384.2266532950035,1.6521635955274525,0.34081009752680985,56.025164496995274,41.81818181818182,0.96875,22.0,0.9617254500000172
36,Amortized joint surrogate,-5.0,NLOS,-5.03599224843124,448.8891034299625,1.4774174143042222,0.31169555584767916,57.22618218444298,42.041666666666664,0.748046875,24.0,1.2897419166667607
37,Analytical joint score,15.0,LOS,14.36711134871347,16.963516891944053,0.5425893052571968,0.1856487221018062,61.825496030138645,20.054545454545455,0.965625,55.0,1.6894348499998084
37,Amortized joint surrogate,15.0,LOS,14.36711134871347,426.09195659517746,1.453442741254998,0.1592835429467042,63.636149401730854,12.033898305084746,0.5240995762711864,59.0,1.899639449999313
37,Analytical joint score,15.0,MP,15.502740189741315,118.11149525447381,1.763251093229683,0.2752975350070715,62.64272440966067,15.526315789473685,0.9756030701754386,57.0,1.8776125999996414
37,Amortized joint surrogate,15.0,MP,15.502740189741315,254.44349970582948,1.7775304574211837,0.2920521558415671,62.63138802335833,15.017857142857142,0.5876116071428571,56.0,1.8625358166663848
37,Analytical joint score,15.0,NLOS,14.575557272264623,193.6552787452542,1.7570265169713608,0.4323084704472677,64.0,8.372881355932204,0.971927966101695,59.0,1.9126443333334464
37,Amortized joint surrogate,15.0,NLOS,14.575557272264623,714.5533425698985,1.678698801063431,0.44273839667109,64.0,9.457627118644067,0.5368114406779662,59.0,2.240859550000588
37,Analytical joint score,5.0,LOS,4.965856297017856,49.94563574285174,0.7847228943984199,0.09113402148617536,57.62389184999821,32.44736842105263,0.9790296052631579,38.0,1.302363466666634
37,Amortized joint surrogate,5.0,LOS,4.965856297017856,430.64885611595463,1.5579826217465755,0.10588296501088501,58.841843267211544,29.386363636363637,0.75390625,44.0,1.50651453333334
37,Analytical joint score,5.0,MP,4.3600926833795395,388.2500617240343,1.7904198318973168,0.21322680149268888,60.02846970858254,30.6734693877551,0.9728954081632653,49.0,1.913063266666389
37,Amortized joint surrogate,5.0,MP,4.3600926833795395,207.16916189906433,1.4997086380994002,0.20669637300654314,62.085662902952635,31.145454545454545,0.6980113636363636,55.0,2.081400550000012
37,Analytical joint score,5.0,NLOS,5.123697351478271,173.83370583945734,1.4885433228078995,0.259666952738196,58.472610320644684,32.79545454545455,0.9740767045454546,44.0,1.6282480000000987
37,Amortized joint surrogate,5.0,NLOS,5.123697351478271,66.15300510066051,1.1166785643110855,0.29063219218020386,59.483958484804624,34.90909090909091,0.7265625,44.0,2.0035470666670108
37,Analytical joint score,-5.0,LOS,-4.747223260509546,390.117506243939,1.5319704384964572,0.11065114508107556,54.63410052686831,40.44,0.965625,25.0,1.0395166666673579
37,Amortized joint surrogate,-5.0,LOS,-4.747223260509546,170.93008368675666,1.460503339317167,0.11695155158270082,54.94843030204017,38.7037037037037,0.8009259259259259,27.0,1.0758302999998175
37,Analytical joint score,-5.0,MP,-4.8882452658013875,82.38074677079263,1.1751771325996236,0.09465882441829086,55.57378990306273,41.76,0.973125,25.0,1.2408041000005217
37,Amortized joint surrogate,-5.0,MP,-4.8882452658013875,182.63937206252834,1.6324181600304293,0.06693777628565331,56.307773066017035,41.88,0.729375,25.0,1.3402913000002552
37,Analytical joint score,-5.0,NLOS,-5.4886970073596375,115.47712650623616,1.7874173078672984,0.17161920825923885,55.94863268541592,37.51724137931034,0.9719827586206896,29.0,1.577059050000192
37,Amortized joint surrogate,-5.0,NLOS,-5.4886970073596375,167.19811216581635,1.6697755673120027,0.2532941632222287,55.74015584833875,41.03125,0.75341796875,32.0,1.2696162666666548
38,Analytical joint score,15.0,LOS,15.785083424709448,43.43435750594217,0.7555723005243219,0.14755010398492827,60.854358816656564,18.132075471698112,0.9716981132075472,53.0,1.7939715000001872
38,Amortized joint surrogate,15.0,LOS,15.785083424709448,511.5474243580434,1.5424338552281367,0.26337470785764805,63.585394785011395,8.966101694915254,0.4936440677966102,59.0,1.8936300166662552
38,Analytical joint score,15.0,MP,14.835888569204938,520.0279404820845,1.7716906632431877,0.54374260625325,63.46151200963638,14.220338983050848,0.975635593220339,59.0,1.8310689666662938
38,Amortized joint surrogate,15.0,MP,14.835888569204938,614.6116515200973,1.7759790159088273,0.3112398044078485,64.0,12.616666666666667,0.5216145833333333,60.0,2.0033530833330815
38,Analytical joint score,15.0,NLOS,15.08015902233371,580.4138870096616,1.749393885421658,0.4945965483648876,64.0,12.559322033898304,0.9790783898305084,59.0,1.931856316666843
38,Amortized joint surrogate,15.0,NLOS,15.08015902233371,107.27450910348394,1.7898716388857985,0.7288298921133579,63.12462352782112,13.431034482758621,0.5832435344827587,58.0,1.927860900000648
38,Analytical joint score,5.0,LOS,5.4072483086555465,47.30129223872304,0.7524931841407888,0.24713007549737906,56.76876372256274,32.1025641025641,0.9771634615384616,39.0,1.439744016666585
38,Amortized joint surrogate,5.0,LOS,5.4072483086555465,196.30370097166482,1.7308597043122176,0.3434832078532228,58.62196979016389,30.0,0.7541666666666667,45.0,1.5922519000004816
38,Analytical joint score,5.0,MP,5.295336438056051,61.597173543049415,0.7358248714405079,0.1684711743709662,57.645228345229974,38.225,0.9765625,40.0,1.3850063666666301
38,Amortized joint surrogate,5.0,MP,5.295336438056051,230.60244189527285,1.6074908795485434,0.34576817091695033,58.02555269618447,33.51219512195122,0.7153201219512195,41.0,1.462968500000746
38,Analytical joint score,5.0,NLOS,6.109516604653626,224.6507403764903,1.709512175891253,0.5019680068093798,59.763455514861796,28.53191489361702,0.96875,47.0,2.168612150000134
38,Amortized joint surrogate,5.0,NLOS,6.109516604653626,37.737021073837724,0.9098697436263647,0.21096417108298027,57.08610871219741,30.024390243902438,0.7637195121951219,41.0,1.63772283333401
38,Analytical joint score,-5.0,LOS,-4.975678865085119,129.8562756201329,1.575772938374541,0.09477538061099265,56.1363358018518,38.46666666666667,0.9765625,30.0,1.2079782000000705
38,Amortized joint surrogate,-5.0,LOS,-4.975678865085119,192.12145486462475,1.3208355774029639,0.10874380754487054,55.20821996131436,40.642857142857146,0.8214285714285714,28.0,1.3304765999995045
38,Analytical joint score,-5.0,MP,-4.58085278632031,118.26273540673155,1.1581379298608265,0.09758109085086725,56.13653308229312,42.19047619047619,0.9739583333333334,21.0,0.9030503999999459
38,Amortized joint surrogate,-5.0,MP,-4.58085278632031,213.22870558026173,1.2421910806532168,0.11639025428146699,55.23478750081774,41.19047619047619,0.7075892857142857,21.0,1.1647998666660442
38,Analytical joint score,-5.0,NLOS,-4.693454053429092,133.76253593083865,1.4033532294877007,0.19990945161251664,54.408871207402306,43.0,0.975,20.0,0.8831990833328973
38,Amortized joint surrogate,-5.0,NLOS,-4.693454053429092,68.12911282988121,1.4377391823228884,0.2927515792958475,53.726590931243585,42.285714285714285,0.71875,21.0,0.9434410499996678
39,Analytical joint score,15.0,LOS,14.850855139308711,10.725817492126517,0.24416674564922272,0.05755997687665032,61.6900738070613,22.727272727272727,0.9730113636363636,55.0,1.718453400000423
39,Amortized joint surrogate,15.0,LOS,14.850855139308711,106.67129503755977,1.149484032843887,0.13905035226073112,62.98710739358342,10.87719298245614,0.5235745614035088,57.0,2.0679870333329595
39,Analytical joint score,15.0,MP,14.536391684730678,418.8646850361553,1.7067573691968672,0.23694529198854647,64.0,11.783333333333333,0.9697916666666667,60.0,2.012802533333987
39,Amortized joint surrogate,15.0,MP,14.536391684730678,106.08195655880697,1.140410340310188,0.22660200688443172,64.0,14.25,0.5924479166666666,60.0,2.1586401666667143
39,Analytical joint score,15.0,NLOS,15.596263147863386,550.7746318056094,1.8299287924751475,0.8062064465956664,64.0,6.316666666666666,0.97734375,60.0,2.284426066665901
39,Amortized joint surrogate,15.0,NLOS,15.596263147863386,80.64944951244816,1.0701684592087466,0.33290968693805667,63.471030210799086,16.45762711864407,0.6019597457627118,59.0,2.094918816666791
39,Analytical joint score,5.0,LOS,4.70436606555902,21.209556957219153,2.003870283496546,0.1439512464561883,56.39653670690705,34.611111111111114,0.9730902777777778,36.0,1.622612516666777
39,Amortized joint surrogate,5.0,LOS,4.70436606555902,38.54365463170174,0.9690441786482021,0.09157719378185908,58.3340326769592,31.853658536585368,0.7923018292682927,41.0,1.696971983333621
39,Analytical joint score,5.0,MP,4.883162579318526,455.9448610126035,1.7294542039205714,0.15742139743164896,58.66566368754636,31.512820512820515,0.9783653846153846,39.0,1.4113571166660677
39,Amortized joint surrogate,5.0,MP,4.883162579318526,666.843351589629,1.2312231074699798,0.15859016466442152,59.48858800115105,33.432432432432435,0.7162162162162162,37.0,1.4577526500005433
39,Analytical joint score,5.0,NLOS,4.923139083094144,244.3209824177867,1.4653755902801693,0.41549659201590594,59.76566763910802,31.302325581395348,0.9742005813953488,43.0,1.4734979666674992
39,Amortized joint surrogate,5.0,NLOS,4.923139083094144,113.97338338885834,1.1867631738056819,0.16062401311063376,58.19667993058811,33.7,0.765625,40.0,1.5210256666667494
39,Analytical joint score,-5.0,LOS,-4.462159254912793,187.51467432437644,1.5227659433658414,0.09261148466424562,55.530735691917414,42.59090909090909,0.9794034090909091,22.0,0.881815883333085
39,Amortized joint surrogate,-5.0,LOS,-4.462159254912793,101.37490831320933,1.1322470889191552,0.07381300085203975,56.07580130205876,43.04347826086956,0.7934782608695652,23.0,1.001658183333613
39,Analytical joint score,-5.0,MP,-4.905661179401658,587.1677493289785,1.6294743219069516,0.06161264280391409,57.03326809908518,44.34782608695652,0.96875,23.0,0.9573908333332307
39,Amortized joint surrogate,-5.0,MP,-4.905661179401658,439.14125879271074,1.3603343161542296,0.06327195450306398,54.99580622499292,43.285714285714285,0.7544642857142857,21.0,1.29914039999998
39,Analytical joint score,-5.0,NLOS,-4.67347177699285,115.51823627538056,1.1945403273796518,0.2731799235856174,55.79835357076454,41.0,0.9753605769230769,26.0,1.0792993499999664
39,Amortized joint surrogate,-5.0,NLOS,-4.67347177699285,219.7108168531712,1.448851980178217,0.163383631032945,56.06872656315088,41.275862068965516,0.7516163793103449,29.0,1.2589110833327293
40,Analytical joint score,15.0,LOS,15.262378250905407,77.18920697152903,1.071095506853855,0.11162608865554337,60.61895182163545,26.980392156862745,0.9712009803921569,51.0,1.6500405166662329
40,Amortized joint surrogate,15.0,LOS,15.262378250905407,99.84651939910789,1.0874080298576452,0.1069519860085408,63.327355693689036,20.964285714285715,0.65625,56.0,1.8727992333329742
40,Analytical joint score,15.0,MP,15.678205085391445,442.1532265169554,1.8506747626521691,0.2523233924420403,63.64783477979373,7.220338983050848,0.9764300847457628,59.0,2.041753049999784
40,Amortized joint surrogate,15.0,MP,15.678205085391445,660.5556616261891,1.7911957278006758,0.34721667094465863,64.0,7.559322033898305,0.4634533898305085,59.0,2.4827663166661296
40,Analytical joint score,15.0,NLOS,14.861833834993972,468.3002984057213,1.7630445338099212,0.4365919439371413,64.0,11.186440677966102,0.9780190677966102,59.0,2.038188783332847
40,Amortized joint surrogate,15.0,NLOS,14.861833834993972,634.0936655679285,1.8647057175244304,0.6630277744760428,62.183067972295284,12.589285714285714,0.5686383928571429,56.0,2.1723137166664706
40,Analytical joint score,5.0,LOS,4.579067862906499,44.8171997159605,0.7566072991378209,0.08728800885473126,58.020880787185405,33.743589743589745,0.9735576923076923,39.0,1.457830383333203
40,Amortized joint surrogate,5.0,LOS,4.579067862906499,108.75484118414933,1.1129309083977406,0.1293257740684208,58.22555239026735,31.85,0.786328125,40.0,1.4158484500001123
40,Analytical joint score,5.0,MP,5.736868496136307,50.65392731995399,0.9186934916324069,0.14991164101872975,59.206979607180074,34.810810810810814,0.980152027027027,37.0,1.3998783499999945
40,Amortized joint surrogate,5.0,MP,5.736868496136307,150.10008250701398,1.2542521803997302,0.12115230195071283,57.75803190987552,34.794117647058826,0.7325367647058824,34.0,1.327565316666816
40,Analytical joint score,5.0,NLOS,4.894907378171518,246.5987992122235,1.806079945340906,0.40259357139960106,59.04662186177515,29.857142857142858,0.9747023809523809,42.0,1.5283088666658766
40,Amortized joint surrogate,5.0,NLOS,4.894907378171518,762.6054668894543,1.9419538465225068,0.4834456950820335,61.55839803933926,28.235294117647058,0.7159926470588235,51.0,1.8539987166671306
40,Analytical joint score,-5.0,LOS,-4.377020529507421,193.9235515430598,1.0241705897010103,0.07418138958832152,58.07158287733433,41.3448275862069,0.9779094827586207,29.0,1.064309533333585
40,Amortized joint surrogate,-5.0,LOS,-4.377020529507421,349.85980561928545,1.3122769520241822,0.03374591403863016,56.98098968073464,41.96153846153846,0.7878605769230769,26.0,1.1381523333341192
40,Analytical joint score,-5.0,MP,-4.223148531272846,161.93005196419082,1.4832943212397127,0.14705868624796545,55.274930579941305,42.9,0.96875,20.0,0.8902395999996315
40,Amortized joint surrogate,-5.0,MP,-4.223148531272846,102.29350471897926,1.2178067269042316,0.10191267869756808,55.697994149239825,42.6,0.76171875,20.0,0.9889325333337714
40,Analytical joint score,-5.0,NLOS,-5.3305160002643515,357.90742825107776,1.5247230518069208,0.20036532437860236,55.438579770071584,41.708333333333336,0.9798177083333334,24.0,0.9748894499997126
40,Amortized joint surrogate,-5.0,NLOS,-5.3305160002643515,336.3853865304456,1.5866159344593578,0.36066488251108114,57.445978410325644,42.96153846153846,0.7385817307692307,26.0,1.0746077166667571
41,Analytical joint score,15.0,LOS,15.85738856728955,895.4222837040319,1.603236248222186,0.12195060427692685,63.49627519467762,13.220338983050848,0.9745762711864406,59.0,2.5520557333332285
41,Amortized joint surrogate,15.0,LOS,15.85738856728955,11.303065728907098,0.23716048712757756,0.0591536410759061,60.91353133737716,25.58823529411765,0.7331495098039216,51.0,1.8246664666672057
41,Analytical joint score,15.0,MP,15.737151413781564,754.3813096039598,1.7514455474060877,0.24327933400508792,64.0,10.830508474576272,0.9690148305084746,59.0,2.0292584666672533
41,Amortized joint surrogate,15.0,MP,15.737151413781564,840.6351630085115,1.7108176537841306,0.20035274436352896,63.26475032630955,13.666666666666666,0.540296052631579,57.0,2.1989333833327387
41,Analytical joint score,15.0,NLOS,15.495259229077359,763.9885218222379,1.7055341814155518,1.159614491790158,63.64292730409145,12.677966101694915,0.9735169491525424,59.0,2.3562138166662785
41,Amortized joint surrogate,15.0,NLOS,15.495259229077359,417.3531208561115,1.7534942469605115,0.6804707365854011,64.0,10.948275862068966,0.5344827586206896,58.0,1.897853883333293
41,Analytical joint score,5.0,LOS,5.317075633945056,550.3388457981379,0.8464779048842173,0.05084954637766658,57.58002300209616,32.25,0.974609375,40.0,1.320273883333319
41,Amortized joint surrogate,5.0,LOS,5.317075633945056,716.0797724417606,1.414956507820301,0.09151991550924966,59.519147401341854,32.31818181818182,0.7684659090909091,44.0,1.5511981000003061
41,Analytical joint score,5.0,MP,4.886900570478437,153.69079010510555,2.0505127124749345,0.37149918862785314,58.453079986935485,29.738095238095237,0.9735863095238095,42.0,1.5419926833336224
41,Amortized joint surrogate,5.0,MP,4.886900570478437,95.38560376886703,1.439880950812288,0.4309722445365514,60.90217599310014,27.79591836734694,0.7219387755102041,49.0,1.7059568833341625
41,Analytical joint score,5.0,NLOS,4.780681713830054,241.17008795317057,1.654527607225682,0.5106725992493476,59.682856832059635,31.479166666666668,0.9794921875,48.0,1.6460965833336634
41,Amortized joint surrogate,5.0,NLOS,4.780681713830054,182.47288422470385,1.514879402544462,0.3989018343168336,58.98508322852505,30.955555555555556,0.7534722222222222,45.0,2.2492445166667117
41,Analytical joint score,-5.0,LOS,-4.448835257697848,71.75624008399463,1.4246389662989416,0.0421887549357721,56.21373457110539,40.48,0.975625,25.0,0.9502906333333764
41,Amortized joint surrogate,-5.0,LOS,-4.448835257697848,59.273155315446196,1.473798810811259,0.08798983401490826,54.66520995427215,41.583333333333336,0.7858072916666666,24.0,1.088752800000255
41,Analytical joint score,-5.0,MP,-3.785614696442829,113.22936921848732,1.4149931790739996,0.17811665415678157,53.79287813326207,42.36363636363637,0.9744318181818182,22.0,0.9874406833328445
41,Amortized joint surrogate,-5.0,MP,-3.785614696442829,90.04824425386039,1.3658558290439702,0.1762980269687689,54.306193924963026,42.72727272727273,0.7563920454545454,22.0,0.949380450000111
41,Analytical joint score,-5.0,NLOS,-6.343140133332049,281.66321890022033,1.1283327879188312,0.10989935773571288,55.276133021638934,41.791666666666664,0.9778645833333334,24.0,0.9566098000002891
41,Amortized joint surrogate,-5.0,NLOS,-6.343140133332049,534.6413331481796,1.4227611816579115,0.2785291440596376,54.51305368367711,39.208333333333336,0.7350260416666666,24.0,1.0617432333333454
42,Analytical joint score,15.0,LOS,15.518141004653758,227.46292374930758,1.2850550948111108,0.10103253023102676,63.22592205608797,22.62962962962963,0.9736689814814815,54.0,2.1949197666666955
42,Amortized joint surrogate,15.0,LOS,15.518141004653758,101.09340448193711,1.1016385926774674,0.06069701456253409,62.18575960524086,22.685185185185187,0.6701388888888888,54.0,2.2033411499999525
42,Analytical joint score,15.0,MP,15.131243980771803,161.97865090167514,1.6111388843132597,0.3275387006813078,62.946282509106446,10.844827586206897,0.9679418103448276,58.0,2.0380218499999123
42,Amortized joint surrogate,15.0,MP,15.131243980771803,157.18565072636636,1.7038489359301479,0.3171367533059119,63.56963875386392,17.491525423728813,0.6170550847457628,59.0,2.097171499999225
42,Analytical joint score,15.0,NLOS,14.864982651407683,423.5061081124354,1.809150729892308,0.45414486576864693,64.0,8.9,0.9770833333333333,60.0,2.2868909833334783
42,Amortized joint surrogate,15.0,NLOS,14.864982651407683,328.9115022495793,1.7649728981317343,0.6166522379617506,64.0,10.516666666666667,0.5309895833333333,60.0,2.297774866666676
42,Analytical joint score,5.0,LOS,5.271398880732462,659.0531046773118,1.5607682959165967,0.12458055401304335,59.74712750055854,30.80851063829787,0.9750664893617021,47.0,1.7260433166664295
42,Amortized joint surrogate,5.0,LOS,5.271398880732462,28.65724839979271,0.827103745825412,0.17759191376159242,57.51723752566996,29.609756097560975,0.7839176829268293,41.0,1.749221649999792
42,Analytical joint score,5.0,MP,4.7167416598331755,34.24017281541473,0.9880714139439479,0.1166885667106332,56.44833810678551,36.411764705882355,0.9761029411764706,34.0,1.3649081333331499
42,Amortized joint surrogate,5.0,MP,4.7167416598331755,143.10592168522655,1.5842463566789535,0.19245594449467,57.67771305696953,32.55555555555556,0.7443576388888888,36.0,1.4340198833328561
42,Analytical joint score,5.0,NLOS,4.7582169182726455,547.5212405462994,1.8389553602077855,0.29483600715793473,61.55064243498746,30.897959183673468,0.9786352040816326,49.0,1.7492527666661317
42,Amortized joint surrogate,5.0,NLOS,4.7582169182726455,687.6605258375848,1.572393530454761,0.23638829608913955,60.01563665112335,31.955555555555556,0.7402777777777778,45.0,1.5946318333334375
42,Analytical joint score,-5.0,LOS,-5.922703377228279,196.17471170783384,1.124301405782784,0.03536103890806489,55.885497036789616,39.888888888888886,0.9820601851851852,27.0,0.9995614166674235
42,Amortized joint surrogate,-5.0,LOS,-5.922703377228279,269.38053079542937,1.3668603628811085,0.14506486211987624,56.19208820645972,40.166666666666664,0.7936197916666666,24.0,1.1499100499994104
42,Analytical joint score,-5.0,MP,-4.648572995132908,218.69446650600858,1.4050975266267456,0.14585572634418079,53.60434511360856,40.68181818181818,0.9723011363636364,22.0,1.0815396499992858
42,Amortized joint surrogate,-5.0,MP,-4.648572995132908,180.96129532966515,1.5423792685318172,0.18425489422390018,55.3185396737897,42.333333333333336,0.740234375,24.0,1.0991734999995135
42,Analytical joint score,-5.0,NLOS,-4.887867424483067,350.08818019457016,1.4659357446679262,0.6077193493045716,55.18467931579338,41.16,0.97125,25.0,1.0880532333336153
42,Amortized joint surrogate,-5.0,NLOS,-4.887867424483067,365.2457372995876,1.6098676333261497,0.5979624102199353,55.75577977643531,41.04,0.750625,25.0,1.0678534166667457
43,Analytical joint score,15.0,LOS,15.49648816517034,141.55609380694355,1.28908668003983,0.11933897201745669,64.0,12.666666666666666,0.97265625,60.0,1.8482077500001044
43,Amortized joint surrogate,15.0,LOS,15.49648816517034,760.7734549294933,1.633180979284976,0.1884220183239405,64.0,14.271186440677965,0.5471398305084746,59.0,1.9130551666667845
43,Analytical joint score,15.0,MP,15.440119714759657,17.507842396629425,0.561488430368029,0.16533146282822364,62.225048885738296,19.29090909090909,0.9721590909090909,55.0,1.7817671333337632
43,Amortized joint surrogate,15.0,MP,15.440119714759657,7.082419065867486,0.45840527941150516,0.18594580042504952,62.1540921810456,25.814814814814813,0.6834490740740741,54.0,1.9148418333334878
43,Analytical joint score,15.0,NLOS,14.789777812500072,240.3420920130687,1.5135317471765533,0.5961719603393485,62.27101155381026,20.803571428571427,0.9704241071428571,56.0,2.2969604166661384
43,Amortized joint surrogate,15.0,NLOS,14.789777812500072,142.1339626543294,1.3881006083911405,0.43557277056027044,60.314607228031626,26.666666666666668,0.7199754901960784,51.0,1.8226441666674493
43,Analytical joint score,5.0,LOS,5.382597727132126,50.97609913801964,0.706535225496021,0.21377976532276147,58.361465813820494,34.53658536585366,0.975609756097561,41.0,1.392885433333883
43,Amortized joint surrogate,5.0,LOS,5.382597727132126,59.48160775774243,0.5960093077886623,0.12949726207949813,57.370561032428725,33.41860465116279,0.798328488372093,43.0,1.4930393833329465
43,Analytical joint score,5.0,MP,5.71837368564196,289.1142743760951,1.6311282394686044,0.4752368689824173,59.25260420072772,31.5,0.9715909090909091,44.0,1.5871002833335979
43,Amortized joint surrogate,5.0,MP,5.71837368564196,151.6642245709421,1.013294795085728,0.40911603383922696,56.53755556266867,33.61538461538461,0.7307692307692307,39.0,1.6674268999992137
43,Analytical joint score,5.0,NLOS,4.486334926957353,204.95560668197746,1.5790958975086633,0.350415667218094,56.98023569814245,31.9,0.975,40.0,1.3498138166662936
43,Amortized joint surrogate,5.0,NLOS,4.486334926957353,336.17431095786674,1.47969002475789,0.44646008798260606,58.81545316470008,32.651162790697676,0.7420058139534884,43.0,1.8242956000004067
43,Analytical joint score,-5.0,LOS,-5.435126499026788,170.58422784829085,1.1978577951389404,0.05247950053424309,55.65382278735638,42.24,0.97875,25.0,0.9820834833334402
43,Amortized joint surrogate,-5.0,LOS,-5.435126499026788,247.96032361481886,1.7502584004450197,0.06121978443254989,57.046780742782346,42.7037037037037,0.7858796296296297,27.0,1.388053233333153
43,Analytical joint score,-5.0,MP,-5.340576628390625,285.14495682792244,1.1371460442016657,0.1420072989944089,54.60000488991184,40.2,0.978125,25.0,1.1242396833334094
43,Amortized joint surrogate,-5.0,MP,-5.340576628390625,183.42097596872455,1.8265850623897644,0.10377768736462266,56.287472622393864,40.592592592592595,0.7309027777777778,27.0,1.165482016666412
43,Analytical joint score,-5.0,NLOS,-6.278959700365043,305.6473628482751,1.6528481953885936,0.3104857272536576,56.990872849103596,38.58620689655172,0.9660560344827587,29.0,1.123833016667201
43,Amortized joint surrogate,-5.0,NLOS,-6.278959700365043,253.60497905333372,1.5631307300980157,0.3541928485888717,55.87274565371204,36.96551724137931,0.7532327586206896,29.0,1.1661644499999586
44,Analytical joint score,15.0,LOS,16.06141893855924,234.3297572620808,1.2757378048313603,0.16973647090589775,62.74704138505236,18.75438596491228,0.9701206140350878,57.0,1.7711090500000637
44,Amortized joint surrogate,15.0,LOS,16.06141893855924,166.31106712121277,1.4771588063864767,0.1330423866917627,64.0,13.516666666666667,0.5966145833333333,60.0,2.908257049999937
44,Analytical joint score,15.0,MP,15.617883384630016,231.51888530055894,1.8924252778042,0.19967191618714986,63.470420858865374,10.796610169491526,0.9745762711864406,59.0,2.031290216666548
44,Amortized joint surrogate,15.0,MP,15.617883384630016,150.3918575384953,1.4705972909751277,0.31005321043186845,63.30342032614043,9.568965517241379,0.5277478448275862,58.0,1.9659860166664582
44,Analytical joint score,15.0,NLOS,14.192144191963965,687.2869925884024,1.6647408312831347,0.708377391111069,63.21854193109766,9.310344827586206,0.9797952586206896,58.0,1.9324303000000025
44,Amortized joint surrogate,15.0,NLOS,14.192144191963965,215.91348610908514,1.281405862960476,0.26933116818156955,63.61404866996253,18.203389830508474,0.616260593220339,59.0,1.9923391000001327
44,Analytical joint score,5.0,LOS,4.363599205916412,561.7466881115488,1.5317761604381672,0.083458154475738,57.615181421575784,31.07894736842105,0.9773848684210527,38.0,1.2800115833329073
44,Amortized joint surrogate,5.0,LOS,4.363599205916412,246.34446088725213,0.9675505026529461,0.1271886597631522,59.07454667960061,34.61904761904762,0.7622767857142857,42.0,1.4377345499999212
44,Analytical joint score,5.0,MP,5.099574140303188,119.0563364293776,1.0755467068241558,0.13178921442521482,58.18386399548083,31.341463414634145,0.9759908536585366,41.0,1.4602692333331408
44,Amortized joint surrogate,5.0,MP,5.099574140303188,230.3267743276825,1.1606148927437219,0.14721089928920214,59.68368906249113,32.674418604651166,0.7281976744186046,43.0,1.9890961666665892
44,Analytical joint score,5.0,NLOS,5.112337238888699,771.9340229773956,1.5986824599400784,0.2310981326295594,62.04168197265366,29.058823529411764,0.9730392156862745,51.0,1.727434550000832
44,Amortized joint surrogate,5.0,NLOS,5.112337238888699,697.2291220313369,1.5386520047118342,0.2681285332144068,59.01753367420168,33.06818181818182,0.7301136363636364,44.0,1.76230748333334
44,Analytical joint score,-5.0,LOS,-4.868250070224544,343.13236862216854,1.41966685263987,0.048110395647243134,56.88680756294816,41.57692307692308,0.9837740384615384,26.0,0.9936056000005541
44,Amortized joint surrogate,-5.0,LOS,-4.868250070224544,425.76296785838554,1.5958411341928327,0.03958151905659575,56.57961686769236,40.935483870967744,0.7893145161290323,31.0,1.4611242333330665
44,Analytical joint score,-5.0,MP,-4.94344276649323,111.72519855469983,1.1766966966807428,0.1597134647585402,56.06270823411345,40.7037037037037,0.9756944444444444,27.0,1.102633100000124
44,Amortized joint surrogate,-5.0,MP,-4.94344276649323,104.92388344880156,1.27665666723666,0.16159133524837754,55.324672909934996,40.18518518518518,0.7841435185185185,27.0,1.0673114666663726
44,Analytical joint score,-5.0,NLOS,-4.33588333252024,147.91163863971164,1.5185322691999177,0.2750097900456362,55.33219923746037,38.458333333333336,0.978515625,24.0,0.9652956333326301
44,Amortized joint surrogate,-5.0,NLOS,-4.33588333252024,133.02653695651858,1.4901815866542156,0.22004472060044963,57.54942919551351,39.07142857142857,0.7628348214285714,28.0,1.178042983333209
45,Analytical joint score,15.0,LOS,14.930982449608605,52.692921585259434,1.0327771987538867,0.19849830365916657,62.04890631519434,18.142857142857142,0.9737723214285714,56.0,1.8587293000005427
45,Amortized joint surrogate,15.0,LOS,14.930982449608605,236.17749756817298,1.7866475131795898,0.2169354692033465,63.45492953469485,11.879310344827585,0.5277478448275862,58.0,1.8504235000004126
45,Analytical joint score,15.0,MP,14.795070456114237,313.79688408354264,1.6490349172541092,0.34959172449970777,63.51317902158788,7.728813559322034,0.977489406779661,59.0,1.8589279166661754
45,Amortized joint surrogate,15.0,MP,14.795070456114237,161.98782966664567,1.3982463361342024,0.27700809702053725,63.498523128476336,12.864406779661017,0.5240995762711864,59.0,1.9760822499999147
45,Analytical joint score,15.0,NLOS,15.007083990656882,118.68442249911455,1.8758504883323857,1.2840998773325492,63.549299081557926,17.677966101694917,0.9745762711864406,59.0,1.877118933333577
45,Amortized joint surrogate,15.0,NLOS,15.007083990656882,49.958655598974794,0.8973638149432838,0.2765640991713915,62.68093838141775,22.142857142857142,0.689453125,56.0,1.8717917166668485
45,Analytical joint score,5.0,LOS,5.036299847075794,239.21974532273188,1.1659469446060942,0.15111905213159957,59.657601070161384,30.638297872340427,0.972406914893617,47.0,1.6602449666663688
45,Amortized joint surrogate,5.0,LOS,5.036299847075794,297.4498583923954,1.3359756247528658,0.16413068286781252,60.110206229629,31.928571428571427,0.7979910714285714,42.0,1.4445779499993705
45,Analytical joint score,5.0,MP,4.775860197949879,138.78085501875094,1.2821715923277748,0.18711691041740444,58.78147946482509,34.51282051282051,0.9723557692307693,39.0,1.3723606333333767
45,Amortized joint surrogate,5.0,MP,4.775860197949879,52.22991415531282,0.6863570119532337,0.10304426605123163,57.62710641962868,34.0,0.7388392857142857,35.0,1.2878249499995793
45,Analytical joint score,5.0,NLOS,4.958255461739886,254.53002583830798,1.4490710977875911,0.38717584274885347,58.11996750654885,32.69047619047619,0.9706101190476191,42.0,1.4212339833335363
45,Amortized joint surrogate,5.0,NLOS,4.958255461739886,322.3147580407037,1.7338595547837192,0.21265197179861847,59.46882606670311,32.31111111111111,0.7319444444444444,45.0,1.5580358499998208
45,Analytical joint score,-5.0,LOS,-3.995418232068499,82.30033016021567,0.914521888040075,0.056526420279983364,55.63713772275597,40.82608695652174,0.9721467391304348,23.0,0.893250216666767
45,Amortized joint surrogate,-5.0,LOS,-3.995418232068499,236.76527737473535,1.8302780152533076,0.06127827696233572,55.403509329032396,42.95454545454545,0.7883522727272727,22.0,0.9204861166665523
45,Analytical joint score,-5.0,MP,-5.692418003509538,158.2921379030307,1.8967867915126888,0.14040414479606508,55.970890147542406,38.964285714285715,0.9720982142857143,28.0,1.0957676333333666
45,Amortized joint surrogate,-5.0,MP,-5.692418003509538,296.95427260010666,1.580503759733024,0.13156570993309152,56.474180994107066,39.241379310344826,0.7462284482758621,29.0,1.232885483333727
45,Analytical joint score,-5.0,NLOS,-4.200282798534872,236.23031401501623,1.2608379891625272,0.298174162157431,54.974489065153705,41.666666666666664,0.9732142857142857,21.0,0.889601333333682
45,Amortized joint surrogate,-5.0,NLOS,-4.200282798534872,183.89005367459632,1.5778004172280562,0.28249029591060526,54.92584532637982,42.19047619047619,0.7611607142857143,21.0,0.9225857166664279
46,Analytical joint score,15.0,LOS,14.083485899631725,228.15492535565213,1.353948866980244,0.11625884138659995,63.282245021518214,16.07017543859649,0.9720394736842105,57.0,1.7242720333333257
46,Amortized joint surrogate,15.0,LOS,14.083485899631725,186.47831987228253,1.547172965543095,0.17146952908332447,63.02820210665465,15.413793103448276,0.5757004310344828,58.0,1.8431698000000551
46,Analytical joint score,15.0,MP,15.355698374039573,185.10342965928612,1.468372013379707,0.3186385807394106,64.0,11.779661016949152,0.9753707627118644,59.0,1.9574525666674465
46,Amortized joint surrogate,15.0,MP,15.355698374039573,137.0405760394153,1.384908067040744,0.3383306000227006,64.0,15.457627118644067,0.6122881355932204,59.0,1.9542832166668707
46,Analytical joint score,15.0,NLOS,15.775612778071535,326.328246098465,1.4139610340897453,0.7458182259921695,63.44744305692399,17.593220338983052,0.9804025423728814,59.0,1.8555687833327283
46,Amortized joint surrogate,15.0,NLOS,15.775612778071535,232.67184412269668,1.637599340557429,0.5900604900437828,63.44505866134154,12.35593220338983,0.5460805084745762,59.0,2.042388183333325
46,Analytical joint score,5.0,LOS,4.553697667897414,28.80454014285273,0.7768613788522071,0.07528231098356394,56.99985851664949,34.46153846153846,0.9767628205128205,39.0,1.3238983999997345
46,Amortized joint surrogate,5.0,LOS,4.553697667897414,30.56220072662569,0.5501886180590374,0.06598502364105396,57.82228531741089,33.51219512195122,0.7873475609756098,41.0,1.4183697499997077
46,Analytical joint score,5.0,MP,4.755165596957877,110.67476784617274,1.346162262612979,0.2762549401750209,61.0848235641457,31.7,0.9740625,50.0,1.6717346166662612
46,Amortized joint surrogate,5.0,MP,4.755165596957877,347.79857990200327,1.515116349736223,0.17111884568258337,61.44825543174401,29.06,0.7265625,50.0,1.813117733333532
46,Analytical joint score,5.0,NLOS,4.938212841264866,175.64625326303317,1.5121370101533718,0.3486205739331117,59.553291661364824,30.90909090909091,0.9712357954545454,44.0,1.5169994333338839
46,Amortized joint surrogate,5.0,NLOS,4.938212841264866,247.5130310381364,1.3857410783382904,0.2436187269875683,59.91076407245209,33.06818181818182,0.7407670454545454,44.0,1.5209784500001433
46,Analytical joint score,-5.0,LOS,-4.376939546342658,281.57144127735916,1.360756475764339,0.06527431356408613,54.36705820877518,43.25,0.98203125,20.0,0.9136495166662447
46,Amortized joint surrogate,-5.0,LOS,-4.376939546342658,279.92440456053237,1.2495494685111237,0.14543289702131584,54.16735201219176,42.13636363636363,0.7840909090909091,22.0,1.0276298333337763
46,Analytical joint score,-5.0,MP,-5.969660785826374,227.37321386558003,1.5391586832213107,0.20878588173289847,55.182183766614834,40.04,0.98,25.0,1.13216571666707
46,Amortized joint surrogate,-5.0,MP,-5.969660785826374,541.6098118601354,1.6196448376860813,0.2102858012900317,56.68864989266772,42.370370370370374,0.7609953703703703,27.0,1.321382349999567
46,Analytical joint score,-5.0,NLOS,-4.62900883639143,255.15133902841285,1.5188133930868775,0.18805335913691146,55.02123921551928,39.476190476190474,0.9709821428571429,21.0,1.1141574666661807
46,Amortized joint surrogate,-5.0,NLOS,-4.62900883639143,234.2953844268785,1.2407874270947614,0.3062058621026549,56.116575186242194,41.88,0.756875,25.0,1.2770247833335209
47,Analytical joint score,15.0,LOS,15.520473383319482,170.87483688428654,1.4020946388937292,0.11981889038039596,62.49194045587556,17.17543859649123,0.9673793859649122,57.0,1.8152104999993905
47,Amortized joint surrogate,15.0,LOS,15.520473383319482,294.21615536175926,1.5063664204494895,0.236774709252316,62.41541443145588,15.5,0.5809151785714286,56.0,2.3036700500000507
47,Analytical joint score,15.0,MP,14.928453582799818,895.5184323800213,1.8089432594661703,0.3622717707873833,64.0,14.8,0.97578125,60.0,2.012672150000109
47,Amortized joint surrogate,15.0,MP,14.928453582799818,8.614171577553217,1.3325034991645277,0.28227828887098655,62.45430365627676,20.82456140350877,0.6378837719298246,57.0,1.954911166667254
47,Analytical joint score,15.0,NLOS,14.67338618279433,401.5635548170133,1.849728386023133,0.7311513094692389,64.0,6.65,0.97578125,60.0,2.0654864499997907
47,Amortized joint surrogate,15.0,NLOS,14.67338618279433,242.45846696912952,1.855234559966578,0.3988901745903527,64.0,11.883333333333333,0.5419270833333333,60.0,2.3741328833333832
47,Analytical joint score,5.0,LOS,5.425775273381848,47.689894508608965,0.8007440986429598,0.11566057655443092,57.716912822048435,35.35897435897436,0.9747596153846154,39.0,1.3338889999999992
47,Amortized joint surrogate,5.0,LOS,5.425775273381848,40.56039712951583,0.9387095419742951,0.2411477239191062,56.18779989549814,33.58974358974359,0.7784455128205128,39.0,1.3997298833335965
47,Analytical joint score,5.0,MP,4.764287921509963,55.87509031074202,1.1690099737816988,0.23986186131515022,58.52283465346708,33.55,0.973046875,40.0,1.6337014666665557
47,Amortized joint surrogate,5.0,MP,4.764287921509963,192.32705470563064,1.482610567363925,0.2197412924319799,60.41679208647861,32.2,0.7388888888888889,45.0,1.6106165166670887
47,Analytical joint score,5.0,NLOS,5.102721522982319,101.2304679100544,1.1240139032363754,0.47972160175884965,56.82471278307096,33.0,0.9755067567567568,37.0,1.3824477000004738
47,Amortized joint surrogate,5.0,NLOS,5.102721522982319,482.0606140208485,1.578208518659202,0.28080289723688434,58.97345994213799,32.04761904761905,0.7462797619047619,42.0,1.5307561166669832
47,Analytical joint score,-5.0,LOS,-5.118190030904999,347.1001394148205,1.4783980572537523,0.06565921116991671,55.36794340300409,38.46153846153846,0.9795673076923077,26.0,0.9996568666669722
47,Amortized joint surrogate,-5.0,LOS,-5.118190030904999,297.1310989235281,1.6231314499298073,0.09669261116442268,56.65819754089739,40.16,0.801875,25.0,1.0719224333333461
47,Analytical joint score,-5.0,MP,-5.508883498738748,103.1604169750279,1.2930836322804515,0.22578025002873894,55.5953066641477,40.73076923076923,0.9765625,26.0,1.1066568166664108
47,Amortized joint surrogate,-5.0,MP,-5.508883498738748,161.4961626431194,1.3752207175429574,0.21986100327267824,55.52864294300002,40.38461538461539,0.734375,26.0,1.137112533333114
47,Analytical joint score,-5.0,NLOS,-4.518493243638952,176.92814887423967,1.8280970094335045,0.24855155027706477,56.495358276546575,38.2,0.9734375,30.0,1.3467039166670247
47,Amortized joint surrogate,-5.0,NLOS,-4.518493243638952,181.76827717033234,1.7291007500581055,0.2643323614624402,55.3691748006724,38.74074074074074,0.7494212962962963,27.0,1.3605005166662447
48,Analytical joint score,15.0,LOS,15.501023737936581,3.193256947798291,0.5034832909320773,0.12937428623574135,61.517623692884655,22.462962962962962,0.9673032407407407,54.0,2.2471184166666567
48,Amortized joint surrogate,15.0,LOS,15.501023737936581,4.214864445252111,0.284713046732401,0.05960996318216995,61.46519982196653,26.826923076923077,0.7376802884615384,52.0,1.8703746500004097
48,Analytical joint score,15.0,MP,14.516486992513038,102.62052919881835,1.284139684432541,0.2115354062141486,62.99845859680491,12.596491228070175,0.9745065789473685,57.0,1.9367968333341423
48,Amortized joint surrogate,15.0,MP,14.516486992513038,100.14645265305175,1.3121713904042773,0.16073227380032212,63.30745047714871,12.89655172413793,0.548760775862069,58.0,1.9908722833340182
48,Analytical joint score,15.0,NLOS,15.818217465124647,784.5004012832993,1.7765161650846282,0.5252260427706115,64.0,5.95,0.975,60.0,2.0813536833325466
48,Amortized joint surrogate,15.0,NLOS,15.818217465124647,256.85249839753504,1.586559468678203,0.47730005808583126,64.0,13.583333333333334,0.5690104166666666,60.0,2.2633751000000757
48,Analytical joint score,5.0,LOS,4.5418175896379545,149.9189980642533,1.35111617108142,0.18204158394692424,60.75031281445953,31.53191489361702,0.9787234042553191,47.0,1.5017328333328805
48,Amortized joint surrogate,5.0,LOS,4.5418175896379545,23.87834541550879,0.7658697682805261,0.12629703074733467,57.99376712033787,35.609756097560975,0.7976371951219512,41.0,1.4792262000005014
48,Analytical joint score,5.0,MP,5.0995938728266745,423.60158554956723,1.7610545713107395,0.30679282244461137,59.13069748907797,29.75,0.9747869318181818,44.0,1.5871586166658365
48,Amortized joint surrogate,5.0,MP,5.0995938728266745,215.56697986795885,1.1757734091634557,0.20071362256085573,57.74711795314321,34.58536585365854,0.7065548780487805,41.0,1.4528007333325377
48,Analytical joint score,5.0,NLOS,6.005874843108993,42.44538204770449,1.6151882145687138,0.27804033348303425,57.32610327328397,33.475,0.969140625,40.0,1.4330018333329992
48,Amortized joint surrogate,5.0,NLOS,6.005874843108993,41.14592838966522,1.4512321628848062,0.2818864211819536,57.937575021119734,34.275,0.7609375,40.0,1.8433499000006275
48,Analytical joint score,-5.0,LOS,-4.620291374302782,31.46362209203632,1.1774065039448245,0.12627745607151425,53.78702171391828,39.92,0.975625,25.0,1.0036959333338775
48,Amortized joint surrogate,-5.0,LOS,-4.620291374302782,54.90099543617958,1.319099160445873,0.16331997452228764,57.736135168342514,39.87096774193548,0.8205645161290323,31.0,1.6223072666671594
48,Analytical joint score,-5.0,MP,-4.433193800486866,289.95054092168067,1.373463043472614,0.11726987196146461,54.04235710120391,40.61904761904762,0.9724702380952381,21.0,0.9692116833330525
48,Amortized joint surrogate,-5.0,MP,-4.433193800486866,110.68021487835436,1.194175240245217,0.1272030812343717,55.01265809325406,40.523809523809526,0.7462797619047619,21.0,0.9412697166671554
48,Analytical joint score,-5.0,NLOS,-4.316051387084626,160.96568879319761,1.4463744788356527,0.21739272804033674,55.93833265288581,40.24,0.97625,25.0,1.026266949999884
48,Amortized joint surrogate,-5.0,NLOS,-4.316051387084626,92.2957594016852,1.1770013369793335,0.14897771513139835,54.50530404966356,41.75,0.7578125,24.0,1.0026884333332948
49,Analytical joint score,15.0,LOS,15.532726790879769,224.72316158295084,1.7296063734484217,0.3618677250915598,63.268802780519486,13.810344827586206,0.9727909482758621,58.0,1.7562469166667445
49,Amortized joint surrogate,15.0,LOS,15.532726790879769,402.0853041321655,1.3244797634007874,0.2994934942286915,62.81436729729099,20.054545454545455,0.6352272727272728,55.0,1.7691726833334087
49,Analytical joint score,15.0,MP,14.527080583260865,311.80234484691107,1.6435936148139376,0.3812099255982687,63.471681136798374,7.813559322033898,0.9740466101694916,59.0,1.949147666666325
49,Amortized joint surrogate,15.0,MP,14.527080583260865,378.44135162730237,1.4331879204777989,0.275037363877337,64.0,12.083333333333334,0.5526041666666667,60.0,1.9980026499998378
49,Analytical joint score,15.0,NLOS,14.537586452510634,61.27017330979635,1.408432655515706,0.5454623166033118,61.98151986946245,15.727272727272727,0.9764204545454546,55.0,1.7902369499997424
49,Amortized joint surrogate,15.0,NLOS,14.537586452510634,494.210595020455,1.6600795529721457,0.5184326099901967,63.7575466029346,8.288135593220339,0.4886122881355932,59.0,2.1520341499998117
49,Analytical joint score,5.0,LOS,5.838439855890569,211.74509611481434,1.2010706283862016,0.16905319295038013,60.50618278473957,33.26190476190476,0.9758184523809523,42.0,1.4573420166669848
49,Amortized joint surrogate,5.0,LOS,5.838439855890569,137.3441884554812,1.3751002517453936,0.1802703960143835,59.361475034289015,34.8,0.7614583333333333,45.0,1.5697503000003128
49,Analytical joint score,5.0,MP,4.912259836669948,190.7971944692034,1.3951356909569628,0.13752327267589426,57.95701797341659,36.578947368421055,0.9790296052631579,38.0,1.8845209666665141
49,Amortized joint surrogate,5.0,MP,4.912259836669948,112.89883896178601,1.2230921983553769,0.13207049001922078,56.54740188422684,35.114285714285714,0.7258928571428571,35.0,1.385596483333984
49,Analytical joint score,5.0,NLOS,4.547357454808882,104.79651023787636,1.4825482950570903,0.21919908583979555,57.60589458598679,35.583333333333336,0.97265625,36.0,1.2858289499992754
49,Amortized joint surrogate,5.0,NLOS,4.547357454808882,138.11063482404583,1.4999667315100549,0.2761641709981756,57.21575554989831,31.583333333333332,0.76953125,36.0,1.3773295166667292
49,Analytical joint score,-5.0,LOS,-5.278712261056702,168.3862110199369,1.244322531942596,0.07642559833917213,55.575103323443635,40.2,0.9765625,30.0,1.1286853666661045
49,Amortized joint surrogate,-5.0,LOS,-5.278712261056702,219.3999548571342,1.3533690946629244,0.07037613496629899,55.75887455602453,39.892857142857146,0.8074776785714286,28.0,1.102910316666339
49,Analytical joint score,-5.0,MP,-6.044304878516882,235.56772731627203,1.3370428118106432,0.2501518697346932,54.97166933604552,37.241379310344826,0.9692887931034483,29.0,1.1383805166673255
49,Amortized joint surrogate,-5.0,MP,-6.044304878516882,167.28497709388188,1.2617882169573014,0.1583438481501264,54.12346166071692,38.0,0.7550223214285714,28.0,1.148871183333237
49,Analytical joint score,-5.0,NLOS,-4.098018188546908,175.7144531181588,1.1777900632990075,0.14721219512743575,55.1614840044811,42.26086956521739,0.9707880434782609,23.0,0.9800526833326254
49,Amortized joint surrogate,-5.0,NLOS,-4.098018188546908,245.19696957066753,1.6628219324658693,0.2516303048641833,56.730491373066826,40.4,0.7525,25.0,1.031411516667428
50,Analytical joint score,15.0,LOS,15.034078636761636,294.71904620087685,1.7711605242428117,0.19680355668009947,63.213389775376726,15.017241379310345,0.9722521551724138,58.0,1.9536156833330172
50,Amortized joint surrogate,15.0,LOS,15.034078636761636,219.72846930659173,1.5550578330408453,0.17465791722342291,63.71893613675824,15.372881355932204,0.5908368644067796,59.0,1.8972623666665338
50,Analytical joint score,15.0,MP,15.704688726852456,105.24120831501375,1.45056542103776,0.12668973080522997,64.0,16.033898305084747,0.965042372881356,59.0,1.9077856666664654
50,Amortized joint surrogate,15.0,MP,15.704688726852456,95.48404905433797,1.666051633134154,0.15651499547409287,63.572812744804985,15.169491525423728,0.5942796610169492,59.0,2.026177866666027
50,Analytical joint score,15.0,NLOS,15.182141096457944,26.410399320010242,1.6684039138569342,0.6661444240138553,62.79365667010552,23.196428571428573,0.96875,56.0,1.9541744333328854
50,Amortized joint surrogate,15.0,NLOS,15.182141096457944,150.59996471060072,1.3414646264493537,0.41039357659244646,63.46084346237277,20.23728813559322,0.6451271186440678,59.0,2.038609383332831
50,Analytical joint score,5.0,LOS,5.169264095514987,72.91265440251732,1.0075504999711955,0.2146206569540776,59.34495870721571,33.88636363636363,0.9691051136363636,44.0,1.43457031666685
50,Amortized joint surrogate,5.0,LOS,5.169264095514987,68.53787341828935,0.7423647314077483,0.09121914256550731,58.5106713921684,34.5,0.785546875,40.0,1.478515716666114
50,Analytical joint score,5.0,MP,4.962712228499471,26.52549071128928,0.7158796608564408,0.2902339631479421,56.17310915482155,33.064516129032256,0.9722782258064516,31.0,1.2244254333334463
50,Amortized joint surrogate,5.0,MP,4.962712228499471,534.6340325691391,1.3598735964125164,0.20890270901823924,57.72523689461237,33.642857142857146,0.7116815476190477,42.0,1.483461366666461
50,Analytical joint score,5.0,NLOS,5.000233150353424,106.46934680789491,1.3403907906483983,0.1911965830000287,55.8689240293433,33.31428571428572,0.9696428571428571,35.0,1.2810240499997387
50,Amortized joint surrogate,5.0,NLOS,5.000233150353424,99.89635655130091,1.0437679113786154,0.20690169231021383,56.393278130371776,34.15384615384615,0.7672275641025641,39.0,1.4869641999998369
50,Analytical joint score,-5.0,LOS,-5.04524454608638,25.499674268452214,0.9975105908603337,0.04917245000912113,56.88198915283585,41.12,0.975,25.0,0.9794412666669435
50,Amortized joint surrogate,-5.0,LOS,-5.04524454608638,26.626889818722304,0.7149066024860457,0.06086809744121773,55.57925149947702,40.4,0.7775,25.0,1.119387383333977
50,Analytical joint score,-5.0,MP,-5.932893192102243,226.6697389074434,1.5018919263495263,0.11265279816934229,53.66953446452496,40.833333333333336,0.9696180555555556,18.0,0.878025649999851
50,Amortized joint surrogate,-5.0,MP,-5.932893192102243,95.98924624381682,1.0643486197286889,0.12175114847347186,54.80590362020747,42.23809523809524,0.7425595238095238,21.0,1.033279799999794
50,Analytical joint score,-5.0,NLOS,-5.247530626045896,318.1795565830691,1.6247082899328793,0.3421436860656428,56.664477227975205,40.51851851851852,0.9739583333333334,27.0,1.1904894833331052
50,Amortized joint surrogate,-5.0,NLOS,-5.247530626045896,366.7480266410071,1.6930123566987387,0.3379132783116912,56.45166257059236,43.96,0.743125,25.0,1.2141783000004125
51,Analytical joint score,15.0,LOS,15.656472663434675,53.0833188128369,0.8061557941611066,0.1170424281487275,59.69733941605515,33.734693877551024,0.9716198979591837,49.0,1.6293470833337171
51,Amortized joint surrogate,15.0,LOS,15.656472663434675,138.57435762362542,1.0854880741915407,0.203686338248643,61.13483083896056,19.150943396226417,0.6235259433962265,53.0,1.86683958333352
51,Analytical joint score,15.0,MP,15.286571315096765,5.356252150546131,0.5365010583114981,0.20556078997238342,59.36214301288118,29.166666666666668,0.9749348958333334,48.0,1.665912583333314
51,Amortized joint surrogate,15.0,MP,15.286571315096765,2.186513080455565,0.6635242404125784,0.25478798616866294,59.73269438731047,30.574468085106382,0.7061170212765957,47.0,2.231288083333993
51,Analytical joint score,15.0,NLOS,15.117953738254116,540.5045492137853,1.7899135816243477,0.7041523421641563,63.56377020844737,7.830508474576271,0.9764300847457628,59.0,2.1035649499992815
51,Amortized joint surrogate,15.0,NLOS,15.117953738254116,40.41192171170665,2.025752991063099,0.5002003016686792,63.598375246181455,16.25423728813559,0.5754766949152542,59.0,2.1268557000003816
51,Analytical joint score,5.0,LOS,5.694484398701396,340.92947360680125,0.9222923093579259,0.2047472443573474,58.683665966247624,35.5609756097561,0.9771341463414634,41.0,1.536047050000396
51,Amortized joint surrogate,5.0,LOS,5.694484398701396,20.772842062398936,0.3618624526462067,0.0925607225552801,57.47963025664111,37.7906976744186,0.7747093023255814,43.0,1.654230349999845
51,Analytical joint score,5.0,MP,5.988508397846886,29.045617635706254,0.6601919029714423,0.09700329448750437,58.317868740038364,36.8,0.9765625,40.0,1.606284033333812
51,Amortized joint surrogate,5.0,MP,5.988508397846886,282.1069484764162,1.5305705449738458,0.2171510070572382,59.97283076666412,32.67391304347826,0.7347146739130435,46.0,1.7643448000001172
51,Analytical joint score,5.0,NLOS,4.293626271409411,1105.0986943772741,1.628406906274298,0.4357817045075286,60.29940429864549,29.09090909090909,0.9733664772727273,44.0,1.4553059666667423
51,Amortized joint surrogate,5.0,NLOS,4.293626271409411,118.67366583161402,1.3526700474055224,0.2737511079841251,59.21468398344346,35.27272727272727,0.7325994318181818,44.0,1.566538916666597
51,Analytical joint score,-5.0,LOS,-5.209887443721801,88.13030389239884,1.3055292632732827,0.0889564161651379,55.76262545613282,40.10526315789474,0.9794407894736842,19.0,0.930358849999872
51,Amortized joint surrogate,-5.0,LOS,-5.209887443721801,96.58837200934772,1.6055864699580171,0.07066514565336647,56.51106973300458,40.23809523809524,0.7700892857142857,21.0,0.8796864499998946
51,Analytical joint score,-5.0,MP,-5.0216418944251275,285.65687189438574,1.7097056551741168,0.08106079375089047,54.79705118074124,38.38461538461539,0.9771634615384616,26.0,1.0137016166661776
51,Amortized joint surrogate,-5.0,MP,-5.0216418944251275,283.1158541437313,1.6624376746469427,0.11619206635837973,55.14363650457759,40.833333333333336,0.7239583333333334,24.0,0.9936000999999806
51,Analytical joint score,-5.0,NLOS,-5.241696601936025,148.11003346926168,1.8485907456192594,0.22287463454975698,54.38221126625965,41.38095238095238,0.9717261904761905,21.0,0.9412290833334206
51,Amortized joint surrogate,-5.0,NLOS,-5.241696601936025,250.60326983201392,1.7151647076325425,0.1593759087149041,54.86134095710103,41.916666666666664,0.74609375,24.0,1.0427923166673736
52,Analytical joint score,15.0,LOS,15.289855860912866,398.5481152206967,1.7013410397785194,0.19522169232370454,63.575535501806655,11.614035087719298,0.971765350877193,57.0,2.0226557333330675
52,Amortized joint surrogate,15.0,LOS,15.289855860912866,212.76468772407054,1.366715185161533,0.18956332447557422,63.584659595934,12.627118644067796,0.5503177966101694,59.0,2.0683249166665973
52,Analytical joint score,15.0,MP,14.269664306093233,434.72891868750577,1.6244144282391675,0.17494450498642558,63.15330024931018,11.719298245614034,0.9758771929824561,57.0,1.8065154999997428
52,Amortized joint surrogate,15.0,MP,14.269664306093233,105.98361645654582,0.9497936690609623,0.1542959046072989,60.740442807850485,25.980392156862745,0.680453431372549,51.0,1.7056393500003726
52,Analytical joint score,15.0,NLOS,14.239871543002831,140.7514371682629,1.3528282742907278,0.48604119010034974,63.0781863680891,14.948275862068966,0.9733297413793104,58.0,1.868266699999784
52,Amortized joint surrogate,15.0,NLOS,14.239871543002831,290.868807176427,1.8325571663295666,0.6581082390297299,64.0,10.3,0.5325520833333334,60.0,2.252503999999552
52,Analytical joint score,5.0,LOS,6.417190161518741,109.15677945299338,1.1147821696513025,0.11634908207202858,59.404727804150774,32.43478260869565,0.9711277173913043,46.0,1.4950840499996805
52,Amortized joint surrogate,5.0,LOS,6.417190161518741,121.57336159099498,0.834272835967122,0.14891861602816214,56.60561270109449,32.55263157894737,0.772203947368421,38.0,1.2940398000002535
52,Analytical joint score,5.0,MP,5.366674401492854,483.86187091901024,1.3822939051745795,0.2118060094271746,61.71674248934708,32.21568627450981,0.9715073529411765,51.0,1.6552289000003384
52,Amortized joint surrogate,5.0,MP,5.366674401492854,640.9208317802351,1.474666403183815,0.2642572893603856,60.142296691815396,31.8,0.7420138888888889,45.0,1.5540317833332058
52,Analytical joint score,5.0,NLOS,4.335547921637398,70.55851973212678,0.802215563001685,0.5443161195743076,58.74963916038471,32.86666666666667,0.971875,45.0,1.5482615833330253
52,Amortized joint surrogate,5.0,NLOS,4.335547921637398,618.9900636775627,1.9246121569880978,1.1095783636696779,61.1626425702232,30.666666666666668,0.7352941176470589,51.0,1.7784159166666313
52,Analytical joint score,-5.0,LOS,-5.652382684474629,485.60605128960407,1.788103475776536,0.09389165978639565,56.424516547600525,40.53846153846154,0.9705528846153846,26.0,0.9713377166661985
52,Amortized joint surrogate,-5.0,LOS,-5.652382684474629,636.6590261466021,1.65114060355215,0.09069542167743028,55.3846503931656,41.869565217391305,0.7744565217391305,23.0,0.9145488666670568
52,Analytical joint score,-5.0,MP,-4.3231611166153865,135.1838185150735,1.4741578109378344,0.14787784206420526,55.92126882672068,39.0,0.97875,25.0,0.9843446166665141
52,Amortized joint surrogate,-5.0,MP,-4.3231611166153865,234.47996294929214,1.974176898642792,0.2094876186160124,56.215244397622456,42.18518518518518,0.7586805555555556,27.0,1.0751360500004619
52,Analytical joint score,-5.0,NLOS,-4.718791402437963,161.05148389264306,1.5377023623024801,0.18999051550337168,55.12716215076464,42.541666666666664,0.9713541666666666,24.0,1.0341268166664956
52,Amortized joint surrogate,-5.0,NLOS,-4.718791402437963,112.55620505242761,1.6097444554580704,0.1528623253989544,55.372360739121866,41.0,0.7377717391304348,23.0,1.0335464666667349
53,Analytical joint score,15.0,LOS,14.42033603634059,44.69962494040993,0.7767119239306238,0.1923638190861122,62.093804091261795,17.446428571428573,0.9673549107142857,56.0,1.8860017666668227
53,Amortized joint surrogate,15.0,LOS,14.42033603634059,724.8525581525586,1.496765024754308,0.20063952037397165,63.74464080250209,12.813559322033898,0.5752118644067796,59.0,2.0833082000005256
53,Analytical joint score,15.0,MP,15.561944807942522,383.4024280284798,1.2135224827147228,0.1792489629954268,62.17576708268795,14.196428571428571,0.974609375,56.0,2.019350550000354
53,Amortized joint surrogate,15.0,MP,15.561944807942522,746.081165656703,1.658382824135379,0.21154982561833077,64.0,7.15,0.44427083333333334,60.0,2.1451914333340483
53,Analytical joint score,15.0,NLOS,14.909538195473333,319.24618835648295,2.0816355795442263,0.4694908892678409,63.55250628451398,18.084745762711865,0.971927966101695,59.0,2.054970166667166
53,Amortized joint surrogate,15.0,NLOS,14.909538195473333,290.4059485866901,2.1240547742408147,0.37418159123585565,64.0,9.8,0.5421875,60.0,2.302310833333839
53,Analytical joint score,5.0,LOS,4.962105136243298,159.12751969441135,1.318683769937426,0.07425849491242965,57.376919645533405,34.05555555555556,0.9774305555555556,36.0,1.3356187999998308
53,Amortized joint surrogate,5.0,LOS,4.962105136243298,52.293968925319554,0.9048412020052472,0.04645718570504316,56.82288227798019,34.23684210526316,0.7907072368421053,38.0,1.5719361999998682
53,Analytical joint score,5.0,MP,4.53333088294396,143.7166301649817,1.2400295099329173,0.14946511122366327,59.68550432556384,32.06666666666667,0.9725694444444445,45.0,1.602223016666926
53,Amortized joint surrogate,5.0,MP,4.53333088294396,44.01143668514314,0.7022224960207119,0.16853101780941243,58.561515544837874,33.26190476190476,0.6934523809523809,42.0,1.453275099999966
53,Analytical joint score,5.0,NLOS,5.037688337432437,341.9818070581136,1.8772796568443364,0.4330170624062162,59.16072637097117,31.627906976744185,0.9752906976744186,43.0,1.4942376000002848
53,Amortized joint surrogate,5.0,NLOS,5.037688337432437,350.8476934112642,1.8029766169832622,0.5653176544865489,59.91725905409914,29.166666666666668,0.732421875,48.0,1.6594674833337801
53,Analytical joint score,-5.0,LOS,-3.997413925188823,439.4992106818827,1.39666502741794,0.05893673168320578,55.72842593914002,42.083333333333336,0.96875,24.0,0.9529403166662102
53,Amortized joint surrogate,-5.0,LOS,-3.997413925188823,246.081028386038,1.4219406831052162,0.08683110286891771,54.460646180015154,42.857142857142854,0.8058035714285714,21.0,0.8644753833332667
53,Analytical joint score,-5.0,MP,-4.7582526759245845,82.9954327231316,0.7681972401582486,0.10566431677515142,55.47110503855388,40.77272727272727,0.9666193181818182,22.0,0.9262773333328292
53,Amortized joint surrogate,-5.0,MP,-4.7582526759245845,175.91643883792895,0.7575241156161633,0.13092643059995565,55.631528351787516,41.22727272727273,0.7059659090909091,22.0,0.9166270999998005
53,Analytical joint score,-5.0,NLOS,-4.41530796174489,309.3224065763472,1.652557395483436,0.2787970204197417,55.114101459553616,40.708333333333336,0.96875,24.0,0.9466914833334764
53,Amortized joint surrogate,-5.0,NLOS,-4.41530796174489,266.4303037736258,1.4384472750220858,0.3104396740836452,55.66890375851403,39.25925925925926,0.7650462962962963,27.0,1.1587856999994983
54,Analytical joint score,15.0,LOS,14.512773492534238,401.6101119004256,1.9862298235560787,0.1580230453648263,63.139170137979285,12.568965517241379,0.9744073275862069,58.0,1.794124366667423
54,Amortized joint surrogate,15.0,LOS,14.512773492534238,143.41853218302927,0.9427162341051448,0.14333263697825344,62.63033476714944,19.263157894736842,0.634046052631579,57.0,1.8056889666667075
54,Analytical joint score,15.0,MP,15.286948075898533,277.8748474640892,1.7635024338816057,0.27545696342279274,64.0,8.2,0.97265625,60.0,2.1133011499993395
54,Amortized joint surrogate,15.0,MP,15.286948075898533,18.665327732956232,0.9719105900035672,0.24665999779889228,64.0,20.55,0.6049479166666667,60.0,2.5373141166672517
54,Analytical joint score,15.0,NLOS,14.356571601346994,358.1788425392211,2.0939130242027644,0.8153669649992216,64.0,16.033333333333335,0.9731770833333333,60.0,2.368274116666195
54,Amortized joint surrogate,15.0,NLOS,14.356571601346994,86.50728221584559,1.0137272252081042,0.22052656751069227,62.58949541123335,20.571428571428573,0.6584821428571429,56.0,2.378060899999923
54,Analytical joint score,5.0,LOS,6.405165843291107,112.82565186311388,1.2839951555149385,0.16825784271395047,58.41617350769693,33.355555555555554,0.9809027777777778,45.0,1.9312135333336755
54,Amortized joint surrogate,5.0,LOS,6.405165843291107,303.81433167218773,1.4979417038944016,0.18571682732357275,59.01751414216081,32.93333333333333,0.7583333333333333,45.0,1.9833805666668998
54,Analytical joint score,5.0,MP,4.934517611622592,24.780370129488855,0.9773155646160354,0.2277398827380688,57.90747498912913,33.292682926829265,0.977515243902439,41.0,1.92046183333332
54,Amortized joint surrogate,5.0,MP,4.934517611622592,73.0232173266468,1.0354327290666094,0.12669995713260243,58.432173895827454,34.38461538461539,0.6983173076923077,39.0,1.6303708500004177
54,Analytical joint score,5.0,NLOS,5.403604709313804,111.16179402486534,1.2478414465368637,0.2053692235659297,58.08145086676105,37.26315789473684,0.9761513157894737,38.0,1.4711526666663606
54,Amortized joint surrogate,5.0,NLOS,5.403604709313804,178.151810863626,1.5016901214229235,0.2770404591233611,57.6243845423439,35.3,0.744921875,40.0,1.7635113333341224
54,Analytical joint score,-5.0,LOS,-4.984167839070762,217.9872929013811,1.3518838175578083,0.06704059677744172,56.5500273281483,41.51851851851852,0.9756944444444444,27.0,1.0287013000000418
54,Amortized joint surrogate,-5.0,LOS,-4.984167839070762,154.49383894368174,1.4011867929636963,0.040954241351851065,56.223349529492566,41.28,0.77375,25.0,1.2765719166660954
54,Analytical joint score,-5.0,MP,-4.6321088981314436,181.76572228327305,1.6439732588644473,0.12542693808801747,54.987396592417134,41.81818181818182,0.9694602272727273,22.0,1.0161334000002853
54,Amortized joint surrogate,-5.0,MP,-4.6321088981314436,304.8935130143343,1.4645395027962487,0.10534659103207482,55.87156347790526,40.65384615384615,0.7698317307692307,26.0,1.530528216666956
54,Analytical joint score,-5.0,NLOS,-5.395951898017829,94.05459106314764,1.8706010735423393,0.3583374893435399,55.501712284994746,38.26923076923077,0.9747596153846154,26.0,1.4373494166666962
54,Amortized joint surrogate,-5.0,NLOS,-5.395951898017829,458.1026961224807,2.0078664861319444,0.4305819349796237,55.980034784207724,38.25,0.7708333333333334,24.0,1.079293366666434
55,Analytical joint score,15.0,LOS,15.196653117863804,371.20214136723644,1.6416990804496598,0.289155256266237,63.10728580944942,15.0,0.9735991379310345,58.0,1.938235750000672
55,Amortized joint surrogate,15.0,LOS,15.196653117863804,90.91424372339986,0.989993463449156,0.15026055446787212,62.583876626435476,17.31578947368421,0.6091008771929824,57.0,2.2194195500001492
55,Analytical joint score,15.0,MP,15.106979718155777,127.25433421685825,1.2193465978094973,0.2123160533889724,64.0,10.7,0.97109375,60.0,2.297088066667167
55,Amortized joint surrogate,15.0,MP,15.106979718155777,173.33873007497155,1.4426253010683443,0.36954540479887826,64.0,9.083333333333334,0.5125,60.0,2.8751577333328746
55,Analytical joint score,15.0,NLOS,15.099398982123908,933.8652036056083,1.8532799652545204,0.45532615773779184,63.05622709783754,9.913793103448276,0.9757543103448276,58.0,2.147924166666826
55,Amortized joint surrogate,15.0,NLOS,15.099398982123908,918.2026945210613,1.9003903574711185,0.46419076100376655,64.0,8.966666666666667,0.4973958333333333,60.0,2.549595649999977
55,Analytical joint score,5.0,LOS,4.781530903523467,17.327373800452133,0.27594615014090684,0.06695423837375432,56.344780695498,36.57142857142857,0.9736607142857143,35.0,1.4044366000007358
55,Amortized joint surrogate,5.0,LOS,4.781530903523467,423.8351621238641,1.294583955568789,0.22795414474649797,59.573180591628066,33.925,0.750390625,40.0,1.7000133166675369
55,Analytical joint score,5.0,MP,4.26359903062075,18.529688077986233,0.8243027483384601,0.14860652980277758,57.842609019684744,34.60526315789474,0.9712171052631579,38.0,1.8330305500001032
55,Amortized joint surrogate,5.0,MP,4.26359903062075,85.03622482578182,1.2757184949867117,0.15283989772144171,58.60710602132068,34.92307692307692,0.7315705128205128,39.0,1.8750935666664266
55,Analytical joint score,5.0,NLOS,5.201475601224985,257.2509863020985,1.4461735955168415,0.27156391192272755,58.695821769633746,33.30232558139535,0.9705668604651163,43.0,1.9841921999992944
55,Amortized joint surrogate,5.0,NLOS,5.201475601224985,463.35161816337603,1.6771679301018565,0.16500747453176912,56.811494311445664,31.7,0.765625,40.0,1.6837864333335044
55,Analytical joint score,-5.0,LOS,-4.021841541362074,344.82678401015636,1.7110844433136039,0.1364566611717702,54.424432430170064,42.36363636363637,0.9765625,22.0,0.9220722999998543
55,Amortized joint surrogate,-5.0,LOS,-4.021841541362074,126.27023039403984,2.011624729821129,0.12127590918929244,54.33824595429115,40.375,0.7955729166666666,24.0,0.99995100000001
55,Analytical joint score,-5.0,MP,-5.040195954621525,52.79422702670717,1.0639516802157092,0.12813342060155913,55.19737851018177,42.857142857142854,0.9702380952380952,21.0,0.9490256166666692
55,Amortized joint surrogate,-5.0,MP,-5.040195954621525,73.40883392909437,0.8853162840047122,0.11808155142846598,56.636485057829645,42.9,0.728125,20.0,0.9733567166667475
55,Analytical joint score,-5.0,NLOS,-4.739819275249886,232.06409835441696,1.2556397017387553,0.208943317669438,55.881343945293075,40.51851851851852,0.9820601851851852,27.0,1.1159848666665084
55,Amortized joint surrogate,-5.0,NLOS,-4.739819275249886,236.19026281444368,1.5145019105957702,0.2923417367851511,55.13783177885296,39.65384615384615,0.75,26.0,1.3760302500003263
56,Analytical joint score,15.0,LOS,14.174855432584222,47.17427526889696,0.6206572363610675,0.07779177175072921,62.1572863696313,20.285714285714285,0.9732142857142857,56.0,2.060338233333899
56,Amortized joint surrogate,15.0,LOS,14.174855432584222,102.59607005233545,1.295677904892763,0.12838460783310054,63.11243735011332,14.89655172413793,0.5832435344827587,58.0,2.4267213666670764
56,Analytical joint score,15.0,MP,14.571377505834862,149.04683456342164,1.4680790225531535,0.24733575970864793,63.09533811824599,18.842105263157894,0.9692982456140351,57.0,2.1623966333332114
56,Amortized joint surrogate,15.0,MP,14.571377505834862,194.06320550674369,1.6853060862938354,0.3303785916949406,62.35661676519366,18.321428571428573,0.5934709821428571,56.0,2.204060650000391
56,Analytical joint score,15.0,NLOS,15.02493567186166,61.00487249654689,1.4979739960319327,0.36171582142713554,62.93334042866931,13.526315789473685,0.9758771929824561,57.0,2.1970665166672156
56,Amortized joint surrogate,15.0,NLOS,15.02493567186166,249.3585288582241,1.7889462711053925,0.39904619620287923,62.91190103562034,9.982758620689655,0.5072737068965517,58.0,2.429021750000023
56,Analytical joint score,5.0,LOS,5.100382111017526,15.058316596694008,0.9232902914205798,0.13299713128090554,57.92661516500717,33.62162162162162,0.9767736486486487,37.0,1.4250124166665046
56,Amortized joint surrogate,5.0,LOS,5.100382111017526,45.63094427907586,0.5516243576191704,0.05956021176377403,57.11935680772287,35.526315789473685,0.8001644736842105,38.0,1.7829595833338392
56,Analytical joint score,5.0,MP,5.332366795157283,190.06002921881614,1.034022583982116,0.19214730485637702,57.57893644110501,31.36842105263158,0.9740953947368421,38.0,1.6967015166670762
56,Amortized joint surrogate,5.0,MP,5.332366795157283,255.3779558749354,1.268654713647623,0.2583591231651612,57.752524963069014,35.583333333333336,0.7131076388888888,36.0,1.7007499833331015
56,Analytical joint score,5.0,NLOS,5.547482937200694,314.3296808055067,1.2906666019729967,0.31486070636070446,59.4436141416624,31.479166666666668,0.9742838541666666,48.0,2.2238085166662813
56,Amortized joint surrogate,5.0,NLOS,5.547482937200694,654.4025273504267,1.7584325524379296,0.44226417136476903,60.43312903960049,31.571428571428573,0.7353316326530612,49.0,2.1767809666670246
56,Analytical joint score,-5.0,LOS,-4.52375903582276,97.00818766219633,1.1046271288438898,0.08499948882572697,55.450773673457,41.857142857142854,0.9791666666666666,21.0,1.0014440166666343
56,Amortized joint surrogate,-5.0,LOS,-4.52375903582276,82.76370710773445,1.1043125084735608,0.08405631164642331,55.90401184840329,41.56,0.756875,25.0,1.040211966666978
56,Analytical joint score,-5.0,MP,-4.114132993681915,284.22732338211887,1.767597994832202,0.10403708615885197,55.48883358282537,41.46153846153846,0.9711538461538461,26.0,1.2173442166670156
56,Amortized joint surrogate,-5.0,MP,-4.114132993681915,281.92817029172124,1.5673891496806225,0.07675259141706259,53.59279505841912,41.142857142857146,0.7514880952380952,21.0,1.171048516666436
56,Analytical joint score,-5.0,NLOS,-4.241467437071119,123.69924638591361,1.8803393900270822,0.2700193886055801,54.55288821012314,40.0,0.9723011363636364,22.0,0.9874236499996414
56,Amortized joint surrogate,-5.0,NLOS,-4.241467437071119,95.4509901246588,1.7502114223884584,0.34476472720034806,54.137554481658945,40.142857142857146,0.7648809523809523,21.0,1.1236758666664552
57,Analytical joint score,15.0,LOS,15.334547071339626,85.53215254155047,1.0658785246563016,0.2566740696036526,63.375777275218546,15.413793103448276,0.9762931034482759,58.0,2.0681963500000697
57,Amortized joint surrogate,15.0,LOS,15.334547071339626,28.01188821182116,0.727633644705694,0.2297631504338013,63.12983026646191,23.696428571428573,0.7117745535714286,56.0,2.4645780999994336
57,Analytical joint score,15.0,MP,15.51418658293434,464.98359232579816,1.6217894245009996,0.28265954737315513,63.63836241301334,15.086206896551724,0.9684806034482759,58.0,2.1103390833341487
57,Amortized joint surrogate,15.0,MP,15.51418658293434,816.1382228383263,1.9284329293594982,0.4900701641305297,64.0,11.433333333333334,0.515625,60.0,2.6879182833340565
57,Analytical joint score,15.0,NLOS,15.998746865949647,985.1711669234331,1.7455927135789906,1.1498814136750029,64.0,6.5,0.9736979166666667,60.0,2.1490423166672676
57,Amortized joint surrogate,15.0,NLOS,15.998746865949647,758.0610033243662,1.8888238611488462,1.3436207855148194,63.563922363693564,7.169491525423729,0.4888771186440678,59.0,2.371984033333282
57,Analytical joint score,5.0,LOS,5.009767153039996,279.33754238814294,1.6485171284464852,0.1065938785459211,57.549908708645944,35.525,0.977734375,40.0,1.6529232166665981
57,Amortized joint surrogate,5.0,LOS,5.009767153039996,31.310846679933622,0.7411967675895387,0.1739697485631789,58.42509698358625,34.432432432432435,0.7766047297297297,37.0,1.5772586166661995
57,Analytical joint score,5.0,MP,4.197294908447392,338.1922345563296,1.54277685708253,0.2740279325663006,61.2325837365978,32.94,0.970625,50.0,2.014789366666984
57,Amortized joint surrogate,5.0,MP,4.197294908447392,973.0485255185455,1.6021618902127917,0.2818143788218713,60.4114886651594,29.043478260869566,0.7075407608695652,46.0,2.0135526999998397
57,Analytical joint score,5.0,NLOS,4.801822714691217,128.61031215600394,1.485415889348542,0.6448017204031259,61.228340105255036,27.865384615384617,0.9732572115384616,52.0,2.4430710833333555
57,Amortized joint surrogate,5.0,NLOS,4.801822714691217,299.5867874670077,1.7710416992849731,0.9636508953242047,59.572333903493266,28.085106382978722,0.7456781914893617,47.0,2.44621866666724
57,Analytical joint score,-5.0,LOS,-5.291388593077756,402.3493456414796,1.241075498338216,0.14985739078628701,54.54467919507304,40.074074074074076,0.9768518518518519,27.0,1.022237183333156
57,Amortized joint surrogate,-5.0,LOS,-5.291388593077756,152.65609519548835,1.2191674523531346,0.13741874196973175,55.33350707086024,39.916666666666664,0.8196614583333334,24.0,1.0848269666666965
57,Analytical joint score,-5.0,MP,-5.471409074122368,714.4853106248664,1.3906343992887633,0.09407025056567796,55.68322793000781,38.2,0.9802083333333333,30.0,1.2670035333333847
57,Amortized joint surrogate,-5.0,MP,-5.471409074122368,218.14864938673045,1.370907648709543,0.07071827619585715,56.34069291471545,40.42307692307692,0.7451923076923077,26.0,1.318168116666622
57,Analytical joint score,-5.0,NLOS,-5.19445492138253,185.56513422620367,1.5021169872497357,0.22130548447113377,54.59664978517829,40.5,0.9737215909090909,22.0,0.9517314666671458
57,Amortized joint surrogate,-5.0,NLOS,-5.19445492138253,135.1094119673334,1.5859605504057255,0.24934250229257898,55.17873064825728,40.875,0.7057291666666666,24.0,1.1144103166666735
58,Analytical joint score,15.0,LOS,15.41205429923739,581.4491385066359,1.373127749103825,0.14301007942634106,64.0,11.716666666666667,0.9778645833333334,60.0,2.007159916666031
58,Amortized joint surrogate,15.0,LOS,15.41205429923739,26.608603919334247,1.6792333469970193,0.2805687994052882,62.139733215489,24.28301886792453,0.6975235849056604,53.0,2.6817000666663184
58,Analytical joint score,15.0,MP,15.95676155978876,304.1867729781267,1.8695419074996877,0.2618070823792445,63.49615316488731,13.305084745762711,0.9804025423728814,59.0,2.2033679833337296
58,Amortized joint surrogate,15.0,MP,15.95676155978876,666.6280056268429,1.9104716554410541,0.36265167709157586,64.0,9.733333333333333,0.5046875,60.0,2.8101868333332427
58,Analytical joint score,15.0,NLOS,15.52408106948045,97.64952894748285,0.7302445638178582,0.3320479487295254,62.62635771980928,17.678571428571427,0.9723772321428571,56.0,2.2368026166674326
58,Amortized joint surrogate,15.0,NLOS,15.52408106948045,898.3585438328233,1.8233086823954872,0.38931139894931016,63.48132699709533,10.982758620689655,0.5387931034482759,58.0,2.5399605833333303
58,Analytical joint score,5.0,LOS,4.852177530199189,92.70533239007136,1.5241845273808445,0.07206288731229424,60.11295528907059,33.170212765957444,0.972406914893617,47.0,2.2174725499998735
58,Amortized joint surrogate,5.0,LOS,4.852177530199189,42.96485384187516,0.931622302714567,0.06013389699140654,56.20657332065935,33.41025641025641,0.78125,39.0,1.5087983500004991
58,Analytical joint score,5.0,MP,5.380059140689582,376.6207913520811,1.8124318120602907,0.25660703641550875,60.07349324073437,31.229166666666668,0.9742838541666666,48.0,1.6848309333340694
58,Amortized joint surrogate,5.0,MP,5.380059140689582,175.35116839269122,1.3574776476332961,0.34801209837984737,59.98275288016627,31.708333333333332,0.73046875,48.0,2.2918583500000977
58,Analytical joint score,5.0,NLOS,4.052724642145814,179.22049297936584,1.6384918532195716,0.6125166798118165,59.01760196544927,28.644444444444446,0.9729166666666667,45.0,1.9174207000001313
58,Amortized joint surrogate,5.0,NLOS,4.052724642145814,121.55455172015434,1.26033847319979,0.24821209351314286,58.93851589707958,29.533333333333335,0.74375,45.0,1.880227599999292
58,Analytical joint score,-5.0,LOS,-4.275632142139701,44.63857043934951,0.6897075544758421,0.06335572414782269,55.28145657466382,41.958333333333336,0.9674479166666666,24.0,1.0322756833327655
58,Amortized joint surrogate,-5.0,LOS,-4.275632142139701,26.583670471693964,0.7494846999316521,0.06984556019158038,54.851590725951155,41.27272727272727,0.8196022727272727,22.0,1.152274766666513
58,Analytical joint score,-5.0,MP,-5.2807973517000235,94.35916009510815,1.07543077741252,0.10832635174656534,55.363914906978465,42.333333333333336,0.97265625,24.0,0.9977747166658446
58,Amortized joint surrogate,-5.0,MP,-5.2807973517000235,133.10660330928968,1.2807734676183578,0.10544126348245808,55.56731639779312,39.4,0.75625,25.0,1.0782739500001526
58,Analytical joint score,-5.0,NLOS,-3.2215230609290826,315.72864778475315,1.4108501907210649,0.4456440403063993,54.91215336398462,40.714285714285715,0.9672619047619048,21.0,0.9326598833335235
58,Amortized joint surrogate,-5.0,NLOS,-3.2215230609290826,682.1008392304843,1.3813020509808411,0.7851008153255937,56.28321835390315,40.95652173913044,0.7703804347826086,23.0,1.041890383334021
59,Analytical joint score,15.0,LOS,15.957187702916906,123.98522137523749,1.043036168382824,0.09615508781434146,63.20493598360366,15.12280701754386,0.9728618421052632,57.0,1.7385922333337096
59,Amortized joint surrogate,15.0,LOS,15.957187702916906,530.5147841495436,1.7108760581753761,0.10467445605587744,63.24057084415782,10.689655172413794,0.5269396551724138,58.0,1.9887278666667878
59,Analytical joint score,15.0,MP,14.964838486749212,63.22322368568206,0.8800720080392777,0.1916407336632791,63.51891902125063,16.796610169491526,0.9753707627118644,59.0,1.9684811500004191
59,Amortized joint surrogate,15.0,MP,14.964838486749212,276.2918299588929,1.5997963330813532,0.36138670126843536,63.0044517025409,11.105263157894736,0.5490679824561403,57.0,2.0171174499997355
59,Analytical joint score,15.0,NLOS,14.950210906952087,278.8047569298747,1.370784625573638,0.4998464146303106,63.51753819874688,15.389830508474576,0.9769597457627118,59.0,2.0434301666673114
59,Amortized joint surrogate,15.0,NLOS,14.950210906952087,443.00980651308214,1.4542768593939988,0.4942717896169334,61.68007141285887,17.418181818181818,0.6181818181818182,55.0,2.0722757666665834
59,Analytical joint score,5.0,LOS,5.078157039348945,17.958372323147596,0.4303822042018565,0.09006388083024311,55.89380540766958,34.91428571428571,0.9754464285714286,35.0,1.205615033333629
59,Amortized joint surrogate,5.0,LOS,5.078157039348945,279.7671627841817,1.2254596132079019,0.1957871200262627,58.612410445855915,33.333333333333336,0.7604166666666666,42.0,1.6883371999995234
59,Analytical joint score,5.0,MP,5.411832910898173,88.01778193518741,1.4453778312790864,0.19351574905970795,58.59835591879526,32.61904761904762,0.9743303571428571,42.0,1.470925733334146
59,Amortized joint surrogate,5.0,MP,5.411832910898173,151.34597110213016,1.2946227570288389,0.16108339609486344,58.65896832170262,34.2,0.7305555555555555,45.0,1.6197457000004079
59,Analytical joint score,5.0,NLOS,5.266258121233541,57.91127950700226,1.3302730027887542,0.17785872423908336,57.34049300724396,32.3,0.972265625,40.0,1.4112295500003331
59,Amortized joint surrogate,5.0,NLOS,5.266258121233541,329.9882980001026,1.9440068260242516,0.46307028687986956,60.27249544834228,32.83673469387755,0.7551020408163265,49.0,1.8240022333325594
59,Analytical joint score,-5.0,LOS,-5.62383159257484,82.21662626735272,1.1097650938732018,0.039706964100770965,55.304095888903845,40.76,0.9775,25.0,0.9799744499995692
59,Amortized joint surrogate,-5.0,LOS,-5.62383159257484,65.39611370326996,0.845969267714123,0.10458611476780202,55.27142746461075,40.285714285714285,0.7849702380952381,21.0,1.1984252500004307
59,Analytical joint score,-5.0,MP,-5.915422088517043,421.37402211009385,1.17432005849223,0.08318124526447634,56.93325484866522,41.458333333333336,0.9700520833333334,24.0,0.9902350833338384
59,Amortized joint surrogate,-5.0,MP,-5.915422088517043,226.7518298507135,1.0359475505676548,0.09435814267322316,57.014443511858325,43.375,0.7447916666666666,24.0,1.0407286833337064
59,Analytical joint score,-5.0,NLOS,-4.086566539636868,134.5512850403551,1.2198026525451633,0.1872202081585905,55.353826107070496,44.36842105263158,0.9679276315789473,19.0,0.9097622333333296
59,Amortized joint surrogate,-5.0,NLOS,-4.086566539636868,232.1724832872669,1.436270042918866,0.24818939386036618,54.643838973010645,43.73684210526316,0.7615131578947368,19.0,0.9525325666667565
60,Analytical joint score,15.0,LOS,15.836609347552486,715.0907029630904,1.5952214916684935,0.14634218925429496,63.50419016900335,8.88135593220339,0.9745762711864406,59.0,1.9231056166669684
60,Amortized joint surrogate,15.0,LOS,15.836609347552486,572.3957614659893,1.9218607573583129,0.06455543149923669,62.69831734970686,14.928571428571429,0.5544084821428571,56.0,2.2528576500008057
60,Analytical joint score,15.0,MP,14.228574758318441,20.32290458472048,0.7407911445353537,0.15463727926509882,62.103138239506734,23.2,0.9684659090909091,55.0,2.1952788666662095
60,Amortized joint surrogate,15.0,MP,14.228574758318441,218.94377824049295,1.7708618134691483,0.2689285765076307,63.22518655224062,11.758620689655173,0.5193965517241379,58.0,2.0532901499999903
60,Analytical joint score,15.0,NLOS,15.316646544089584,364.64125543959403,1.787712096585253,0.3559137011582315,64.0,9.016666666666667,0.98125,60.0,2.1455267999992125
60,Amortized joint surrogate,15.0,NLOS,15.316646544089584,236.94862966111518,1.4853014309570647,0.7260553873173232,64.0,14.666666666666666,0.55859375,60.0,2.3595814833328177
60,Analytical joint score,5.0,LOS,5.430670622589286,75.79667437156603,1.1361643192197834,0.09370601147643763,58.01372612269713,33.39473684210526,0.9740953947368421,38.0,1.5550151499998794
60,Amortized joint surrogate,5.0,LOS,5.430670622589286,275.87113006407344,1.3987973510403078,0.06173484458451306,56.35041039707783,34.026315789473685,0.7380756578947368,38.0,1.4915719333335649
60,Analytical joint score,5.0,MP,4.688720082011497,296.8973244258364,1.5238066602767242,0.1298452093873801,59.28683971334641,34.904761904761905,0.9758184523809523,42.0,1.6406680500002342
60,Amortized joint surrogate,5.0,MP,4.688720082011497,346.61504280285567,1.382869402092057,0.11075697320276588,59.914555130730264,33.638297872340424,0.7516622340425532,47.0,1.778597416666609
60,Analytical joint score,5.0,NLOS,4.984788087218046,141.35651245355206,1.7865334622275462,0.4341154379458417,60.02624310237051,29.622222222222224,0.9708333333333333,45.0,1.4849132499999012
60,Amortized joint surrogate,5.0,NLOS,4.984788087218046,123.63202910162494,1.5717717565074931,0.3479178087895044,59.44417900496203,28.872340425531913,0.7340425531914894,47.0,1.809716400000146
60,Analytical joint score,-5.0,LOS,-5.735772935022643,67.26367858046167,1.0965167893152767,0.09483861634718742,57.00213894566139,44.47826086956522,0.9796195652173914,23.0,0.9854707833331607
60,Amortized joint surrogate,-5.0,LOS,-5.735772935022643,46.29160477293734,1.1206802413078036,0.13623536635797048,54.52245963224135,43.142857142857146,0.7983630952380952,21.0,0.9901108166673112
60,Analytical joint score,-5.0,MP,-5.033600188070958,206.40079260787684,1.3447799774239961,0.15768462248588863,56.198782851537906,41.52173913043478,0.967391304347826,23.0,1.083705783332789
60,Amortized joint surrogate,-5.0,MP,-5.033600188070958,155.0553238111819,1.4844623446604657,0.10327839075173134,55.78600432827026,42.63636363636363,0.7514204545454546,22.0,1.0150109333333528
60,Analytical joint score,-5.0,NLOS,-4.508297001784296,190.40477559034025,1.3888298728275617,0.23671725558233367,55.623454718598246,41.76190476190476,0.9694940476190477,21.0,0.9095357999996168
60,Amortized joint surrogate,-5.0,NLOS,-4.508297001784296,141.05680049753562,1.1501382616641842,0.268536221014478,55.80899074927449,42.61904761904762,0.7247023809523809,21.0,1.059936599999863
61,Analytical joint score,15.0,LOS,14.808478328568686,506.1057745760906,1.5679783726416614,0.24129950386949217,62.96999822442601,14.785714285714286,0.9762834821428571,56.0,1.842164483333401
61,Amortized joint surrogate,15.0,LOS,14.808478328568686,163.09598371713858,1.651221444279558,0.17338948484926064,63.67538038939184,17.56140350877193,0.6104714912280702,57.0,2.3153337333335835
61,Analytical joint score,15.0,MP,14.69696017858764,696.0824119789249,1.4600136999319533,0.29787652878923954,63.83443359558712,13.983050847457626,0.9740466101694916,59.0,2.5900144000000105
61,Amortized joint surrogate,15.0,MP,14.69696017858764,296.90511377520573,1.4348709266065227,0.16645129538350303,63.18767162666938,16.29310344827586,0.5584590517241379,58.0,1.9524081166669778
61,Analytical joint score,15.0,NLOS,15.576965274849178,395.83101122403605,1.7597702762840255,0.6551549342764252,64.0,12.666666666666666,0.9752604166666666,60.0,1.9078016666668418
61,Amortized joint surrogate,15.0,NLOS,15.576965274849178,133.63275502934053,1.693776103307552,0.3612131881087886,64.0,10.05084745762712,0.5357521186440678,59.0,2.010559099999417
61,Analytical joint score,5.0,LOS,4.672381943092055,488.7574881830645,2.0004279736899506,0.06905575866464854,59.53566903101599,30.955555555555556,0.9736111111111111,45.0,1.461581800000052
61,Amortized joint surrogate,5.0,LOS,4.672381943092055,159.80461864186032,1.1914909582925302,0.08851189029545306,58.59331201826288,31.785714285714285,0.7868303571428571,42.0,1.6366084666666818
61,Analytical joint score,5.0,MP,5.482373746402329,219.07300136930652,1.379561498167371,0.13820164493831544,57.501630657797875,31.94736842105263,0.9732730263157895,38.0,1.3845486999997547
61,Amortized joint surrogate,5.0,MP,5.482373746402329,130.39141383538745,1.1209135308436342,0.1400866764411725,57.535813305553035,31.026315789473685,0.7265625,38.0,1.381143016666897
61,Analytical joint score,5.0,NLOS,4.13954280336709,365.44057452698735,1.713247245116509,0.45409532035491273,62.08770390948994,30.944444444444443,0.9730902777777778,54.0,1.7526655833336235
61,Amortized joint surrogate,5.0,NLOS,4.13954280336709,64.51310685297727,1.2766409381125137,0.23349431971679097,60.828143108560276,31.14,0.74625,50.0,1.8613606333341675
61,Analytical joint score,-5.0,LOS,-5.235993307347288,604.9192825731242,1.7480014289864414,0.062048896775752295,54.332488240483876,39.041666666666664,0.9752604166666666,24.0,0.9623666499995428
61,Amortized joint surrogate,-5.0,LOS,-5.235993307347288,253.47526500939935,1.4215135239625758,0.07309376725692977,57.36605724263336,40.07692307692308,0.7842548076923077,26.0,1.0029368166669883
61,Analytical joint score,-5.0,MP,-4.73546227279652,243.35468033370623,1.1578509142081326,0.1568347077801511,55.92140737367174,44.10526315789474,0.9712171052631579,19.0,0.8874265333332687
61,Amortized joint surrogate,-5.0,MP,-4.73546227279652,223.82249899782224,1.094926377163755,0.07969329070076625,53.894428277026456,42.142857142857146,0.7269345238095238,21.0,0.9101673166668434
61,Analytical joint score,-5.0,NLOS,-3.7436418729009633,50.03046565932002,1.239088196086429,0.3441706393302859,55.83982919516279,42.40909090909091,0.9744318181818182,22.0,1.015285083333121
61,Amortized joint surrogate,-5.0,NLOS,-3.7436418729009633,59.080178180634185,1.1869463045103683,0.454988635598963,55.10493415019247,42.95,0.76796875,20.0,1.4236923166663473
62,Analytical joint score,15.0,LOS,15.472812433200897,764.2591734993143,1.7710982230420236,0.35446205428502886,63.365709673794036,9.75438596491228,0.9728618421052632,57.0,1.8537794166671044
62,Amortized joint surrogate,15.0,LOS,15.472812433200897,551.1350316727322,1.6629428618122328,0.2091358317277555,63.51747996347925,11.694915254237289,0.5158898305084746,59.0,2.0322152666674733
62,Analytical joint score,15.0,MP,14.63295179273654,167.82506723843673,1.1498370782600618,0.2928435960729879,63.50880832887585,19.189655172413794,0.9714439655172413,58.0,1.9486924333335764
62,Amortized joint surrogate,15.0,MP,14.63295179273654,60.44343656437766,0.7484108468410765,0.13908901178561392,62.412974647968326,17.910714285714285,0.5982142857142857,56.0,2.236700783333845
62,Analytical joint score,15.0,NLOS,14.811897485841959,66.85294167428798,1.2180499077639957,0.4126920382399748,63.22735917445895,15.087719298245615,0.9791666666666666,57.0,1.92363253333383
62,Amortized joint surrogate,15.0,NLOS,14.811897485841959,107.90729609361755,1.5161358065345936,0.5105085641856778,63.04498299865427,11.87719298245614,0.5808662280701754,57.0,2.0865922500007628
62,Analytical joint score,5.0,LOS,5.293930820438075,181.57005530700903,1.2834784871439986,0.19231037384875388,57.256358679148185,33.47222222222222,0.9761284722222222,36.0,1.2841351166665997
62,Amortized joint surrogate,5.0,LOS,5.293930820438075,248.98502764399882,1.4947316197791938,0.11018506240712761,58.83102058506707,34.666666666666664,0.7832532051282052,39.0,1.567319433333599
62,Analytical joint score,5.0,MP,4.903155114010463,133.2557669727054,1.6003833690879843,0.26870222907274227,58.215048887241316,33.34285714285714,0.9660714285714286,35.0,1.2634044666668842
62,Amortized joint surrogate,5.0,MP,4.903155114010463,80.01201952104543,1.392429045841154,0.28652867748090427,57.542025213551476,33.513513513513516,0.7521114864864865,37.0,1.6581755333334058
62,Analytical joint score,5.0,NLOS,3.794888985042199,82.2702678550951,1.7928576973044754,0.29939667981398543,59.75283014636195,30.122448979591837,0.9818239795918368,49.0,1.7796601500000027
62,Amortized joint surrogate,5.0,NLOS,3.794888985042199,172.7319284006434,1.6499969569289392,0.3686449665718991,59.055803951305016,32.06818181818182,0.7624289772727273,44.0,1.6606048499994586
62,Analytical joint score,-5.0,LOS,-4.789051580895962,268.349167552097,1.9337511087141535,0.08262658817966066,55.32392847612831,40.24,0.97875,25.0,1.026176766667201
62,Amortized joint surrogate,-5.0,LOS,-4.789051580895962,151.00466180525711,1.600741962033015,0.07584746473807667,54.210912844719225,40.45454545454545,0.8025568181818182,22.0,0.9887528500001963
62,Analytical joint score,-5.0,MP,-5.670059870139987,420.99503898301833,1.500201419146879,0.1456504016168641,55.348382964740296,41.13636363636363,0.9623579545454546,22.0,0.9959776166671949
62,Amortized joint surrogate,-5.0,MP,-5.670059870139987,288.55719378296993,1.2756894754073276,0.16452305391434827,56.243230743749386,41.88461538461539,0.7301682692307693,26.0,1.2701309999992343
62,Analytical joint score,-5.0,NLOS,-5.639543826260837,160.898756953101,1.7387646637229583,0.1634474296421044,56.85994523893342,41.44444444444444,0.9768518518518519,27.0,1.1191192833327552
62,Amortized joint surrogate,-5.0,NLOS,-5.639543826260837,67.08446210245212,1.7362531605634475,0.23192606774683516,56.392615355604924,41.074074074074076,0.7517361111111112,27.0,1.2681763500002792
63,Analytical joint score,15.0,LOS,14.26593455733917,344.1229722021638,1.0255122024307592,0.12460583821420841,60.749742631733916,18.943396226415093,0.9655070754716981,53.0,1.7283362666660196
63,Amortized joint surrogate,15.0,LOS,14.26593455733917,27.309787965021943,0.8185195361123653,0.1213496385705186,62.10475292087292,24.125,0.6743861607142857,56.0,1.865097150000376
63,Analytical joint score,15.0,MP,15.255834200297311,107.64058760548204,1.4484065692208798,0.17531891184075968,62.858200371463624,20.785714285714285,0.9701450892857143,56.0,1.7932859666662655
63,Amortized joint surrogate,15.0,MP,15.255834200297311,755.3806037331493,1.6503392513297754,0.27058023756668786,63.073976993542495,12.403508771929825,0.5301535087719298,57.0,1.8639448500001283
63,Analytical joint score,15.0,NLOS,14.844923659724358,86.58678336662543,1.0532271268995925,0.2089426318427747,60.38640327803409,24.285714285714285,0.9735331632653061,49.0,1.5635043666662796
63,Amortized joint surrogate,15.0,NLOS,14.844923659724358,92.92545483762403,1.333510561101858,0.502365920499883,59.105668341490265,22.04255319148936,0.679188829787234,47.0,1.6309814833334713
63,Analytical joint score,5.0,LOS,5.016350510372809,59.07465384617663,0.9480113126464121,0.08085072246402741,59.411798088923256,34.44186046511628,0.9756540697674418,43.0,1.364061966665986
63,Amortized joint surrogate,5.0,LOS,5.016350510372809,32.532957114624566,0.5195205668510914,0.04320645826783932,57.92122877496947,30.236842105263158,0.7767269736842105,38.0,1.3011738999997153
63,Analytical joint score,5.0,MP,4.861979976953307,18.63873239769495,0.6240853515801139,0.1943077071799365,57.77328240776858,33.6,0.969140625,40.0,1.383575216666107
63,Amortized joint surrogate,5.0,MP,4.861979976953307,13.427285387927169,0.6309220910435965,0.27194531593574645,57.84495367906718,31.714285714285715,0.7477678571428571,42.0,1.480555850000087
63,Analytical joint score,5.0,NLOS,4.797950967618172,228.62990297607962,1.6700569857729033,0.27618116507653445,60.40929360485833,28.79591836734694,0.9751275510204082,49.0,1.5890237166672705
63,Amortized joint surrogate,5.0,NLOS,4.797950967618172,153.34496129819283,1.6908521292039194,0.40388981944024116,58.6862715936529,27.382978723404257,0.7194148936170213,47.0,1.633073283333412
63,Analytical joint score,-5.0,LOS,-4.9488976513061,308.9824660716636,1.1589310346933885,0.0317220819083483,54.22727014816635,39.17391304347826,0.9782608695652174,23.0,0.904394733333902
63,Amortized joint surrogate,-5.0,LOS,-4.9488976513061,399.7227203947678,1.363371357164184,0.07452029834954399,55.62156787250391,40.23076923076923,0.7920673076923077,26.0,1.0330457499994357
63,Analytical joint score,-5.0,MP,-5.429617513942823,141.45121305840576,1.5110203638783122,0.11762840212360931,55.64300683416861,41.12,0.969375,25.0,1.0338132833330367
63,Amortized joint surrogate,-5.0,MP,-5.429617513942823,133.84136600401175,1.543457421888488,0.1400668661300457,56.15243275556991,40.88,0.74125,25.0,1.0197021999999833
63,Analytical joint score,-5.0,NLOS,-4.925581888094264,186.31453470481324,1.3443469516513766,0.2080569236767375,55.55878090087837,42.130434782608695,0.9735054347826086,23.0,0.9679756500001228
63,Amortized joint surrogate,-5.0,NLOS,-4.925581888094264,268.2547587431233,1.7695152279915882,0.22494627124570912,56.73318017039054,39.888888888888886,0.7378472222222222,27.0,1.1022438666666783
64,Analytical joint score,15.0,LOS,15.315247162023063,183.321489671296,1.6727810275292823,0.31494320274557,63.5559126077178,11.271186440677965,0.9788135593220338,59.0,1.8023536999995333
64,Amortized joint surrogate,15.0,LOS,15.315247162023063,329.0401937042935,1.7654167196943464,0.22050088103912072,64.0,11.266666666666667,0.51171875,60.0,1.8820710499994675
64,Analytical joint score,15.0,MP,14.371709336449747,118.59134180883837,1.2939679416195808,0.36567652794201333,63.6599871455933,15.101694915254237,0.9735169491525424,59.0,1.8875875166666372
64,Amortized joint surrogate,15.0,MP,14.371709336449747,891.5057581981642,1.783859305139838,0.34935723312118455,63.654912234717614,12.338983050847459,0.5881885593220338,59.0,1.944991466666579
64,Analytical joint score,15.0,NLOS,14.52185307073703,33.87859017028081,1.144970059806377,0.21419006849490693,62.60629020666048,20.0,0.9728618421052632,57.0,1.7784458166668553
64,Amortized joint surrogate,15.0,NLOS,14.52185307073703,1257.025003749372,1.9259612192816853,0.6193539872522495,64.0,8.633333333333333,0.48932291666666666,60.0,2.026097750000607
64,Analytical joint score,5.0,LOS,6.242112599249241,183.44002101589194,1.2323604847695009,0.07725675998559944,56.81370322432965,34.388888888888886,0.9752604166666666,36.0,1.1922028166660918
64,Amortized joint surrogate,5.0,LOS,6.242112599249241,128.96362867514827,0.9347945108283354,0.1299101587218816,58.21165394195817,35.76315789473684,0.8005756578947368,38.0,1.2983938166665137
64,Analytical joint score,5.0,MP,5.268554508826728,314.76449400140154,1.5699061072550946,0.25970988183964555,60.19488965712599,29.98,0.975,50.0,1.6813488333326632
64,Amortized joint surrogate,5.0,MP,5.268554508826728,126.56317755268113,1.2266886979195708,0.24340272978625466,60.111013807908364,28.21276595744681,0.7330452127659575,47.0,1.650687800000128
64,Analytical joint score,5.0,NLOS,4.358451993556194,92.547123668129,1.501831750458083,0.49891437991500653,57.82755515907916,35.68292682926829,0.9695121951219512,41.0,1.3966753833339378
64,Amortized joint surrogate,5.0,NLOS,4.358451993556194,581.0131048503148,1.84084970932301,0.41582784009934926,60.58961969944778,33.333333333333336,0.7259114583333334,48.0,1.6135536166672182
64,Analytical joint score,-5.0,LOS,-5.4389285195503,201.72382480932848,1.6184137462580008,0.0697056564009659,53.60315639593039,39.04,0.97375,25.0,0.9980449000001576
64,Amortized joint surrogate,-5.0,LOS,-5.4389285195503,138.21070306335923,1.401954671933842,0.08002575152047046,54.40598748334255,40.111111111111114,0.7922453703703703,27.0,1.1329865166667712
64,Analytical joint score,-5.0,MP,-4.237272704465012,281.7587617758661,1.49724490713432,0.18274136865863772,55.13829929777331,42.705882352941174,0.9742647058823529,17.0,0.7847992666664064
64,Amortized joint surrogate,-5.0,MP,-4.237272704465012,371.9578398020266,1.1439582417605434,0.18471781360329034,55.57071654974036,42.22222222222222,0.7517361111111112,18.0,0.8115242333332162
64,Analytical joint score,-5.0,NLOS,-4.803357252316661,216.23621676622835,1.5320311740674546,0.23697604576333298,56.270515691125155,39.875,0.9716796875,32.0,1.1588675666663069
64,Amortized joint surrogate,-5.0,NLOS,-4.803357252316661,142.7238319433594,1.1384520389151818,0.21385559272122154,55.251411551643876,40.607142857142854,0.7606026785714286,28.0,1.0985875499992896
65,Analytical joint score,15.0,LOS,15.75138983883818,6.193633990656323,0.35960033807607505,0.13057462962289487,62.639928724766584,28.385964912280702,0.9714912280701754,57.0,1.7094303833336728
65,Amortized joint surrogate,15.0,LOS,15.75138983883818,5.893648955376393,0.26140309102525294,0.1630949088263349,60.998259459880806,28.03846153846154,0.7512019230769231,52.0,1.649346649999946
65,Analytical joint score,15.0,MP,14.545144360399782,16.375863901527836,1.5466863952062886,0.24807318680499205,61.94877346968364,24.927272727272726,0.96875,55.0,1.8626472666672573
65,Amortized joint surrogate,15.0,MP,14.545144360399782,1326.4323440951528,1.6268088644746497,0.39779162902217025,60.82887077500544,18.849056603773583,0.5902122641509434,53.0,1.7791189833332055
65,Analytical joint score,15.0,NLOS,14.768784054703268,759.0995720644997,1.7619605668548344,0.7058426774667373,62.418474646713655,10.473684210526315,0.9750548245614035,57.0,1.8114208499999525
65,Amortized joint surrogate,15.0,NLOS,14.768784054703268,323.69037622103497,1.7799890100344404,0.4969613739873769,64.0,12.45,0.53515625,60.0,1.9860194000007898
65,Analytical joint score,5.0,LOS,5.3608489051168124,59.777164051215046,0.7937115663196261,0.07243883566310695,56.11419177438976,34.578947368421055,0.9708059210526315,38.0,1.289382499999192
65,Amortized joint surrogate,5.0,LOS,5.3608489051168124,12.529171097534592,0.3615203578630125,0.09962377009878284,58.39227265809154,35.78378378378378,0.8133445945945946,37.0,1.322279249999762
65,Analytical joint score,5.0,MP,5.9711920764152415,419.50613082385263,1.3715120521284798,0.21721005130193377,58.10596940289642,31.906976744186046,0.9756540697674418,43.0,1.4476113833334618
65,Amortized joint surrogate,5.0,MP,5.9711920764152415,38.376985859943154,0.3178848982163729,0.10043466430054306,56.574165726069985,34.02857142857143,0.7638392857142857,35.0,1.28732561666709
65,Analytical joint score,5.0,NLOS,4.91258015938505,528.0451968907229,1.9343976461258936,0.4812076192145927,59.64305712707742,34.08888888888889,0.9704861111111112,45.0,1.4840219666666599
65,Amortized joint surrogate,5.0,NLOS,4.91258015938505,80.81196390279764,1.4943369339019201,0.2044599006896239,57.69575572093879,34.19444444444444,0.7426215277777778,36.0,1.3405443999999989
65,Analytical joint score,-5.0,LOS,-4.715659771062892,194.76113055623603,1.4527052459349008,0.056355371826654455,55.691196653533176,42.28,0.97,25.0,0.9443155333334138
65,Amortized joint surrogate,-5.0,LOS,-4.715659771062892,50.97805127578687,0.9846511437209698,0.10064547950594091,54.99859002254078,41.625,0.8053385416666666,24.0,0.9668715166668562
65,Analytical joint score,-5.0,MP,-4.375098721173511,95.00284593193658,1.2433340323757458,0.1966769378081187,54.56424643515223,40.708333333333336,0.97265625,24.0,0.9668284499999421
65,Amortized joint surrogate,-5.0,MP,-4.375098721173511,76.48185893436701,1.0097178326068457,0.1616359894292572,56.04029625518033,41.925925925925924,0.7291666666666666,27.0,1.0882819166672182
65,Analytical joint score,-5.0,NLOS,-3.7475257005538087,410.5511501987089,1.6989022560794356,0.17724737180360278,55.46695201506166,42.95,0.9765625,20.0,0.8808938500000826
65,Amortized joint surrogate,-5.0,NLOS,-3.7475257005538087,313.2516050180427,1.7479998871622051,0.13594044602187594,55.1131859810341,42.94444444444444,0.7508680555555556,18.0,0.9520225833332082
66,Analytical joint score,15.0,LOS,14.759865519855813,684.4708245516005,1.8472770334718922,0.17754249016855128,64.0,12.533333333333333,0.97890625,60.0,2.0640611500008768
66,Amortized joint surrogate,15.0,LOS,14.759865519855813,188.80557264326026,1.2725376977478493,0.22717428876885004,62.95841047609296,13.706896551724139,0.5439116379310345,58.0,2.3486339500000972
66,Analytical joint score,15.0,MP,15.043753176139049,842.5295959649935,1.6675017768198777,0.26406466682842883,64.0,10.35,0.9765625,60.0,2.0278414833332667
66,Amortized joint surrogate,15.0,MP,15.043753176139049,929.7077874119744,1.70849751333382,0.26352772541338243,64.0,11.966666666666667,0.5067708333333333,60.0,1.966989283333002
66,Analytical joint score,15.0,NLOS,14.668296310979176,652.2331651951562,1.7320454879509504,0.46798928970675735,62.67519736403742,17.618181818181817,0.971875,55.0,1.8101722000002003
66,Amortized joint surrogate,15.0,NLOS,14.668296310979176,145.35356969208394,1.1645557153565576,0.39809920669811566,62.94558754416156,18.06896551724138,0.6258081896551724,58.0,1.9487134666671106
66,Analytical joint score,5.0,LOS,5.133089290050059,18.171904454644753,0.42903670966263424,0.0431641881743695,57.04066831000916,36.39393939393939,0.9711174242424242,33.0,1.2963845166675962
66,Amortized joint surrogate,5.0,LOS,5.133089290050059,177.99410255420443,1.1275606191212557,0.1021011425365696,58.13801567796737,34.46511627906977,0.7834302325581395,43.0,1.560567700000585
66,Analytical joint score,5.0,MP,4.196221067531084,97.5100503930063,0.848330444907972,0.1659524950914472,57.35822075392078,33.87179487179487,0.9787660256410257,39.0,1.631819266665957
66,Amortized joint surrogate,5.0,MP,4.196221067531084,438.97768772253886,1.7499813591551954,0.15621125716830364,59.022732554656386,31.953488372093023,0.7049418604651163,43.0,1.7147471999995407
66,Analytical joint score,5.0,NLOS,4.747465957682568,111.17657201079892,1.6007251325038812,0.2551550290409658,59.195483876915944,29.133333333333333,0.9729166666666667,45.0,1.574334016666512
66,Amortized joint surrogate,5.0,NLOS,4.747465957682568,111.89938325946711,1.6000191601300344,0.4403719418880828,59.68632352093658,30.125,0.7298177083333334,48.0,1.8642064666664737
66,Analytical joint score,-5.0,LOS,-5.7157405338753,146.70125558323912,1.5902262994548768,0.07875063719447808,54.98383503140874,41.36363636363637,0.9829545454545454,22.0,0.958590549999864
66,Amortized joint surrogate,-5.0,LOS,-5.7157405338753,107.09003073820429,1.180149425198056,0.08707094318256227,54.82957108691352,40.73076923076923,0.8058894230769231,26.0,1.1695918999995076
66,Analytical joint score,-5.0,MP,-5.886258064702239,192.3810344406726,1.1472820934843897,0.146760738867154,54.50976664178442,40.03448275862069,0.9757543103448276,29.0,1.2203287500000215
66,Amortized joint surrogate,-5.0,MP,-5.886258064702239,222.20645309539157,1.2960749115180985,0.14983193837338596,57.248431691251426,41.206896551724135,0.744073275862069,29.0,1.2724449666668154
66,Analytical joint score,-5.0,NLOS,-5.146684061329419,99.02141262111415,1.6070170550169718,0.223001464211944,55.68515994195311,40.58620689655172,0.9725215517241379,29.0,1.1116630166668529
66,Amortized joint surrogate,-5.0,NLOS,-5.146684061329419,84.48574078816827,1.6600664703633734,0.23720058361609925,55.42051835298994,40.41379310344828,0.7526939655172413,29.0,1.1392737666672776
67,Analytical joint score,15.0,LOS,15.311623494059962,328.5273460335471,1.5099949086038051,0.3043039351740626,63.840917213664945,10.440677966101696,0.973781779661017,59.0,1.7692983166663605
67,Amortized joint surrogate,15.0,LOS,15.311623494059962,101.4142080105051,1.3971431996302857,0.33585010036939195,63.02580995288482,13.655172413793103,0.540948275862069,58.0,1.8614543000002943
67,Analytical joint score,15.0,MP,14.624761926179637,285.00999341173815,1.625354653509704,0.5357477010604544,64.0,9.35,0.9799479166666667,60.0,3.357726249999852
67,Amortized joint surrogate,15.0,MP,14.624761926179637,428.1394276270632,1.7046933945327987,0.30465042261424763,64.0,9.833333333333334,0.4752604166666667,60.0,2.363317150000436
67,Analytical joint score,15.0,NLOS,15.495308455335548,888.9785960842793,1.6926134501010612,0.7876230862970622,63.64811714887811,12.05084745762712,0.9748411016949152,59.0,2.02879863333294
67,Amortized joint surrogate,15.0,NLOS,15.495308455335548,376.9834390512915,1.6595004808380147,0.7320132694677266,61.99689395660895,15.482142857142858,0.6143973214285714,56.0,1.8428971333330917
67,Analytical joint score,5.0,LOS,4.455220435164123,280.07225075171124,1.6753788112946966,0.10883914947693941,58.300039390418455,32.95238095238095,0.9754464285714286,42.0,1.4300951833329616
67,Amortized joint surrogate,5.0,LOS,4.455220435164123,381.0060429006762,1.5851521960554729,0.0946329430540615,57.76646565019774,32.875,0.77265625,40.0,1.4129293166670702
67,Analytical joint score,5.0,MP,5.1234582268803655,12.62550553464814,0.6242516032807287,0.34297538118301424,57.26163020665883,33.292682926829265,0.9778963414634146,41.0,1.4765684000006256
67,Amortized joint surrogate,5.0,MP,5.1234582268803655,116.2579896940181,1.5797183590100123,0.3127180473670166,58.67493477338929,31.272727272727273,0.7389914772727273,44.0,1.6585172166666478
67,Analytical joint score,5.0,NLOS,4.990429310868954,139.967632779367,1.4163990976684995,0.31770810243928616,59.08586745594101,30.6,0.9677083333333333,45.0,1.5799417166666292
67,Amortized joint surrogate,5.0,NLOS,4.990429310868954,22.687895892188326,0.9181712807514565,0.23749106208399112,57.32009265344718,31.83783783783784,0.7487331081081081,37.0,2.077948616666466
67,Analytical joint score,-5.0,LOS,-5.969129428229538,92.44566328447598,1.1065454009328455,0.08349505116273927,56.41576315086223,40.68,0.97625,25.0,1.4949507499996646
67,Amortized joint surrogate,-5.0,LOS,-5.969129428229538,237.06280234301207,1.2353303695891862,0.058943999160115126,56.671126546694985,40.92307692307692,0.7710336538461539,26.0,1.3868971666672298
67,Analytical joint score,-5.0,MP,-5.050484665116846,491.0003376730535,1.6544413741702355,0.07802149354377381,56.40445195665347,41.28,0.97375,25.0,1.3761472666667867
67,Amortized joint surrogate,-5.0,MP,-5.050484665116846,407.89183754219874,1.4167036015939556,0.12337586970843492,54.860692467223906,40.12,0.73625,25.0,1.3081135166667461
67,Analytical joint score,-5.0,NLOS,-4.858231815803049,130.90924841630397,1.316658433781476,0.41456690094066734,56.08822642334655,40.22222222222222,0.9681712962962963,27.0,1.050640716667317
67,Amortized joint surrogate,-5.0,NLOS,-4.858231815803049,151.1262594523297,1.8020409699382351,0.4379348394351636,54.11194891720803,40.375,0.7506510416666666,24.0,1.010758916666532
68,Analytical joint score,15.0,LOS,14.17504703738241,11.126163894608228,0.4725895291815788,0.08141163544803451,62.075590739806835,21.357142857142858,0.9748883928571429,56.0,1.6992840000000342
68,Amortized joint surrogate,15.0,LOS,14.17504703738241,522.0029331106144,1.8331533214934577,0.16888191921185458,63.19540672053634,10.543859649122806,0.5304276315789473,57.0,1.7982991833330668
68,Analytical joint score,15.0,MP,14.610731500535847,41.47752811925803,1.23911827593935,0.45820870860076807,62.88495042459848,15.517241379310345,0.9698275862068966,58.0,1.8425395999997818
68,Amortized joint surrogate,15.0,MP,14.610731500535847,220.0961390613512,1.2115451969850206,0.3374040863963013,63.55661181107944,10.016949152542374,0.5558792372881356,59.0,2.0140366333331863
68,Analytical joint score,15.0,NLOS,15.43039750198874,296.7919441122135,1.5910498963788078,0.4227053079850075,63.64440733189101,12.440677966101696,0.975635593220339,59.0,1.9756361833335252
68,Amortized joint surrogate,15.0,NLOS,15.43039750198874,388.6985962244633,1.7185166946790726,0.3983298432586498,63.35744893110532,13.120689655172415,0.5681573275862069,58.0,2.0071753166670683
68,Analytical joint score,5.0,LOS,5.317966086334937,44.39344879661471,0.4712132374714981,0.09195271467096888,59.7469240243502,36.357142857142854,0.9799107142857143,42.0,1.6619410499998821
68,Amortized joint surrogate,5.0,LOS,5.317966086334937,951.7378931761745,1.491488569385427,0.10140394609673821,59.513268263603514,31.09090909090909,0.7755681818181818,44.0,1.5253434999995836
68,Analytical joint score,5.0,MP,6.16304916108186,77.21786715500924,1.2982528053409301,0.11593704405354284,60.77952049945722,33.627450980392155,0.9739583333333334,51.0,1.7157989833331537
68,Amortized joint surrogate,5.0,MP,6.16304916108186,381.55613595134326,1.7290146131512283,0.15484538962526695,59.70464620715071,33.02173913043478,0.7153532608695652,46.0,1.5894498499998615
68,Analytical joint score,5.0,NLOS,4.62044967826667,309.6864022446559,1.6917323430495692,0.3525072387303772,57.423704230090664,27.697674418604652,0.9676598837209303,43.0,1.582522966666981
68,Amortized joint surrogate,5.0,NLOS,4.62044967826667,263.9230890015925,1.7730797255619735,0.2593800507694201,60.546631988339925,28.02,0.701875,50.0,1.878097033333385
68,Analytical joint score,-5.0,LOS,-5.558903081762755,188.8523063540991,1.052028250396955,0.0990529239853936,55.82167807532212,41.12,0.978125,25.0,0.97872528333293
68,Amortized joint surrogate,-5.0,LOS,-5.558903081762755,208.2319151515616,1.0547640205340238,0.0663288813476961,55.35895632506262,39.6,0.806875,25.0,1.0214555666664182
68,Analytical joint score,-5.0,MP,-5.5854271996229805,384.88029273798617,1.598009019047774,0.16104958701832864,56.45132306446936,39.583333333333336,0.9765625,24.0,1.007435866666621
68,Amortized joint surrogate,-5.0,MP,-5.5854271996229805,565.1089156178288,1.6951277147300692,0.1161066839032899,55.65258660376975,39.76,0.7525,25.0,1.0005173166661052
68,Analytical joint score,-5.0,NLOS,-5.186439474158833,51.49742816339229,1.1421806306344104,0.38175967568201175,53.92979652034816,38.76,0.973125,25.0,0.9877098833328546
68,Amortized joint surrogate,-5.0,NLOS,-5.186439474158833,57.8905319205947,1.1173754867197254,0.26719549713215457,55.7957821957892,39.88461538461539,0.7548076923076923,26.0,1.0563335833334502
69,Analytical joint score,15.0,LOS,15.009591181068645,402.7274207024122,1.460901700190906,0.1901797937502069,62.490270175244234,16.0,0.9695723684210527,57.0,1.7428998500008674
69,Amortized joint surrogate,15.0,LOS,15.009591181068645,184.3355121656941,1.0678576344383863,0.16494042869747627,61.995269824673905,19.62962962962963,0.5914351851851852,54.0,1.933749733332964
69,Analytical joint score,15.0,MP,15.390600509121303,1132.431294036269,1.7965880075831566,0.3102884776427983,64.0,10.25,0.9776041666666667,60.0,1.9108999999995528
69,Amortized joint surrogate,15.0,MP,15.390600509121303,918.1285904520228,1.5304577165242121,0.29185492325166473,64.0,12.483333333333333,0.5361979166666667,60.0,1.9209406500001098
69,Analytical joint score,15.0,NLOS,15.735514276822824,391.553486778768,1.8222673187577485,0.5790830577543954,64.0,8.983333333333333,0.9713541666666666,60.0,1.8586861999997002
69,Amortized joint surrogate,15.0,NLOS,15.735514276822824,228.57852392721938,2.2073362243718555,0.797090207362467,64.0,12.9,0.5768229166666666,60.0,1.9285979666667192
69,Analytical joint score,5.0,LOS,5.04552100772875,307.3203588439715,1.2894934828803242,0.16002357438915701,59.49091293028736,33.91111111111111,0.9774305555555556,45.0,1.451583233334001
69,Amortized joint surrogate,5.0,LOS,5.04552100772875,205.31247965155134,1.533556212612902,0.10653652006045441,59.36643340857902,32.951219512195124,0.7694359756097561,41.0,1.3655820333336048
69,Analytical joint score,5.0,MP,4.637474929636316,262.67341413357013,1.2784882957696921,0.19215585038285055,58.059273188527676,30.69047619047619,0.9724702380952381,42.0,1.4225217999997615
69,Amortized joint surrogate,5.0,MP,4.637474929636316,17.78844091003913,0.3975997315254575,0.10394853968960265,56.708764121756495,31.457142857142856,0.7352678571428571,35.0,1.2949106499992997
69,Analytical joint score,5.0,NLOS,5.197944924999209,160.43328295649067,0.9955662658112,0.19191308249962033,57.61145918995444,32.542857142857144,0.9758928571428571,35.0,1.1988379000001714
69,Amortized joint surrogate,5.0,NLOS,5.197944924999209,119.54398679543401,1.4389206756179214,0.4255332121676186,58.681139939398086,35.166666666666664,0.7485119047619048,42.0,1.5519362833326038
69,Analytical joint score,-5.0,LOS,-4.881888867672944,531.2169393339278,1.3362394053643334,0.10077966613142766,55.84898932012269,37.875,0.9720052083333334,24.0,0.9480730166662473
69,Amortized joint surrogate,-5.0,LOS,-4.881888867672944,463.33959751750535,1.5144129721510602,0.07974857343138844,55.89434377130926,39.95652173913044,0.7860054347826086,23.0,0.9463217666668319
69,Analytical joint score,-5.0,MP,-5.20417421358186,140.26634806270295,0.8646806230686099,0.1627351197121227,54.46260007994041,40.48,0.9725,25.0,0.9781589500003444
69,Amortized joint surrogate,-5.0,MP,-5.20417421358186,130.86717165445162,1.081746577508103,0.14514280578746405,55.377269509619275,41.5,0.7680288461538461,26.0,1.0215720666669388
69,Analytical joint score,-5.0,NLOS,-4.650434903803186,239.56964029670348,1.37400235713605,0.29045365260429096,56.583919496084775,42.0,0.9765625,24.0,0.9469041333327747
69,Amortized joint surrogate,-5.0,NLOS,-4.650434903803186,237.2153242111367,1.6337048420295308,0.1815269356276159,53.70632319999296,43.0,0.7639802631578947,19.0,0.8412331999996544
70,Analytical joint score,15.0,LOS,15.212087037267185,362.98962927029334,1.4671376198434487,0.1332434006005127,63.77646325107319,10.254237288135593,0.9751059322033898,59.0,1.7374781666669985
70,Amortized joint surrogate,15.0,LOS,15.212087037267185,875.9402446380386,1.8367990080869736,0.1968138701866634,63.55082620535804,11.344827586206897,0.53125,58.0,1.8013575166662577
70,Analytical joint score,15.0,MP,14.140779220967152,425.54505249880276,1.5505760342376598,0.2707737307158935,63.449585632818696,13.186440677966102,0.9735169491525424,59.0,1.8086297666665512
70,Amortized joint surrogate,15.0,MP,14.140779220967152,707.697161077256,1.5079008564856562,0.393914551069721,63.243195362583414,13.241379310344827,0.5196659482758621,58.0,1.8930696500007116
70,Analytical joint score,15.0,NLOS,15.436424204104515,188.67626330055714,1.115964519532755,0.42488070404396083,62.9628143419128,17.473684210526315,0.975328947368421,57.0,1.771810199999398
70,Amortized joint surrogate,15.0,NLOS,15.436424204104515,967.6213899989365,1.7984866349889022,0.3680279139394038,63.782925720885494,10.983050847457626,0.5150953389830508,59.0,1.967014550000575
70,Analytical joint score,5.0,LOS,4.498183648992821,572.0295063667919,1.7319525569863814,0.11280927642625457,58.67662430927448,30.25,0.97265625,40.0,1.30373249999991
70,Amortized joint surrogate,5.0,LOS,4.498183648992821,173.5785374920907,1.6374175913371287,0.0824834333018622,59.042124286582464,35.23076923076923,0.7848557692307693,39.0,1.3259523166662273
70,Analytical joint score,5.0,MP,4.840227079060414,791.3021870842884,1.2968779347269788,0.12018367128831803,59.206895377774195,31.477272727272727,0.9783380681818182,44.0,1.4508300999996966
70,Amortized joint surrogate,5.0,MP,4.840227079060414,68.74325691937291,0.8812499897488022,0.37529533096563994,59.08119367167122,32.24390243902439,0.7065548780487805,41.0,1.4763711666669603
70,Analytical joint score,5.0,NLOS,4.596717153466123,688.4738363394521,1.7276374259896037,0.38044746593231615,60.875512247823686,30.354166666666668,0.9664713541666666,48.0,1.6496385833335125
70,Amortized joint surrogate,5.0,NLOS,4.596717153466123,244.9403871809662,1.3788412739153746,0.4613270383003918,58.04590652942639,29.651162790697676,0.7281976744186046,43.0,1.607752566666439
70,Analytical joint score,-5.0,LOS,-5.023764280938932,222.06585459623366,1.180627494080267,0.0752111659966306,55.57989110032644,43.13636363636363,0.96875,22.0,0.933539050000339
70,Amortized joint surrogate,-5.0,LOS,-5.023764280938932,333.93484759735173,1.4639179815871615,0.08245768352588582,55.35948260578147,42.714285714285715,0.7938988095238095,21.0,0.9962504166660816
70,Analytical joint score,-5.0,MP,-4.681272305541558,284.9267604304775,1.3820598784939655,0.2527553861961531,56.791198675096666,44.36363636363637,0.9744318181818182,22.0,0.9157382499997387
70,Amortized joint surrogate,-5.0,MP,-4.681272305541558,198.82789187576623,1.3810805869268994,0.1845729683285999,54.00808903744121,44.31578947368421,0.759046052631579,19.0,0.9082220000000992
70,Analytical joint score,-5.0,NLOS,-5.810043918191925,163.54379595572604,1.3564572474412804,0.2595325459863272,54.9679061987134,38.73076923076923,0.9681490384615384,26.0,1.0716013833340792
70,Amortized joint surrogate,-5.0,NLOS,-5.810043918191925,191.08862073070046,1.5509320847502561,0.22935602489718585,55.525698389504136,40.81481481481482,0.7546296296296297,27.0,1.1975251333334807
71,Analytical joint score,15.0,LOS,14.750095703347995,37.311975424523645,1.2140000147352856,0.17797793043482849,61.974749833730726,23.963636363636365,0.9710227272727273,55.0,1.8452540333328216
71,Amortized joint surrogate,15.0,LOS,14.750095703347995,255.24592460660088,1.562466810417922,0.14626869504849005,62.23692735971273,21.767857142857142,0.6844308035714286,56.0,1.877152816666694
71,Analytical joint score,15.0,MP,15.882526809814607,958.7943494412084,1.4456823417101081,0.36642955171121605,64.0,11.616666666666667,0.9747395833333333,60.0,1.974751633333464
71,Amortized joint surrogate,15.0,MP,15.882526809814607,1036.5742043011016,1.8060294617667894,0.31114923326026367,63.81038198391656,9.661016949152541,0.4811970338983051,59.0,2.485083600000356
71,Analytical joint score,15.0,NLOS,14.673859512093008,309.86167696018464,1.3881592951073731,0.5328615823582062,63.16515005948586,11.844827586206897,0.9773706896551724,58.0,1.905304233332572
71,Amortized joint surrogate,15.0,NLOS,14.673859512093008,182.85939632573732,1.6402771467055328,0.8252130282328662,64.0,9.9,0.5192708333333333,60.0,2.000185883333453
71,Analytical joint score,5.0,LOS,4.7084483009259674,317.98058603162576,0.9363946306281786,0.1058617230536106,57.37150650997492,32.088235294117645,0.9738051470588235,34.0,1.2016271833327135
71,Amortized joint surrogate,5.0,LOS,4.7084483009259674,24.37010970407465,0.5422370280723319,0.045619378970815895,57.49764510470296,34.23684210526316,0.7783717105263158,38.0,1.3389489500004477
71,Analytical joint score,5.0,MP,4.318652150533724,385.8543423821986,1.2605622495869673,0.13983878249770862,59.97031104033453,30.02127659574468,0.9744015957446809,47.0,1.587698533333537
71,Amortized joint surrogate,5.0,MP,4.318652150533724,456.0734085671288,1.445730614339128,0.2387401468468789,60.215837493797416,29.4,0.729375,50.0,1.6602622499997703
71,Analytical joint score,5.0,NLOS,4.719906906213859,121.32744567422758,1.561012730657453,0.314300346661665,60.83298521791132,30.152173913043477,0.9745244565217391,46.0,1.5272485333336288
71,Amortized joint surrogate,5.0,NLOS,4.719906906213859,61.29277604255859,1.2540890319586193,0.383823593183231,58.84530351447855,29.727272727272727,0.7368607954545454,44.0,1.5179930333327245
71,Analytical joint score,-5.0,LOS,-4.976216949930839,359.46481084378047,1.6928133481861856,0.1247533479594803,54.992049411342435,40.54545454545455,0.9758522727272727,22.0,0.8690420499997723
71,Amortized joint surrogate,-5.0,LOS,-4.976216949930839,47.09733111729347,1.13427063380684,0.1691398903912877,56.04876967024029,40.629629629629626,0.7980324074074074,27.0,1.0566047166671904
71,Analytical joint score,-5.0,MP,-5.497211129129233,296.14844380026176,1.322272055615118,0.13479672127360795,57.21657890683249,40.172413793103445,0.9827586206896551,29.0,1.0937556166671432
71,Amortized joint surrogate,-5.0,MP,-5.497211129129233,373.82352202423726,1.5906931019518473,0.11147712288342537,55.72629455115432,41.55172413793103,0.7386853448275862,29.0,1.1222016499999654
71,Analytical joint score,-5.0,NLOS,-4.4577851368777885,138.93424593848394,1.2206326500944606,0.41325006082596616,53.73565908785208,39.8,0.976875,25.0,0.9795740500000724
71,Amortized joint surrogate,-5.0,NLOS,-4.4577851368777885,220.48150703524593,1.533601544745953,0.3081186202607054,53.670242633339676,39.958333333333336,0.7721354166666666,24.0,1.047583383333972
72,Analytical joint score,15.0,LOS,14.588862037299261,137.52130900222366,1.448297806134044,0.1880079002421277,63.51043984043765,14.672413793103448,0.9722521551724138,58.0,1.7082451666662262
72,Amortized joint surrogate,15.0,LOS,14.588862037299261,234.22726319618707,1.7993790561594607,0.2637602895325364,64.0,10.4,0.5208333333333334,60.0,1.9115773166665424
72,Analytical joint score,15.0,MP,14.57610412957427,215.6151223587417,1.5689983332257864,0.22409997351104705,64.0,11.283333333333333,0.9697916666666667,60.0,1.8864242999995895
72,Amortized joint surrogate,15.0,MP,14.57610412957427,839.6502352511461,1.7731875910295665,0.3455767373526374,63.2830714094525,9.87719298245614,0.4923245614035088,57.0,1.8575297833327415
72,Analytical joint score,15.0,NLOS,15.574812531762646,361.0921836826445,1.8390929850424564,0.5858167861151511,64.0,12.766666666666667,0.97734375,60.0,1.8328901833333096
72,Amortized joint surrogate,15.0,NLOS,15.574812531762646,480.33652752103256,1.7132232617301932,0.6821304429477582,64.0,9.883333333333333,0.5111979166666667,60.0,1.9443138499999197
72,Analytical joint score,5.0,LOS,4.676458413080727,1177.2350914665028,1.614907716787537,0.14514739802101062,59.8885213251929,30.931818181818183,0.9769176136363636,44.0,1.3838397833334664
72,Amortized joint surrogate,5.0,LOS,4.676458413080727,31.338559302764036,0.7399615254332649,0.1293366531798536,59.95548454956205,34.15217391304348,0.7795516304347826,46.0,1.5093352333328387
72,Analytical joint score,5.0,MP,5.497391021917519,38.09998325090745,1.0649222372696463,0.16120067897481843,55.91729575613576,34.75,0.9739583333333334,36.0,1.2614536000000953
72,Amortized joint surrogate,5.0,MP,5.497391021917519,45.49168154334657,1.0641711703059806,0.22722651076960654,57.63138360358977,35.60526315789474,0.7450657894736842,38.0,1.441037483333692
72,Analytical joint score,5.0,NLOS,5.202898497487646,119.07541051298995,1.3957231295808008,0.4600476904052916,57.99417408246929,30.488888888888887,0.9767361111111111,45.0,1.4445773666665218
72,Amortized joint surrogate,5.0,NLOS,5.202898497487646,80.20760169403543,1.680977883732498,0.3396603803679198,59.29733278943413,32.52173913043478,0.7167119565217391,46.0,1.6280665166666115
72,Analytical joint score,-5.0,LOS,-5.070704757704336,90.18689698505052,1.130806599717673,0.1660840344584744,55.357946910929435,44.45,0.97734375,20.0,1.0585812999996354
72,Amortized joint surrogate,-5.0,LOS,-5.070704757704336,80.7249266864972,1.054865357837989,0.11994349681627252,57.16877938854867,43.04347826086956,0.8023097826086957,23.0,1.1894927666664519
72,Analytical joint score,-5.0,MP,-5.024524377234928,176.99516498073618,1.9577190139736267,0.07558770150226128,52.15268554745342,39.72727272727273,0.9758522727272727,22.0,0.915520233333685
72,Amortized joint surrogate,-5.0,MP,-5.024524377234928,124.58182331534852,1.5744888327062576,0.13324607472047334,54.74817243771431,37.86363636363637,0.7400568181818182,22.0,0.9333752833327935
72,Analytical joint score,-5.0,NLOS,-5.3941333996311025,235.7988137711702,1.571874541750494,0.30786928773317074,55.88096506129998,39.035714285714285,0.9776785714285714,28.0,1.0570687333332291
72,Amortized joint surrogate,-5.0,NLOS,-5.3941333996311025,227.96789644278783,1.7003074834709273,0.3150398923593557,54.64599442251372,38.69230769230769,0.7391826923076923,26.0,1.0285318999999997
73,Analytical joint score,15.0,LOS,15.797728027129732,156.82175856732414,1.3155734326230968,0.18577171568987572,63.121087076238744,12.189655172413794,0.9781788793103449,58.0,1.7191661500002435
73,Amortized joint surrogate,15.0,LOS,15.797728027129732,205.42436310433095,1.6353995943525594,0.3889129087051367,62.75636969119069,13.403508771929825,0.575109649122807,57.0,1.7802390666673773
73,Analytical joint score,15.0,MP,15.614850462689748,5.483819303396719,0.5215220250728563,0.1712315886744811,63.13051088400393,26.25862068965517,0.9649784482758621,58.0,2.0566735500002173
73,Amortized joint surrogate,15.0,MP,15.614850462689748,480.7990722819007,1.5931107293188733,0.3053350712437789,64.0,12.383333333333333,0.509375,60.0,2.447293299999842
73,Analytical joint score,15.0,NLOS,15.39208318469999,70.16800257398533,0.9313766007865993,0.20105584265549575,61.660072119275156,23.14814814814815,0.9739583333333334,54.0,1.9007251166669903
73,Amortized joint surrogate,15.0,NLOS,15.39208318469999,79.77005584141482,1.6868358061549666,0.5652279112504788,62.64549036716787,23.517857142857142,0.67578125,56.0,2.142171566667154
73,Analytical joint score,5.0,LOS,5.848783697917542,25.46154966803498,0.5356610119278058,0.10664655259721578,56.19027548614435,35.23529411764706,0.9770220588235294,34.0,1.3722428166668503
73,Amortized joint surrogate,5.0,LOS,5.848783697917542,172.21268279120514,1.3687267620004555,0.09486052179881939,58.43346743364358,31.48780487804878,0.7717225609756098,41.0,1.4026540833337247
73,Analytical joint score,5.0,MP,5.1544446326677456,562.7822007327121,1.7891900999555834,0.19998702405268795,58.318222719787975,33.325581395348834,0.9712936046511628,43.0,1.46370246666739
73,Amortized joint surrogate,5.0,MP,5.1544446326677456,371.60702641179563,1.6316500133697716,0.20036797092859474,58.301913265813994,32.76744186046512,0.7176598837209303,43.0,1.6102082833327813
73,Analytical joint score,5.0,NLOS,4.581499237311643,252.14225525059896,1.6761682995008569,0.7636384790684265,60.09451054341704,27.755555555555556,0.9694444444444444,45.0,1.5626666833336837
73,Amortized joint surrogate,5.0,NLOS,4.581499237311643,49.645235799294085,1.6066653594385556,0.35560444610320696,59.09412231044424,30.761904761904763,0.7161458333333334,42.0,1.5098355499996312
73,Analytical joint score,-5.0,LOS,-5.214176077122003,159.98280051162365,1.0835065626261653,0.09885689855368146,55.611141216643325,42.608695652173914,0.9775815217391305,23.0,0.9590017333332904
73,Amortized joint surrogate,-5.0,LOS,-5.214176077122003,144.10459872653223,1.4625744445800737,0.11046903115491266,56.128673709138546,42.34782608695652,0.8063858695652174,23.0,1.0726300666666095
73,Analytical joint score,-5.0,MP,-4.16624547897937,312.45779222955775,1.3116769957670387,0.13884507758385667,55.55588161109565,40.63636363636363,0.9744318181818182,22.0,0.931260650000354
73,Amortized joint surrogate,-5.0,MP,-4.16624547897937,255.61514464374838,1.3537265411288635,0.1505080876385885,55.8316956369909,39.5,0.724609375,24.0,1.114006699999474
73,Analytical joint score,-5.0,NLOS,-5.041439064597203,41.209106249081856,1.5529590527880528,0.24809565793493685,56.9201164594292,39.96875,0.98193359375,32.0,1.2868354500000123
73,Amortized joint surrogate,-5.0,NLOS,-5.041439064597203,105.17541474916247,1.7996068273087502,0.3746588724635198,55.41204035740631,38.925925925925924,0.7424768518518519,27.0,1.107158416666228
74,Analytical joint score,15.0,LOS,14.576487475212339,351.32188148509243,1.5078826787086383,0.24551510744126767,63.40385515871899,15.051724137931034,0.9760237068965517,58.0,1.9294567166667775
74,Amortized joint surrogate,15.0,LOS,14.576487475212339,341.33638211779095,1.5641361808674843,0.24342493367661175,63.16130356527109,12.982456140350877,0.5452302631578947,57.0,1.8844155166666117
74,Analytical joint score,15.0,MP,15.086432377256152,232.44182405190304,1.2579265064300538,0.20645946992760827,63.5946672786219,12.796610169491526,0.9698093220338984,59.0,2.049295316666644
74,Amortized joint surrogate,15.0,MP,15.086432377256152,490.4078308719888,1.5449558427125012,0.5252188344940856,63.70466332424766,10.135593220338983,0.503177966101695,59.0,2.1414867333334087
74,Analytical joint score,15.0,NLOS,15.022138535836495,454.03962771143574,1.4734862914984752,0.6611194861265576,64.0,7.416666666666667,0.9786458333333333,60.0,1.9123420499994381
74,Amortized joint surrogate,15.0,NLOS,15.022138535836495,783.5356038805306,1.8709328360846016,0.7602436842793768,64.0,5.516666666666667,0.4348958333333333,60.0,2.0322046666668334
74,Analytical joint score,5.0,LOS,4.610550058608865,206.02143354056741,1.3305407875888764,0.049929789201169215,58.16851641329816,33.82051282051282,0.9727564102564102,39.0,1.2977622333333254
74,Amortized joint surrogate,5.0,LOS,4.610550058608865,103.51003469576482,1.1092100625615249,0.11357744621691712,56.68831201803801,32.484848484848484,0.7779356060606061,33.0,1.216347633333233
74,Analytical joint score,5.0,MP,5.4030586935008245,11.80723689245157,0.3571914037803984,0.08053371588313817,57.06662819224152,36.578947368421055,0.9823190789473685,38.0,1.4681825000006181
74,Amortized joint surrogate,5.0,MP,5.4030586935008245,13.067236105306131,0.4220312174541036,0.10691052409616049,56.498315269762166,31.972972972972972,0.7250844594594594,37.0,1.4153607833331232
74,Analytical joint score,5.0,NLOS,5.475836152368947,126.60877353899333,1.4374743227872955,0.2208482008297186,58.34713435503617,34.82051282051282,0.9755608974358975,39.0,1.5781394166661282
74,Amortized joint surrogate,5.0,NLOS,5.475836152368947,132.91847315641758,1.4376474709185407,0.18494670728416657,58.09234043537333,35.3421052631579,0.7388980263157895,38.0,1.4922827500006026
74,Analytical joint score,-5.0,LOS,-3.881587932433553,138.88087931083382,1.7610855095631925,0.08023505340787467,56.14856447180265,42.34782608695652,0.9694293478260869,23.0,0.9606297166660246
74,Amortized joint surrogate,-5.0,LOS,-3.881587932433553,168.01071026781395,1.4276476722058975,0.10082680104024144,53.84963487473311,41.22727272727273,0.7833806818181818,22.0,0.9767353499995579
74,Analytical joint score,-5.0,MP,-5.069793147335917,676.7518122796652,1.5499363987231534,0.09767166329003019,55.53163164176786,41.17391304347826,0.9728260869565217,23.0,0.9446277666664097
74,Amortized joint surrogate,-5.0,MP,-5.069793147335917,359.8212691717877,1.4229795516389745,0.09148763160151506,55.80575579199576,40.30434782608695,0.7391304347826086,23.0,1.0836682999998477
74,Analytical joint score,-5.0,NLOS,-5.262165714723532,148.23529344027725,1.832667548171539,0.16361941710457353,53.82514235629257,39.2962962962963,0.9797453703703703,27.0,1.0555148666668401
74,Amortized joint surrogate,-5.0,NLOS,-5.262165714723532,228.35977447906018,1.5543757397941553,0.35315033329289414,57.10755816028844,37.766666666666666,0.7682291666666666,30.0,1.1473024833331162
75,Analytical joint score,15.0,LOS,14.446412246273308,560.7320451504432,1.668607570870146,0.2700023419984649,62.949863923107635,11.344827586206897,0.9773706896551724,58.0,1.7137203666663936
75,Amortized joint surrogate,15.0,LOS,14.446412246273308,502.14427141300143,1.5172341036307668,0.203496355726788,64.0,12.152542372881356,0.5127118644067796,59.0,1.813176783333385
75,Analytical joint score,15.0,MP,15.987078140227197,1.5414805169837589,0.25123387006273695,0.09755080072102161,60.63416545594291,25.596153846153847,0.9672475961538461,52.0,1.7294432500004102
75,Amortized joint surrogate,15.0,MP,15.987078140227197,1.2318607995637874,0.18517808552861945,0.15691207788389736,61.199181673245306,25.666666666666668,0.6866319444444444,54.0,1.8208280833334811
75,Analytical joint score,15.0,NLOS,14.895765066547206,137.62093652950446,1.478685059539453,0.527520042161869,63.024597347260645,13.333333333333334,0.975328947368421,57.0,1.9169252000002264
75,Amortized joint surrogate,15.0,NLOS,14.895765066547206,217.63764725863714,2.0265809589368025,0.7857676750024407,63.257917128088614,14.24561403508772,0.5627741228070176,57.0,2.426112050000029
75,Analytical joint score,5.0,LOS,5.103889620869635,11.265076245874198,0.5467658353366565,0.2308613999299794,57.63687987922643,36.421052631578945,0.9819078947368421,38.0,1.3598040499999797
75,Amortized joint surrogate,5.0,LOS,5.103889620869635,73.08481387569893,1.1989997662071834,0.16632084943254336,58.37420538943146,33.41463414634146,0.788109756097561,41.0,1.5325864499999398
75,Analytical joint score,5.0,MP,5.40839036864514,788.6314223138703,1.7857427174808556,0.32933735770803413,59.43335301270042,33.325581395348834,0.9760174418604651,43.0,1.4305069999996551
75,Amortized joint surrogate,5.0,MP,5.40839036864514,153.7674887083568,1.0523340223252362,0.146797418493684,59.236373515616684,32.09090909090909,0.6999289772727273,44.0,1.840759866666038
75,Analytical joint score,5.0,NLOS,5.0448320842595145,136.3297148684774,1.1160756449362152,0.18202644155377296,58.54590109802459,31.302325581395348,0.9745639534883721,43.0,1.5017377333331676
75,Amortized joint surrogate,5.0,NLOS,5.0448320842595145,213.85129490596236,1.5396959296000399,0.2891484587525908,59.03629463194528,30.70731707317073,0.7389481707317073,41.0,1.5347658500000232
75,Analytical joint score,-5.0,LOS,-5.253191802666242,455.464552511939,1.6365779969803047,0.0960283630576083,55.13297067357697,40.76,0.973125,25.0,1.0059959166663173
75,Amortized joint surrogate,-5.0,LOS,-5.253191802666242,337.0492401942753,1.3043788261276674,0.13173541484205042,54.97252454477168,42.26923076923077,0.7668269230769231,26.0,1.0569672000002583
75,Analytical joint score,-5.0,MP,-4.996255322369426,374.1964602199134,1.47910996923098,0.14110497176262077,55.03484978645883,41.333333333333336,0.9739583333333334,21.0,0.9482836500003108
75,Amortized joint surrogate,-5.0,MP,-4.996255322369426,453.62451175743905,1.6296403620260271,0.13440748890676923,57.421386945516296,42.7037037037037,0.7285879629629629,27.0,1.140007850000302
75,Analytical joint score,-5.0,NLOS,-5.464402274152772,191.83869476473458,1.3820429773753131,0.3408025227820064,54.69338056099295,40.31818181818182,0.9694602272727273,22.0,0.8992655833338858
75,Amortized joint surrogate,-5.0,NLOS,-5.464402274152772,197.60391917705604,1.6350283551012703,0.30659372131299767,55.940495810741744,40.96153846153846,0.7716346153846154,26.0,1.043180500000555
76,Analytical joint score,15.0,LOS,14.6725391048743,531.7389593821111,1.8723494987362592,0.3059457838119095,64.0,11.566666666666666,0.96953125,60.0,1.865426799999644
76,Amortized joint surrogate,15.0,LOS,14.6725391048743,300.1024327152311,1.7498009881102397,0.18607036728891832,63.530975881790056,12.135593220338983,0.5352224576271186,59.0,1.9108707666665243
76,Analytical joint score,15.0,MP,15.73378931385492,303.17841510571617,1.594527499350544,0.3001571406351677,64.0,10.3,0.9708333333333333,60.0,1.9935503999998143
76,Amortized joint surrogate,15.0,MP,15.73378931385492,68.983379349824,0.8914818159261222,0.20760061742095406,61.50788470705354,21.074074074074073,0.6310763888888888,54.0,1.790810416666962
76,Analytical joint score,15.0,NLOS,15.398194500020336,56.5638897372138,1.0893880145940278,0.7071628404863334,62.67794080706014,15.701754385964913,0.9701206140350878,57.0,1.7530136999994284
76,Amortized joint surrogate,15.0,NLOS,15.398194500020336,65.7119966806061,1.0735247644798396,0.4929421720192544,63.149849810323275,16.103448275862068,0.6336206896551724,58.0,1.9646384333337135
76,Analytical joint score,5.0,LOS,5.162842267483221,60.6493170830585,0.9960377515266412,0.09721556017238749,57.80228053120814,34.53658536585366,0.9790396341463414,41.0,1.5142712833333387
76,Amortized joint surrogate,5.0,LOS,5.162842267483221,33.00709961799655,0.6442364522773341,0.06741848124855317,59.0497938380025,33.43181818181818,0.7908380681818182,44.0,1.5955197666661054
76,Analytical joint score,5.0,MP,4.375204269352796,231.8090021308534,1.2993801143119341,0.19455490377381685,57.61746344994119,37.86486486486486,0.972972972972973,37.0,1.3337374666662072
76,Amortized joint surrogate,5.0,MP,4.375204269352796,113.82810842953239,1.1559075477936134,0.23297772343211937,57.1686258050273,33.888888888888886,0.7348090277777778,36.0,1.294625033333811
76,Analytical joint score,5.0,NLOS,4.270447178951383,133.6359816745678,0.9909810564698129,0.3230992635955947,57.96602315180908,33.108108108108105,0.9704391891891891,37.0,1.2858068333334434
76,Amortized joint surrogate,5.0,NLOS,4.270447178951383,194.61184409775407,1.1756527681936626,0.3068839758577785,57.94068043679903,32.64102564102564,0.6999198717948718,39.0,1.4041743333336854
76,Analytical joint score,-5.0,LOS,-5.343660016620321,126.2770883271553,1.1514387127677992,0.061244170693272953,57.00951675352136,42.666666666666664,0.9780092592592593,27.0,0.9913042333333048
76,Amortized joint surrogate,-5.0,LOS,-5.343660016620321,62.04205569603621,1.1112553156478235,0.07259723975600203,55.68943477987981,41.541666666666664,0.8059895833333334,24.0,0.9512899666664983
76,Analytical joint score,-5.0,MP,-4.247569076074806,242.59306004596715,1.0545876367697062,0.1379015640973764,56.07009506104337,40.666666666666664,0.9732142857142857,21.0,0.9218523166661422
76,Amortized joint surrogate,-5.0,MP,-4.247569076074806,153.19892823782365,1.0489515868345636,0.09315437821106205,57.571212362827744,41.095238095238095,0.7209821428571429,21.0,0.9130853833331306
76,Analytical joint score,-5.0,NLOS,-5.713301914865072,160.667297981258,1.6244528844713464,0.34202486737327603,55.424054626926164,42.16,0.971875,25.0,1.0837674666665482
76,Amortized joint surrogate,-5.0,NLOS,-5.713301914865072,182.99670679315304,1.5778354829511783,0.2678904372390752,57.495163315495994,42.7037037037037,0.7696759259259259,27.0,1.242566983333404
77,Analytical joint score,15.0,LOS,16.09291297964685,155.92048477173162,1.2434617929075895,0.07179618522443623,63.26780264760978,13.448275862068966,0.9725215517241379,58.0,2.169664883333174
77,Amortized joint surrogate,15.0,LOS,16.09291297964685,507.81960307059967,1.7777751144084026,0.1762222878378717,63.595584711683934,11.35593220338983,0.5230402542372882,59.0,2.111867600000513
77,Analytical joint score,15.0,MP,14.373586495297854,266.97488943448576,1.5850841027129745,0.34375471711776884,63.447932074265715,11.689655172413794,0.9714439655172413,58.0,1.859949300000115
77,Amortized joint surrogate,15.0,MP,14.373586495297854,362.47545962687406,1.4309469083179696,0.27242577220425007,64.0,10.083333333333334,0.4778645833333333,60.0,1.976803383333466
77,Analytical joint score,15.0,NLOS,14.72960413082685,89.88716000253176,1.7422690622333403,0.3573952238982378,62.09501200864321,20.854545454545455,0.9735795454545455,55.0,1.8424504499999255
77,Amortized joint surrogate,15.0,NLOS,14.72960413082685,98.89125210238454,1.061979442986965,0.13762522412098,61.719508826232044,19.59259259259259,0.6559606481481481,54.0,2.047401316666727
77,Analytical joint score,5.0,LOS,5.120639907888896,20.90630784318174,0.620211806427247,0.08515241212744386,56.739697371050305,35.63157894736842,0.9732730263157895,38.0,1.5144063833332666
77,Amortized joint surrogate,5.0,LOS,5.120639907888896,40.47084436831469,2.2147710549924264,0.07394263524004152,57.549047935447526,35.2,0.7642857142857142,35.0,1.4444556666660446
77,Analytical joint score,5.0,MP,4.9752818109280526,16.95661249568631,0.6908537067542193,0.09594301915441536,57.528555226214706,33.65,0.973828125,40.0,1.886108433332841
77,Amortized joint surrogate,5.0,MP,4.9752818109280526,87.49726867159693,1.5050449899747054,0.18006455259438633,57.35753231074165,30.11111111111111,0.7269965277777778,36.0,1.645045666667026
77,Analytical joint score,5.0,NLOS,4.609368016126601,103.57058656762659,1.183013795090271,0.3387814758683396,60.07300323209093,30.02,0.975625,50.0,1.939149866666412
77,Amortized joint surrogate,5.0,NLOS,4.609368016126601,51.94584628916588,2.120482350136553,0.7337983211350968,59.56494985307466,31.066666666666666,0.7347222222222223,45.0,1.619642733333156
77,Analytical joint score,-5.0,LOS,-5.617363017586106,264.0172392922273,1.49931880068814,0.04361526844534543,53.0514708514045,39.73913043478261,0.9809782608695652,23.0,0.9065603999999894
77,Amortized joint surrogate,-5.0,LOS,-5.617363017586106,265.98530621005233,1.482851337174984,0.05892611301922596,54.52986806025883,39.54545454545455,0.7883522727272727,22.0,0.9650716499995345
77,Analytical joint score,-5.0,MP,-4.7510299636694215,240.28276040515792,1.7384742821362127,0.13048118417527987,54.932267810602355,37.391304347826086,0.9748641304347826,23.0,1.1447370833328325
77,Amortized joint surrogate,-5.0,MP,-4.7510299636694215,130.7958034062847,1.2502106627000316,0.13222119661445644,55.68028405550725,39.26086956521739,0.7228260869565217,23.0,1.164805483332998
77,Analytical joint score,-5.0,NLOS,-5.386061061351488,124.36783684119041,1.3442893116323866,0.30638163211307784,54.74553640021259,40.285714285714285,0.9709821428571429,28.0,1.2855741000000382
77,Amortized joint surrogate,-5.0,NLOS,-5.386061061351488,178.4247791579049,1.4142745088619044,0.21734586329537345,53.57983083504513,39.72,0.740625,25.0,1.146863633333813
78,Analytical joint score,15.0,LOS,14.890955846466715,234.35795932008887,1.3296693748392838,0.12330455399613996,63.46625979293666,14.879310344827585,0.9730603448275862,58.0,1.9164399833338546
78,Amortized joint surrogate,15.0,LOS,14.890955846466715,72.89094189166968,0.9471578973742875,0.0893483371049664,63.019525511491565,22.327272727272728,0.6875,55.0,2.081051266666615
78,Analytical joint score,15.0,MP,14.997794656712369,22.07535012420021,0.9487560372689099,0.1460168675932745,62.71099673719247,21.07017543859649,0.9714912280701754,57.0,1.9088565333333918
78,Amortized joint surrogate,15.0,MP,14.997794656712369,41.14062973134474,1.1193578980391479,0.1308650500984323,61.64814894980355,17.90909090909091,0.5869318181818182,55.0,2.0565903000004937
78,Analytical joint score,15.0,NLOS,14.650408400717488,53.491651924750975,1.2608008644720463,0.31307178233309124,62.95829563012239,22.517241379310345,0.9679418103448276,58.0,1.8558003333329982
78,Amortized joint surrogate,15.0,NLOS,14.650408400717488,22.11585461569538,1.5565798896535459,0.3983462437679729,61.48113153187297,22.01818181818182,0.6508522727272728,55.0,2.111337499999877
78,Analytical joint score,5.0,LOS,3.954663381872569,565.0710273459343,1.7949581092574294,0.2618302318746268,60.675898950821015,32.31818181818182,0.9683948863636364,44.0,1.5278535000002573
78,Amortized joint surrogate,5.0,LOS,3.954663381872569,8.12821023010392,0.2619736234897729,0.07531258513447459,57.53065644448473,34.81578947368421,0.7771381578947368,38.0,1.3780902999997124
78,Analytical joint score,5.0,MP,4.806228436281154,37.83698676292439,0.5385846532935271,0.11789793026196319,56.51718927828434,35.07692307692308,0.9699519230769231,39.0,1.4303554999997914
78,Amortized joint surrogate,5.0,MP,4.806228436281154,132.09101182465258,0.9976609951605683,0.30895362786973735,58.585464696071824,34.53488372093023,0.7292877906976745,43.0,1.5860312500005118
78,Analytical joint score,5.0,NLOS,5.156346721397599,73.64118163293206,1.224988608362412,0.2714820488206241,59.172325980165944,33.19512195121951,0.9778963414634146,41.0,1.5975147166661448
78,Amortized joint surrogate,5.0,NLOS,5.156346721397599,212.58391883642307,1.5372453349897,0.5891205873983527,57.8651935065615,33.270270270270274,0.7360641891891891,37.0,1.6782464333336595
78,Analytical joint score,-5.0,LOS,-4.689590905712678,113.68583509078555,0.937176957937009,0.04132365467033535,55.24704969872651,39.65,0.978125,20.0,0.871656183333395
78,Amortized joint surrogate,-5.0,LOS,-4.689590905712678,443.20113478788966,1.3387596635068078,0.07887927735050344,57.06954723483187,40.25,0.771484375,24.0,1.274332899999801
78,Analytical joint score,-5.0,MP,-5.420081907794636,105.09296687197472,1.290874563305024,0.10615459007478893,56.225781380203536,40.0,0.97265625,28.0,1.1875281333336336
78,Amortized joint surrogate,-5.0,MP,-5.420081907794636,155.50131735275025,1.6351170824382089,0.10477827802012744,54.62379391982384,39.04347826086956,0.7438858695652174,23.0,1.1180381499997338
78,Analytical joint score,-5.0,NLOS,-5.222114264396457,158.8986382962878,1.4194643453124427,0.36864024582830707,54.442198734663805,40.86363636363637,0.9737215909090909,22.0,0.9181078000002193
78,Amortized joint surrogate,-5.0,NLOS,-5.222114264396457,240.1601315085761,1.465983908488118,0.33608221005947136,56.67985280113203,41.5,0.7478693181818182,22.0,0.9888145499994986
79,Analytical joint score,15.0,LOS,14.421901504993539,531.5059606504843,1.4526011187631473,0.210236035828379,62.94166409154084,11.879310344827585,0.9768318965517241,58.0,1.7672366333338612
79,Amortized joint surrogate,15.0,LOS,14.421901504993539,241.4921964260316,1.2028591347309077,0.35130139305385966,61.34011200347526,15.962264150943396,0.5439268867924528,53.0,1.7726318500005316
79,Analytical joint score,15.0,MP,14.01193234179107,5.232131133452808,1.5842151593462028,0.30097145539341524,64.0,18.183333333333334,0.9690104166666667,60.0,1.9008503833333634
79,Amortized joint surrogate,15.0,MP,14.01193234179107,376.2111375489735,1.6651160602715211,0.3072657565280121,64.0,13.59322033898305,0.5738877118644068,59.0,2.100138200000856
79,Analytical joint score,15.0,NLOS,14.562127950829725,236.21147729710614,1.4159687441314601,0.4467466057245744,62.61046157206044,15.625,0.9757254464285714,56.0,2.1265748166664857
79,Amortized joint surrogate,15.0,NLOS,14.562127950829725,788.7455430174987,1.8268087741181216,0.4789341260961051,64.0,12.0,0.53359375,60.0,2.884741816666292
79,Analytical joint score,5.0,LOS,3.726159916504146,356.2971754638996,1.473427908029198,0.2217990304008736,58.4096885620882,32.46153846153846,0.9759615384615384,39.0,1.5912839333329505
79,Amortized joint surrogate,5.0,LOS,3.726159916504146,339.2801731052724,1.5110287230936115,0.1380318979063173,58.749194745255544,32.76744186046512,0.7823401162790697,43.0,1.9902158833341825
79,Analytical joint score,5.0,MP,5.19347771243747,395.08370438689946,2.0926951573145205,0.19599508090764414,59.20757428733064,32.29545454545455,0.9733664772727273,44.0,1.6911341666665674
79,Amortized joint surrogate,5.0,MP,5.19347771243747,32.382890383748574,0.6884273965808109,0.1292425030092542,59.414540390381326,33.044444444444444,0.7576388888888889,45.0,1.7585158166667725
79,Analytical joint score,5.0,NLOS,4.092630504320609,386.0063719778579,1.5956483646873765,0.4178970953441353,59.970853892549364,33.82608695652174,0.9786005434782609,46.0,1.633279699999927
79,Amortized joint surrogate,5.0,NLOS,4.092630504320609,683.9086582819709,1.5872066689136477,0.2846190177406265,58.7712432464104,33.47727272727273,0.71875,44.0,2.099289783333802
79,Analytical joint score,-5.0,LOS,-4.300844445600469,72.84810969516451,0.9849157597050585,0.1042361956009571,55.54851905330536,40.44,0.9725,25.0,1.6239886499998117
79,Amortized joint surrogate,-5.0,LOS,-4.300844445600469,149.30203620983806,1.2129453041756593,0.06822220039621836,56.83890487638042,38.5,0.8078125,30.0,1.9338552833337037
79,Analytical joint score,-5.0,MP,-5.223537979666435,243.4963165883636,1.0684655971421646,0.14746764315134736,54.23784364362209,41.26086956521739,0.970108695652174,23.0,1.1939546833332315
79,Amortized joint surrogate,-5.0,MP,-5.223537979666435,324.7748999620237,1.3745243250315382,0.10221333941406198,54.95577727747559,40.791666666666664,0.763671875,24.0,1.4608058000002682
79,Analytical joint score,-5.0,NLOS,-4.922997803633988,355.0530747343273,1.6281744100164737,0.16901144592914066,54.1596315037443,40.904761904761905,0.9784226190476191,21.0,1.2063647000000326
79,Amortized joint surrogate,-5.0,NLOS,-4.922997803633988,243.3036607535148,1.8604687023478146,0.19432944549373987,55.64915147864184,42.2,0.746875,25.0,1.2912027500002903
80,Analytical joint score,15.0,LOS,15.222127921692262,392.70750952235653,1.6259792336472434,0.23240425618835567,63.45971298078533,16.189655172413794,0.9738685344827587,58.0,2.2976813833338383
80,Amortized joint surrogate,15.0,LOS,15.222127921692262,743.3244075674146,1.8279141373283223,0.2245631398473493,62.48772934552901,11.842105263157896,0.5243969298245614,57.0,2.466623050000294
80,Analytical joint score,15.0,MP,15.133450801721768,20.37236926509864,1.7050294238951127,0.24973225174030605,62.29172513028853,18.303571428571427,0.9679129464285714,56.0,2.372692999999989
80,Amortized joint surrogate,15.0,MP,15.133450801721768,40.37470361903542,1.2423083227894307,0.19120405718053293,63.462816094047106,21.338983050847457,0.628707627118644,59.0,2.5075227000002087
80,Analytical joint score,15.0,NLOS,15.405647190957746,130.29138738988027,1.893403725376227,0.6570471389316294,63.498350605044145,14.203389830508474,0.979343220338983,59.0,2.6822346500002445
80,Amortized joint surrogate,15.0,NLOS,15.405647190957746,14.709804345303615,1.5622127857637178,0.43762701302679063,64.0,21.406779661016948,0.6814088983050848,59.0,2.640537316667254
80,Analytical joint score,5.0,LOS,5.0124314128358645,30.974491618524144,0.6388244047971162,0.10490722138467723,57.99698395336217,36.51428571428571,0.9741071428571428,35.0,1.6943375333331308
80,Amortized joint surrogate,5.0,LOS,5.0124314128358645,39.57215635476446,0.8868886112232888,0.06691579628959211,57.43734115036356,37.333333333333336,0.7959280303030303,33.0,1.8717835333338446
80,Analytical joint score,5.0,MP,5.674749347324366,299.9212585887537,1.0310614909039446,0.2525913958229483,58.11089316072715,32.97435897435897,0.9711538461538461,39.0,2.0139700333335973
80,Amortized joint surrogate,5.0,MP,5.674749347324366,550.2397004826313,1.9826967434640723,0.2685264612881588,55.09145406579952,32.588235294117645,0.7072610294117647,34.0,1.5072069166668218
80,Analytical joint score,5.0,NLOS,4.223272779438361,295.4562955497451,1.76285727312011,0.408873918511323,62.85858988031941,26.285714285714285,0.9748883928571429,56.0,2.1044936500004496
80,Amortized joint surrogate,5.0,NLOS,4.223272779438361,153.47560482417714,1.3519164262621395,0.27767246850844624,59.93428756185215,28.75,0.7298177083333334,48.0,1.9236901833333302
80,Analytical joint score,-5.0,LOS,-4.504977675744102,163.1071950158394,1.2877069721712866,0.1375502210123772,55.315722383290584,39.5,0.9794034090909091,22.0,0.992667566667175
80,Amortized joint surrogate,-5.0,LOS,-4.504977675744102,201.77187300443651,1.1683587401363404,0.13827651578410285,54.8922979036098,39.875,0.7779947916666666,24.0,1.1098058666666095
80,Analytical joint score,-5.0,MP,-4.631018061887426,506.66209803275825,1.3838504650034076,0.10585995735319287,55.01760740233252,42.55555555555556,0.9739583333333334,18.0,0.8457627666662878
80,Amortized joint surrogate,-5.0,MP,-4.631018061887426,243.83531026265277,1.206294316186559,0.07986820200737438,56.27724994855574,42.7,0.73984375,20.0,0.9681679000001017
80,Analytical joint score,-5.0,NLOS,-4.014669723556713,423.5966419640071,1.6383469234312404,0.3114465474915565,56.325663913748635,39.074074074074076,0.9693287037037037,27.0,1.5465343500001911
80,Amortized joint surrogate,-5.0,NLOS,-4.014669723556713,153.1154400018303,1.5787549081173953,0.3703959305017009,56.07318879886706,39.96,0.788125,25.0,1.3157453166665316
81,Analytical joint score,15.0,LOS,15.556954264991358,348.28812293220653,1.742659696331763,0.16783299434188503,64.0,13.05,0.9703125,60.0,1.8293539166667945
81,Amortized joint surrogate,15.0,LOS,15.556954264991358,207.43937459817838,1.5507761648976004,0.24718437738968033,62.497588733429865,11.678571428571429,0.5446428571428571,56.0,2.0587992166667846
81,Analytical joint score,15.0,MP,15.719832575442656,163.9621312031644,1.473553166327731,0.33572800553245363,62.32718748945579,16.875,0.9799107142857143,56.0,2.503606116666409
81,Amortized joint surrogate,15.0,MP,15.719832575442656,7.557069428899038,0.9673225974688816,0.2562688849546641,60.551361436335384,24.19607843137255,0.647671568627451,51.0,1.9950876999994687
81,Analytical joint score,15.0,NLOS,15.582207955318115,282.5576141363094,1.6086222693529695,0.9477431588167244,63.65450576493705,12.016949152542374,0.972457627118644,59.0,2.3219534499996066
81,Amortized joint surrogate,15.0,NLOS,15.582207955318115,401.4909817075775,1.5857881183952223,0.3016563513613552,63.1485900563506,12.258620689655173,0.5452586206896551,58.0,2.175729716666789
81,Analytical joint score,5.0,LOS,5.0893012719743025,52.18063261036732,1.2739851708397227,0.12114446495658676,59.38604383805816,34.15909090909091,0.9786931818181818,44.0,1.5374898333334386
81,Amortized joint surrogate,5.0,LOS,5.0893012719743025,110.1960674432044,1.6006913432298089,0.16959559352403605,58.169647260396836,32.88095238095238,0.7790178571428571,42.0,1.6416480500007917
81,Analytical joint score,5.0,MP,6.031352867835763,143.50039186070316,0.8499863529830068,0.19845874206265388,56.27374429738387,35.529411764705884,0.9692095588235294,34.0,1.346685566665921
81,Amortized joint surrogate,5.0,MP,6.031352867835763,146.97963094839437,1.503904676542615,0.22681902615846947,58.161493985214975,35.921052631578945,0.7532894736842105,38.0,1.4712270333338513
81,Analytical joint score,5.0,NLOS,5.876382102918381,578.5272812518955,1.806781939632641,0.4895793938627107,60.2232846767324,32.255319148936174,0.9740691489361702,47.0,1.693051916666377
81,Amortized joint surrogate,5.0,NLOS,5.876382102918381,382.0205547122143,1.5477414383703834,0.299244701924137,60.10642505284136,32.59183673469388,0.7464923469387755,49.0,1.8067542333331705
81,Analytical joint score,-5.0,LOS,-5.169781241946168,318.4085694016023,1.4437528570135458,0.0913121108932007,54.69676364366234,40.77272727272727,0.9779829545454546,22.0,0.8725491166671873
81,Amortized joint surrogate,-5.0,LOS,-5.169781241946168,258.5886561152701,1.522742402305189,0.07168397822070303,54.58978387648518,38.53846153846154,0.7950721153846154,26.0,1.008619616666806
81,Analytical joint score,-5.0,MP,-5.317233600975079,324.75728517035475,1.4396837017346855,0.06548698090985618,56.32384809491245,44.333333333333336,0.9791666666666666,24.0,0.9599671333328766
81,Amortized joint surrogate,-5.0,MP,-5.317233600975079,288.46680302701446,1.1377988383031952,0.0944746708063583,55.9438146735231,42.7037037037037,0.7737268518518519,27.0,1.1064117833332905
81,Analytical joint score,-5.0,NLOS,-5.273397188013142,117.23014951638947,1.758866771573353,0.32448728543994043,56.32294454147891,40.125,0.970703125,24.0,0.9927181499998975
81,Amortized joint surrogate,-5.0,NLOS,-5.273397188013142,182.82238202625445,1.8460577020726527,0.3040600851626472,56.69299070856972,41.52,0.76125,25.0,1.4141115666660653
82,Analytical joint score,15.0,LOS,16.084081836300175,466.2451507345474,1.6177236802225217,0.22087996670889687,63.66680606216246,13.796610169491526,0.9708686440677966,59.0,1.9485648666659472
82,Amortized joint surrogate,15.0,LOS,16.084081836300175,232.93842479267104,1.7364551613401846,0.15396575581500316,63.918036456059234,10.983050847457626,0.4933792372881356,59.0,2.309525616666974
82,Analytical joint score,15.0,MP,15.22710784621965,69.01355061132237,1.375450132133975,0.18903602597677,63.5043733253232,16.423728813559322,0.975635593220339,59.0,1.838978616666509
82,Amortized joint surrogate,15.0,MP,15.22710784621965,208.8566246778593,1.2794587043311259,0.2211789387818966,60.67647279260928,17.58490566037736,0.5916863207547169,53.0,1.8266693833330312
82,Analytical joint score,15.0,NLOS,14.322995958846684,371.04650432788685,1.6607558195114165,0.611343241414872,63.07196445967486,11.068965517241379,0.9789870689655172,58.0,1.8889746666663616
82,Amortized joint surrogate,15.0,NLOS,14.322995958846684,654.9755323839958,1.6252945093027396,0.44955510079522476,64.0,9.779661016949152,0.5309851694915254,59.0,2.222137116666545
82,Analytical joint score,5.0,LOS,4.517054691792744,145.92886240233386,1.235699982976397,0.23230867307956138,59.081188591901196,32.38636363636363,0.9769176136363636,44.0,1.4136687333329216
82,Amortized joint surrogate,5.0,LOS,4.517054691792744,150.70069085537756,1.304804719283751,0.10493306720295435,57.204658965908415,31.261904761904763,0.7816220238095238,42.0,1.5282705500008358
82,Analytical joint score,5.0,MP,5.544234657156214,111.64356011654802,1.273287574185737,0.21460273747214453,57.881812771110766,33.09756097560975,0.9744664634146342,41.0,1.5247628833331344
82,Amortized joint surrogate,5.0,MP,5.544234657156214,99.16003005598107,1.8064195099670783,0.23041689461343698,57.23923142659833,34.05714285714286,0.7446428571428572,35.0,1.4800702500006462
82,Analytical joint score,5.0,NLOS,4.75913504227959,168.88126574432007,2.122613202669707,0.455701185102643,60.36522526405585,34.27272727272727,0.9737215909090909,44.0,2.200318433332882
82,Amortized joint surrogate,5.0,NLOS,4.75913504227959,267.5437253547722,1.975626777780695,0.5254006543746748,59.503691368783414,34.06976744186046,0.7318313953488372,43.0,1.7471713833335418
82,Analytical joint score,-5.0,LOS,-5.717494148451556,531.8719450369762,1.5186670648484706,0.11174333995045553,55.684903478094576,39.64,0.97375,25.0,1.0138139666660588
82,Amortized joint surrogate,-5.0,LOS,-5.717494148451556,511.7822562748776,1.3986882906778844,0.13435738058491217,55.23763923905969,39.666666666666664,0.7760416666666666,24.0,1.2295260166666822
82,Analytical joint score,-5.0,MP,-4.2527407436178475,282.71787533518636,1.092657502365569,0.10783367434588365,54.49204326450333,44.142857142857146,0.9747023809523809,21.0,1.1753849500005724
82,Amortized joint surrogate,-5.0,MP,-4.2527407436178475,76.13491198484554,0.5917913489117009,0.12211438546586319,53.077363398191245,42.5,0.73515625,20.0,0.9052592833332559
82,Analytical joint score,-5.0,NLOS,-5.604334511566382,207.55284403268078,1.6878570006882514,0.24122395395976956,57.73246589758864,42.541666666666664,0.9739583333333334,24.0,1.0700329333332093
82,Amortized joint surrogate,-5.0,NLOS,-5.604334511566382,188.88025328861795,1.4733740833994917,0.2048593680544042,56.267117675735825,42.5,0.7565104166666666,24.0,1.065070349999549
83,Analytical joint score,15.0,LOS,14.885284901679288,361.42772569195273,1.7562580498594496,0.22132070934515105,64.0,10.366666666666667,0.975,60.0,1.98312463333347
83,Amortized joint surrogate,15.0,LOS,14.885284901679288,151.29545465350512,1.6119623140338892,0.09770390789309254,63.13419569674363,12.758620689655173,0.5385237068965517,58.0,1.9358158333327917
83,Analytical joint score,15.0,MP,14.516936394140693,275.10228823671747,1.6316983289379268,0.2303931275517014,64.0,9.666666666666666,0.9768229166666667,60.0,2.1931503500004133
83,Amortized joint surrogate,15.0,MP,14.516936394140693,452.8677150202015,1.62641366021402,0.23768232637770903,63.45181337457384,9.135593220338983,0.5055614406779662,59.0,2.5889200166668993
83,Analytical joint score,15.0,NLOS,15.695829046743494,488.3925126507131,1.886582341501588,0.709661988663798,63.467730629865436,9.169491525423728,0.9804025423728814,59.0,1.914632383333507
83,Amortized joint surrogate,15.0,NLOS,15.695829046743494,666.9506220879276,1.9473801024700095,0.5959233489151614,64.0,9.316666666666666,0.5067708333333333,60.0,2.0325680833337856
83,Analytical joint score,5.0,LOS,4.996252321010704,46.90169678385024,0.7087449936445797,0.13500186240495238,55.77615446474795,34.375,0.9755859375,32.0,1.2809105000002319
83,Amortized joint surrogate,5.0,LOS,4.996252321010704,391.1035975340624,1.0465581513312652,0.0830405895881601,56.59756098720777,31.105263157894736,0.7709703947368421,38.0,1.3637565166665884
83,Analytical joint score,5.0,MP,5.488775201986524,384.2376300538954,1.3224318031610895,0.12299302006563868,58.949972056693575,30.045454545454547,0.96875,44.0,1.5435222333337606
83,Amortized joint surrogate,5.0,MP,5.488775201986524,204.6598841293619,1.2496869673034112,0.19994114019561252,59.16286035751798,33.70454545454545,0.7066761363636364,44.0,1.6494202999998226
83,Analytical joint score,5.0,NLOS,5.65518316772711,101.52660235217498,1.4644261231082203,0.5014495010775343,57.86611162007898,35.1025641025641,0.9727564102564102,39.0,1.3930532833342113
83,Amortized joint surrogate,5.0,NLOS,5.65518316772711,122.65157595910402,1.6097236677843056,0.562336061407111,57.733780890728724,34.025,0.760546875,40.0,1.5031941666668065
83,Analytical joint score,-5.0,LOS,-4.72169710665466,703.030466567288,1.526006415978861,0.09321212393049484,54.7594146665573,39.074074074074076,0.9820601851851852,27.0,1.0464653833338389
83,Amortized joint surrogate,-5.0,LOS,-4.72169710665466,540.2074259975271,1.4519051109064613,0.11828629935279117,57.37394872663177,39.172413793103445,0.7823275862068966,29.0,1.2199466166672817
83,Analytical joint score,-5.0,MP,-4.429168999089806,302.55230057992645,1.6163490615997254,0.20666011692359504,55.52951984998384,40.583333333333336,0.978515625,24.0,0.9543771666670864
83,Amortized joint surrogate,-5.0,MP,-4.429168999089806,410.76955601299875,1.8402894230361182,0.1195898578748047,53.67604010262437,38.45,0.746875,20.0,0.8765322000006867
83,Analytical joint score,-5.0,NLOS,-5.522046250607914,558.4277726289571,1.813507200753078,0.15943828735779877,55.9010967368896,42.0,0.9739583333333334,27.0,1.2181316833325202
83,Amortized joint surrogate,-5.0,NLOS,-5.522046250607914,405.7310569348195,1.388997540338191,0.2936854070077082,55.91145706655533,41.166666666666664,0.7454427083333334,24.0,1.2033420833337989
84,Analytical joint score,15.0,LOS,15.72158487734274,309.9278198212159,1.3496421254426318,0.11756215443246511,63.69267430936793,16.087719298245613,0.9690241228070176,57.0,2.4495893000003357
84,Amortized joint surrogate,15.0,LOS,15.72158487734274,636.8148240491511,1.4879830095749875,0.1648243521653575,64.0,11.1,0.5239583333333333,60.0,1.9454039999999395
84,Analytical joint score,15.0,MP,14.649656870232036,289.7515194729873,1.6269643114716485,0.26290662096484524,64.0,7.0,0.97734375,60.0,1.901614316666193
84,Amortized joint surrogate,15.0,MP,14.649656870232036,20.298887431137196,0.821527010325945,0.179325579277322,62.795699236929096,18.350877192982455,0.6082785087719298,57.0,1.891130500000789
84,Analytical joint score,15.0,NLOS,13.828966829041198,45.25156299921313,1.2537152713253286,0.3830484251760317,62.49308829485734,19.196428571428573,0.9737723214285714,56.0,1.7909740500006894
84,Amortized joint surrogate,15.0,NLOS,13.828966829041198,211.6117466064951,1.6033364892367548,0.4676731741830533,63.460836122023416,16.593220338983052,0.625,59.0,1.9897094500000396
84,Analytical joint score,5.0,LOS,6.195856315422342,272.1605241166237,1.0513432120326929,0.169291513287187,58.09778727471811,35.26829268292683,0.9752286585365854,41.0,1.562284016666619
84,Amortized joint surrogate,5.0,LOS,6.195856315422342,350.4762457360692,1.1947810749833572,0.1292633478456004,58.0057370768181,33.05263157894737,0.7734375,38.0,1.5922108833336779
84,Analytical joint score,5.0,MP,4.662479369557588,594.0628686470676,1.2367648841704468,0.37443580281853356,56.67852895826124,35.189189189189186,0.96875,37.0,1.3031309833337446
84,Amortized joint surrogate,5.0,MP,4.662479369557588,106.46572727321323,0.7997971174027744,0.28242191321920546,58.693466142822764,33.80952380952381,0.7485119047619048,42.0,1.4953994833329414
84,Analytical joint score,5.0,NLOS,5.073256751413005,150.0849248123276,1.2874094244543703,0.9350513305143339,60.554351058844965,30.12,0.965625,50.0,1.7398115666660867
84,Amortized joint surrogate,5.0,NLOS,5.073256751413005,225.64592093900242,1.8326465160748477,0.6678439308270858,59.89524205003551,27.395833333333332,0.7392578125,48.0,1.8783540500000602
84,Analytical joint score,-5.0,LOS,-4.903305897258379,275.37526595332633,1.2224900470969928,0.08588409873114519,54.20037257670208,40.85,0.98359375,20.0,0.9044309000008374
84,Amortized joint surrogate,-5.0,LOS,-4.903305897258379,180.5654236718941,1.0547268066920228,0.13138021552184134,54.528814723768,40.857142857142854,0.7857142857142857,21.0,0.9012792499997128
84,Analytical joint score,-5.0,MP,-5.156498395102943,240.42229219353703,1.1572645770125414,0.2180618376583454,55.076123907821,42.05,0.98125,20.0,0.9082440499999697
84,Amortized joint surrogate,-5.0,MP,-5.156498395102943,176.94494798997934,1.2227161440779688,0.20185733599754913,55.23371672722423,41.27272727272727,0.7421875,22.0,1.0123439666671175
84,Analytical joint score,-5.0,NLOS,-3.816518232661117,248.09628464651098,1.7007858532343412,0.25205836264195447,55.655265464081545,40.111111111111114,0.9693287037037037,27.0,1.0229963666669544
84,Amortized joint surrogate,-5.0,NLOS,-3.816518232661117,130.60955971785734,1.5221144185995878,0.3107488807744247,55.08536533954254,41.111111111111114,0.7476851851851852,27.0,1.1881775166671105
85,Analytical joint score,15.0,LOS,15.162458623059427,79.65610324646174,1.0838850352898932,0.27631537799016864,62.49538548806934,21.912280701754387,0.9690241228070176,57.0,1.771491949999889
85,Amortized joint surrogate,15.0,LOS,15.162458623059427,22.003062414891062,1.1539410359835205,0.2645852445863851,60.435830569626006,22.666666666666668,0.6829044117647058,51.0,1.7130527999995593
85,Analytical joint score,15.0,MP,15.435542140090295,113.67928985138788,0.9123755691026765,0.19786392422125842,62.16743050227623,20.142857142857142,0.96875,56.0,1.7831092666663533
85,Amortized joint surrogate,15.0,MP,15.435542140090295,133.85466963563417,1.126866313671853,0.34236444224188156,62.24611700157475,11.517857142857142,0.5747767857142857,56.0,1.9148496999993843
85,Analytical joint score,15.0,NLOS,14.700233437807624,101.48075199477434,0.9146105262152406,0.293602497886662,64.0,15.866666666666667,0.9736979166666667,60.0,1.9424173333334238
85,Amortized joint surrogate,15.0,NLOS,14.700233437807624,673.1974203301529,1.7685493919765953,0.45408871310587984,64.0,13.566666666666666,0.57578125,60.0,2.1098560666672483
85,Analytical joint score,5.0,LOS,3.7717490778546763,706.7457283714384,1.892042571800799,0.1081736505968058,59.91711688751508,29.645833333333332,0.9759114583333334,48.0,1.5639726333328479
85,Amortized joint surrogate,5.0,LOS,3.7717490778546763,135.64882252683762,1.4977258726788558,0.04165655257072113,59.20999696131339,33.425,0.768359375,40.0,1.3859362333334957
85,Analytical joint score,5.0,MP,5.455050499592744,729.3636547453501,1.3701497840110661,0.41150129555909265,58.613217625530375,34.69047619047619,0.9720982142857143,42.0,1.4063265166669225
85,Amortized joint surrogate,5.0,MP,5.455050499592744,211.40175947218972,1.0785690839435962,0.35251303700151637,57.85716694056532,30.333333333333332,0.7124255952380952,42.0,1.5669150166663333
85,Analytical joint score,5.0,NLOS,5.041878471529303,221.0387084322737,1.6853452239789066,0.651231972407203,57.908002449028736,35.175,0.97578125,40.0,1.374376333333771
85,Amortized joint surrogate,5.0,NLOS,5.041878471529303,40.66564163446571,0.5228796952285449,0.3907357437552977,57.980347962600455,35.38461538461539,0.7564102564102564,39.0,1.4867678833335656
85,Analytical joint score,-5.0,LOS,-4.758049450473008,150.0628526780827,1.3648185996219813,0.1346694498580173,55.72463227926204,42.19230769230769,0.9741586538461539,26.0,1.142911133333276
85,Amortized joint surrogate,-5.0,LOS,-4.758049450473008,104.18907970692355,1.2736148769737414,0.1227310316120939,54.886162408042416,40.92857142857143,0.7857142857142857,28.0,1.4823463666668129
85,Analytical joint score,-5.0,MP,-5.541393255561092,219.30217203494672,1.2982224424141913,0.1408014827609182,54.641402330499204,41.07692307692308,0.9711538461538461,26.0,1.1822791999994327
85,Amortized joint surrogate,-5.0,MP,-5.541393255561092,278.0116075816658,1.5863273951794068,0.13069332568541375,53.04494645322615,41.77272727272727,0.7357954545454546,22.0,0.9781764166670351
85,Analytical joint score,-5.0,NLOS,-4.182024627260537,172.84996863833567,1.5636940964631065,0.16186815853959027,52.897236951580396,39.35,0.9734375,20.0,0.9257645833334512
85,Amortized joint surrogate,-5.0,NLOS,-4.182024627260537,294.47261207665156,1.5921723345038648,0.1871277937797031,53.63859314921084,41.0,0.755625,25.0,1.2407249500000717
86,Analytical joint score,15.0,LOS,14.691964058855476,4.987541457157589,0.4931534264076636,0.1533189428289168,61.215512278740086,24.85185185185185,0.9690393518518519,54.0,1.8400315500002762
86,Amortized joint surrogate,15.0,LOS,14.691964058855476,114.30574025630393,1.2473392274633788,0.2906544072027422,64.0,13.833333333333334,0.5703125,60.0,1.9187586500000482
86,Analytical joint score,15.0,MP,14.383193348228499,626.3826905344289,1.7816303880834063,0.30729913703566925,64.0,9.75,0.975,60.0,1.9533587666662318
86,Amortized joint surrogate,15.0,MP,14.383193348228499,722.155569310887,1.585809538488961,0.2670411889533003,64.0,7.483333333333333,0.4825520833333333,60.0,2.092902683332909
86,Analytical joint score,15.0,NLOS,15.157802327627465,358.79507173376896,1.6677560769534103,0.5615323835753429,63.73642950099994,14.627118644067796,0.9703389830508474,59.0,1.9807539666667633
86,Amortized joint surrogate,15.0,NLOS,15.157802327627465,547.7982618915391,2.0148749705905105,0.8192630356480038,62.697368337966545,13.75438596491228,0.5397478070175439,57.0,2.2528914833335043
86,Analytical joint score,5.0,LOS,4.405995283020332,440.1402363610608,1.3571832667935366,0.16058241822723746,57.96017457594235,33.146341463414636,0.9782774390243902,41.0,1.4643448500000507
86,Amortized joint surrogate,5.0,LOS,4.405995283020332,345.63247547781907,1.3206632892294772,0.15486520738847437,59.83877580393348,32.325581395348834,0.7332848837209303,43.0,1.5878522666668005
86,Analytical joint score,5.0,MP,5.7414409768449515,61.523660657553044,0.7962438183903569,0.1297648026454694,57.416803225665966,33.432432432432435,0.9725506756756757,37.0,1.496651499999757
86,Amortized joint surrogate,5.0,MP,5.7414409768449515,817.4700652881228,1.8748919389714411,0.1289565438206139,59.78179218564213,30.930232558139537,0.731468023255814,43.0,1.6691217999995918
86,Analytical joint score,5.0,NLOS,5.445512819299838,98.93580101583571,1.5582983729273772,0.6532534912137519,59.36926506586901,29.851063829787233,0.9700797872340425,47.0,1.6556996500005046
86,Amortized joint surrogate,5.0,NLOS,5.445512819299838,117.53900717908209,1.608431949581751,0.48621681263693867,59.153588623925806,31.72340425531915,0.753656914893617,47.0,1.7317628999999595
86,Analytical joint score,-5.0,LOS,-5.47575404764884,231.89583366417455,1.6079248470478906,0.121845785120185,53.875074642802964,39.07692307692308,0.9801682692307693,26.0,1.1552982666671596
86,Amortized joint surrogate,-5.0,LOS,-5.47575404764884,104.23120857511503,1.5704060565590159,0.11767368804494942,55.42360073324054,36.642857142857146,0.7963169642857143,28.0,1.1409857999998014
86,Analytical joint score,-5.0,MP,-4.990466338107992,170.76271700757025,1.734972850641135,0.07196596145268343,55.90947027732466,42.84615384615385,0.9741586538461539,26.0,1.0433071166668622
86,Amortized joint surrogate,-5.0,MP,-4.990466338107992,255.20563102654606,1.7281479693753954,0.12269415644143179,53.77021762164848,40.59090909090909,0.7400568181818182,22.0,0.9478677499998867
86,Analytical joint score,-5.0,NLOS,-4.670589001843955,186.09138950690829,1.3968367130514239,0.40160876765433356,55.52343201135999,40.44444444444444,0.9710648148148148,27.0,1.161338766667086
86,Amortized joint surrogate,-5.0,NLOS,-4.670589001843955,278.73134156418314,1.816972266835945,0.2059446060207869,57.2310770363664,39.76,0.766875,25.0,1.2325552000002442
87,Analytical joint score,15.0,LOS,14.965203442948587,110.0859509704752,1.2557200043574528,0.20506644631651624,63.58295402605355,16.050847457627118,0.971927966101695,59.0,1.9404436833336074
87,Amortized joint surrogate,15.0,LOS,14.965203442948587,348.2371884161794,1.9011481787050968,0.18780014445743365,63.735645576264595,10.711864406779661,0.528072033898305,59.0,2.5523478166671034
87,Analytical joint score,15.0,MP,14.979208335088284,757.413893980052,1.7442232653650296,0.36811343058932855,62.38038783177629,20.314814814814813,0.9664351851851852,54.0,1.7604284833339534
87,Amortized joint surrogate,15.0,MP,14.979208335088284,718.9342034992337,1.6933535410672542,0.24494583842586573,63.45694039015302,10.228070175438596,0.5060307017543859,57.0,2.126585350000217
87,Analytical joint score,15.0,NLOS,15.153037865238048,469.83713457284586,1.6658854299831207,0.23618307118171797,63.67042245711923,11.40677966101695,0.975635593220339,59.0,1.8686159333337098
87,Amortized joint surrogate,15.0,NLOS,15.153037865238048,146.96466857824922,1.6164555438948511,0.3594248828766806,63.468882350216326,17.11864406779661,0.6234110169491526,59.0,1.965277516667167
87,Analytical joint score,5.0,LOS,4.224516903836292,227.1683562804917,1.1876140071091896,0.15929114522484444,59.85307085722955,35.82608695652174,0.975203804347826,46.0,1.4545629166671386
87,Amortized joint surrogate,5.0,LOS,4.224516903836292,288.49767143926647,1.5797524136665988,0.1437651823324442,58.72108885276864,33.54761904761905,0.7477678571428571,42.0,1.7011085500001855
87,Analytical joint score,5.0,MP,5.058248031619025,80.78700982264293,1.4720828950583806,0.2141848707021948,59.125174575768305,32.073170731707314,0.9740853658536586,41.0,1.619193050000452
87,Amortized joint surrogate,5.0,MP,5.058248031619025,202.4661274136657,1.5608537931369644,0.11482962587615192,56.25070837016076,35.44444444444444,0.7430555555555556,36.0,1.4645142833330738
87,Analytical joint score,5.0,NLOS,6.085357282305319,369.40206195859804,1.8223320225505444,0.295399264419693,58.871498293836595,31.88372093023256,0.9781976744186046,43.0,1.4891401500004047
87,Amortized joint surrogate,5.0,NLOS,6.085357282305319,332.0297768923709,1.8954900554388394,0.5428326279964174,60.35894693693791,30.41304347826087,0.7449048913043478,46.0,2.180011249999817
87,Analytical joint score,-5.0,LOS,-5.372787171502967,159.14520814359108,1.7272685822880938,0.09051128250334352,56.87616045959669,42.357142857142854,0.9799107142857143,28.0,1.025578666666623
87,Amortized joint surrogate,-5.0,LOS,-5.372787171502967,49.33354590130899,1.23259071469138,0.07862481857377253,54.071204909117235,42.166666666666664,0.7975260416666666,24.0,1.0204698000004935
87,Analytical joint score,-5.0,MP,-5.196181713502515,330.33372610543375,1.1544160661873843,0.19477047012640572,53.24549101882379,40.04545454545455,0.9708806818181818,22.0,0.9461822666660661
87,Amortized joint surrogate,-5.0,MP,-5.196181713502515,187.3540521276137,1.3508074859785795,0.14562985244794657,55.79628404392,42.43478260869565,0.7615489130434783,23.0,1.04120926666648
87,Analytical joint score,-5.0,NLOS,-5.21139686492833,84.36617498754947,1.2194015272985375,0.17901936721882952,56.056795263163565,38.3,0.971875,30.0,1.1656567166672478
87,Amortized joint surrogate,-5.0,NLOS,-5.21139686492833,186.88188283210945,2.033054074134134,0.2838542089328604,55.72111164074939,39.206896551724135,0.7327586206896551,29.0,1.1543675499998092
88,Analytical joint score,15.0,LOS,15.201833679435898,528.5412335555139,1.9458551578923775,0.3527992679015,62.46332234642947,9.43859649122807,0.9750548245614035,57.0,1.714769883333626
88,Amortized joint surrogate,15.0,LOS,15.201833679435898,110.0541382761873,1.2267446304811278,0.20782428684185716,63.53979091803717,15.810344827586206,0.5921336206896551,58.0,1.8624591666660233
88,Analytical joint score,15.0,MP,15.541131915520364,311.5710722959829,1.2205636279081453,0.32012075473534174,63.06175648200027,12.5,0.9709051724137931,58.0,1.8347010000004123
88,Amortized joint surrogate,15.0,MP,15.541131915520364,123.97749052585608,1.1617302091068626,0.18367146399725776,64.0,13.866666666666667,0.57734375,60.0,2.0359319666672113
88,Analytical joint score,15.0,NLOS,15.120381784045732,166.57503579319342,1.2604320567650535,0.2514040475547271,62.689546584388324,15.456140350877194,0.9810855263157895,57.0,1.876731766666732
88,Amortized joint surrogate,15.0,NLOS,15.120381784045732,278.5838019953028,1.7137349152981074,0.5541338160175044,63.6463739318226,13.932203389830509,0.6032838983050848,59.0,2.100533700000066
88,Analytical joint score,5.0,LOS,5.308519693839838,625.3022114023651,1.313466759990091,0.1080168841448411,59.20376237663792,31.555555555555557,0.9763888888888889,45.0,1.515282850000214
88,Amortized joint surrogate,5.0,LOS,5.308519693839838,52.37556714549783,0.6515852237136949,0.07791298509424427,56.915962171561404,32.525,0.799609375,40.0,1.434437266666085
88,Analytical joint score,5.0,MP,5.482891555098819,228.60736609823948,1.3847716390601934,0.2408931160656018,57.21741155462013,31.91891891891892,0.971706081081081,37.0,1.9038770166664183
88,Amortized joint surrogate,5.0,MP,5.482891555098819,469.97507096571854,1.3807973596549137,0.1448023981347828,58.915774087594976,32.422222222222224,0.7204861111111112,45.0,1.6028070166669295
88,Analytical joint score,5.0,NLOS,5.1522934547641155,167.8992839657523,1.1429128023678794,0.32590525808274956,58.01639986492942,32.69230769230769,0.9767628205128205,39.0,1.6060362999998763
88,Amortized joint surrogate,5.0,NLOS,5.1522934547641155,236.87715919978473,1.7233931159820346,0.6029603233456017,60.318746395638506,29.74,0.7215625,50.0,2.1622783999996877
88,Analytical joint score,-5.0,LOS,-5.466786792828735,95.12204528256734,1.3696700262922097,0.3394904634009586,54.59777016132964,37.535714285714285,0.9760044642857143,28.0,1.2335636833332349
88,Amortized joint surrogate,-5.0,LOS,-5.466786792828735,294.6087265713631,1.8638772631984635,0.3173701792742572,55.532997027646445,37.0,0.8009072580645161,31.0,1.309465699999161
88,Analytical joint score,-5.0,MP,-5.705082340575868,115.47673905274253,0.8638625155855129,0.08883217687869718,55.073484960684006,42.541666666666664,0.9694010416666666,24.0,1.058885800000553
88,Amortized joint surrogate,-5.0,MP,-5.705082340575868,105.39687009809109,1.381401122404874,0.0913129092197701,52.51593057459089,41.59090909090909,0.7286931818181818,22.0,0.997973816666331
88,Analytical joint score,-5.0,NLOS,-4.167508103395129,91.37532118227432,1.3527764109988738,0.24305693800755293,56.34874445938408,42.869565217391305,0.9809782608695652,23.0,1.0706983166670625
88,Amortized joint surrogate,-5.0,NLOS,-4.167508103395129,119.16927278624905,1.372696214198743,0.24412679402030965,56.17702349518379,41.333333333333336,0.7596726190476191,21.0,1.0850159666669394
89,Analytical joint score,15.0,LOS,15.029435393602327,904.502722484744,1.781423587775872,0.2727752867780684,63.03397727848454,10.706896551724139,0.9771012931034483,58.0,1.7843988000000384
89,Amortized joint surrogate,15.0,LOS,15.029435393602327,415.9205246132419,1.2791350898121,0.15312349160267905,62.84967985588518,14.43859649122807,0.5808662280701754,57.0,2.7215409499992425
89,Analytical joint score,15.0,MP,15.480864243975942,56.33068693056895,1.1453812576899474,0.3000980369293456,63.636488794577694,15.542372881355933,0.9745762711864406,59.0,1.9957254833334066
89,Amortized joint surrogate,15.0,MP,15.480864243975942,132.61384330927237,1.3558111993242217,0.27911554388269094,64.0,13.15,0.5630208333333333,60.0,2.1497803666666946
89,Analytical joint score,15.0,NLOS,14.470793498354402,125.3585754223436,1.5648162189715185,0.6501098706921822,64.0,11.066666666666666,0.97578125,60.0,1.977625249999922
89,Amortized joint surrogate,15.0,NLOS,14.470793498354402,476.64977445549675,1.7627842599252572,0.6897490517879277,64.0,7.716666666666667,0.51796875,60.0,2.028772799999956
89,Analytical joint score,5.0,LOS,5.033214486217485,203.62921764782052,1.613169131564504,0.12624690195429755,58.469090235671395,32.21052631578947,0.9691611842105263,38.0,1.3133196499997741
89,Amortized joint surrogate,5.0,LOS,5.033214486217485,16.86244464260636,0.44178443013634927,0.07427615437032059,57.65709709128934,35.68292682926829,0.7972560975609756,41.0,1.452241650000019
89,Analytical joint score,5.0,MP,5.830130155350018,440.48811164198287,1.1442602736329903,0.12598453671790516,60.05351361193312,33.17777777777778,0.9722222222222222,45.0,1.6439568166665215
89,Amortized joint surrogate,5.0,MP,5.830130155350018,9.809213196155923,0.590778700314779,0.17008983574929532,57.39005674933484,35.829268292682926,0.7217987804878049,41.0,1.6238956666673705
89,Analytical joint score,5.0,NLOS,4.520062368673161,187.2138979470478,1.5189720284496533,0.4272331340307414,59.93509546057976,31.32,0.9709375,50.0,1.9063650166666928
89,Amortized joint surrogate,5.0,NLOS,4.520062368673161,152.59767396220477,1.4293974757889627,0.29584717970395286,61.85944908214113,31.176470588235293,0.7493872549019608,51.0,1.7837966499996583
89,Analytical joint score,-5.0,LOS,-4.832016232940688,60.81501373570362,1.4495893671538282,0.14549030898545043,53.05744976674072,39.43478260869565,0.9755434782608695,23.0,0.9771104166664676
89,Amortized joint surrogate,-5.0,LOS,-4.832016232940688,552.6957878042724,1.862924594614825,0.07935453152758089,54.65174937742375,40.0,0.8137019230769231,26.0,1.085650733333902
89,Analytical joint score,-5.0,MP,-5.540034075743638,375.95067934442403,1.6001227412838537,0.1225456470514301,55.85264457882894,42.0,0.9707880434782609,23.0,0.9535304333326167
89,Amortized joint surrogate,-5.0,MP,-5.540034075743638,292.6646578529101,1.3348406678856306,0.10583429820260382,56.77714880432395,42.52,0.731875,25.0,1.0351543166668382
89,Analytical joint score,-5.0,NLOS,-5.0330167262992775,375.3777402593708,1.6477883536207547,0.19384273786522174,55.666076497371854,40.19230769230769,0.9861778846153846,26.0,1.0283509500008374
89,Amortized joint surrogate,-5.0,NLOS,-5.0330167262992775,84.45876291117735,1.4546281570370658,0.17777191343008858,55.81875306496148,41.77272727272727,0.7514204545454546,22.0,0.9577653666667629
90,Analytical joint score,15.0,LOS,15.511164932493797,328.9839840372136,1.66432849193262,0.20969329573132212,63.63951733717672,15.912280701754385,0.9701206140350878,57.0,1.7461210166667722
90,Amortized joint surrogate,15.0,LOS,15.511164932493797,17.31950816167135,0.664254898164611,0.19856019904829916,60.89987119234596,21.23076923076923,0.6844951923076923,52.0,1.7303572333332795
90,Analytical joint score,15.0,MP,14.817230484120568,166.1176422334237,1.21117564531423,0.15564814028020568,62.51882732212454,17.17543859649123,0.9775219298245614,57.0,1.918990683333277
90,Amortized joint surrogate,15.0,MP,14.817230484120568,44.94319174398843,1.5496829149975575,0.5854542274873534,62.80099831619261,13.842105263157896,0.600328947368421,57.0,2.042747766666745
90,Analytical joint score,15.0,NLOS,14.671362519810778,197.52082213899507,1.669997113758091,0.5736355623144181,64.0,6.866666666666666,0.978125,60.0,2.0727293666662185
90,Amortized joint surrogate,15.0,NLOS,14.671362519810778,433.74816255210345,1.834755208987736,0.4430618751679652,64.0,9.2,0.49244791666666665,60.0,2.2909003999994106
90,Analytical joint score,5.0,LOS,4.865718091455386,48.83965292931614,0.971076419537397,0.12437689918999163,58.346834278849855,31.35135135135135,0.9750844594594594,37.0,1.3747354499997755
90,Amortized joint surrogate,5.0,LOS,4.865718091455386,20.91848734969047,0.6996009530910533,0.12548561053947174,58.49662656457351,33.853658536585364,0.7774390243902439,41.0,1.4753488666665742
90,Analytical joint score,5.0,MP,5.010912036308416,184.54247713061957,1.2505677238294681,0.32526539176493074,60.01076752550329,33.40909090909091,0.9776278409090909,44.0,1.5441723333329567
90,Amortized joint surrogate,5.0,MP,5.010912036308416,35.91439464185684,1.2751379431091197,0.2266254324185123,58.94764723286443,33.72727272727273,0.7116477272727273,44.0,1.6901747666660565
90,Analytical joint score,5.0,NLOS,4.410063851411107,213.77664904240032,1.6837743970583208,0.23801715334231532,60.416536867684236,34.58695652173913,0.9782608695652174,46.0,1.5798146333338536
90,Amortized joint surrogate,5.0,NLOS,4.410063851411107,92.81988307531924,0.9986674179953478,0.19400616315147634,57.390355977905834,32.054054054054056,0.7381756756756757,37.0,1.4877548500000632
90,Analytical joint score,-5.0,LOS,-4.331250506064972,33.30281199516672,0.9108828548483775,0.0503010331035706,55.182613115175364,41.11538461538461,0.9747596153846154,26.0,1.0436041333330575
90,Amortized joint surrogate,-5.0,LOS,-4.331250506064972,98.11828887421159,1.1361505941402381,0.07134229347391065,53.5397696136271,40.30434782608695,0.7961956521739131,23.0,1.0098422666667755
90,Analytical joint score,-5.0,MP,-4.899250307674926,135.7254876316463,1.0938738237086685,0.10032799175845865,53.72302686702388,39.42857142857143,0.9747023809523809,21.0,1.1712980166663556
90,Amortized joint surrogate,-5.0,MP,-4.899250307674926,131.1632684154733,1.414942524019465,0.12412681585177306,54.848780244009816,40.17391304347826,0.7445652173913043,23.0,1.013299199999551
90,Analytical joint score,-5.0,NLOS,-5.482473773257327,202.08322231460286,1.5291860937046557,0.27401894081566047,54.23714474900428,37.22222222222222,0.9780092592592593,27.0,1.1232591000000032
90,Amortized joint surrogate,-5.0,NLOS,-5.482473773257327,73.63754869728795,1.4372981649057743,0.44068624074479035,56.96728796666588,39.0,0.7520161290322581,31.0,1.2383485333335404
91,Analytical joint score,15.0,LOS,13.948646339146205,157.6554525067932,0.9398014435303618,0.1580967442362771,62.29693956383517,14.803571428571429,0.9715401785714286,56.0,1.7328716666668242
91,Amortized joint surrogate,15.0,LOS,13.948646339146205,222.09900789611788,1.1956605172333716,0.0960453819411714,63.4401611336502,13.084745762711865,0.534957627118644,59.0,2.099705550000408
91,Analytical joint score,15.0,MP,14.854958962811324,1263.4888881165823,1.583931786650705,0.30974150205190115,62.70408463845583,15.280701754385966,0.9673793859649122,57.0,2.1725810666661496
91,Amortized joint surrogate,15.0,MP,14.854958962811324,8.20362868322797,0.6814135721100304,0.22020505437301074,62.0261979736805,23.446428571428573,0.6556919642857143,56.0,2.3121779833331857
91,Analytical joint score,15.0,NLOS,15.310888353886117,69.97883868758392,1.384102102194114,0.6204645692675262,59.169355581308736,20.56,0.9715625,50.0,1.9774762833331276
91,Amortized joint surrogate,15.0,NLOS,15.310888353886117,233.7445112473215,1.4953167821388025,0.27332775781557694,62.58971777070457,19.607142857142858,0.6802455357142857,56.0,2.0269618666674205
91,Analytical joint score,5.0,LOS,5.120129761986247,854.9293346991923,1.621105973277863,0.1492648277069125,59.687197742872314,32.48888888888889,0.9732638888888889,45.0,1.4500394833333985
91,Amortized joint surrogate,5.0,LOS,5.120129761986247,524.471215131589,1.5269073279330012,0.07020908110623898,58.98161896461505,33.51111111111111,0.7697916666666667,45.0,1.501397666667496
91,Analytical joint score,5.0,MP,5.169201042655791,56.24122357093582,1.0837817514885402,0.2189337665674519,57.73312455440782,35.829268292682926,0.9702743902439024,41.0,1.4582726499999883
91,Amortized joint surrogate,5.0,MP,5.169201042655791,60.9379575032024,1.3257976572820411,0.28049962457516714,59.22274138036877,33.027027027027025,0.754222972972973,37.0,1.4487894666672219
91,Analytical joint score,5.0,NLOS,4.533844614397642,85.88912563684077,1.1834769819967212,0.3644602491562853,58.14845833873204,33.85,0.9796875,40.0,1.595009733333086
91,Amortized joint surrogate,5.0,NLOS,4.533844614397642,225.10621301024494,1.5773768779135138,0.32636105535380266,58.39293204595032,33.75609756097561,0.7641006097560976,41.0,1.7226489000004601
91,Analytical joint score,-5.0,LOS,-4.913361927856509,86.1825750746503,1.0511478564805712,0.10548786557330908,56.66043105816285,39.57142857142857,0.9806547619047619,21.0,0.9370316666661438
91,Amortized joint surrogate,-5.0,LOS,-4.913361927856509,416.7655375241856,1.629306957362619,0.14597474917633527,55.1167630194769,40.714285714285715,0.7818080357142857,28.0,1.1605591666665305
91,Analytical joint score,-5.0,MP,-4.7083182228592015,662.3812133043721,1.2687656110831362,0.16863615890640252,55.17412676395154,42.40909090909091,0.96875,22.0,1.0277084833338297
91,Amortized joint surrogate,-5.0,MP,-4.7083182228592015,453.1833664710895,1.4531349602961086,0.12155430524704855,57.03991398012081,41.34782608695652,0.7323369565217391,23.0,1.026260766666572
91,Analytical joint score,-5.0,NLOS,-4.831344869738973,250.56663723093834,1.5616429937422567,0.34306964760031905,53.75992626556536,42.21052631578947,0.9720394736842105,19.0,0.9898101833338538
91,Amortized joint surrogate,-5.0,NLOS,-4.831344869738973,189.95009702952837,1.352845906257186,0.4327894865720957,55.74056644285264,40.578947368421055,0.7705592105263158,19.0,0.9792537666659958
92,Analytical joint score,15.0,LOS,15.533339015987908,599.8809306176587,1.5064245008168518,0.2469536593694468,62.039678487705004,14.267857142857142,0.97265625,56.0,1.898315650000389
92,Amortized joint surrogate,15.0,LOS,15.533339015987908,223.488263983459,1.7602687401688635,0.3661491123180518,62.04659486499938,15.814814814814815,0.6328125,54.0,1.8128513499997705
92,Analytical joint score,15.0,MP,13.988453272601156,153.17515373352774,1.4438574267888087,0.30750733748847525,64.0,19.933333333333334,0.96953125,60.0,2.2334518833332595
92,Amortized joint surrogate,15.0,MP,13.988453272601156,207.16666699450562,1.6105412326736686,0.3848179245431166,62.86732859301693,18.473684210526315,0.5975877192982456,57.0,1.9674246833327895
92,Analytical joint score,15.0,NLOS,15.021182152616559,520.6145741279582,1.6161105351731557,0.2738745342810873,62.53398351643303,8.589285714285714,0.9762834821428571,56.0,1.7950855999998794
92,Amortized joint surrogate,15.0,NLOS,15.021182152616559,368.0441140419268,1.7606632925218906,0.5270829551971717,63.68182955226897,9.830508474576272,0.5190677966101694,59.0,1.9614186666662665
92,Analytical joint score,5.0,LOS,5.689807970179743,153.60405679259227,0.9401193503084061,0.07820050702811021,56.211927084822776,32.484848484848484,0.9772727272727273,33.0,1.1586364999999432
92,Amortized joint surrogate,5.0,LOS,5.689807970179743,26.412842834886987,0.4252273870264621,0.06403658545690741,57.40401776931256,36.026315789473685,0.8026315789473685,38.0,1.3552987500001261
92,Analytical joint score,5.0,MP,5.777328014378571,250.92877809590837,1.4334191071411022,0.3462207452849617,60.37550697222948,31.625,0.9736328125,48.0,1.6986785833334277
92,Amortized joint surrogate,5.0,MP,5.777328014378571,56.80883905864439,1.070829261006056,0.15075600586896565,59.1710338604274,33.391304347826086,0.7190896739130435,46.0,1.6389522833340682
92,Analytical joint score,5.0,NLOS,4.9411581355381635,115.12957565462652,1.3596097807854899,0.25001989966934074,56.462558702274485,36.27777777777778,0.9817708333333334,36.0,1.2906658833334934
92,Amortized joint surrogate,5.0,NLOS,4.9411581355381635,131.07749202735025,1.460481993815532,0.3142445336490276,55.77657033740375,33.82857142857143,0.7571428571428571,35.0,1.3036471333331672
92,Analytical joint score,-5.0,LOS,-5.376788942362824,322.27146319073216,1.2831258893385933,0.1044251350828342,57.68677587769113,41.370370370370374,0.9733796296296297,27.0,1.053191950000117
92,Amortized joint surrogate,-5.0,LOS,-5.376788942362824,117.67814020867841,1.0382090558557233,0.05950298849573035,55.0775900633266,41.0,0.7833806818181818,22.0,0.9695561999999806
92,Analytical joint score,-5.0,MP,-5.155446226696862,126.85651116751774,1.0604152649982956,0.10859476083489333,54.431825101116736,42.04347826086956,0.9741847826086957,23.0,1.0066124999999222
92,Amortized joint surrogate,-5.0,MP,-5.155446226696862,54.03859254033301,0.755575554821444,0.11127645830070013,54.351042032617755,42.285714285714285,0.7336309523809523,21.0,0.9391915999998446
92,Analytical joint score,-5.0,NLOS,-4.730650890130823,99.4414760279085,1.3086340514007524,0.18533256619432087,55.596887224150954,38.12,0.975625,25.0,1.2285829500001455
92,Amortized joint surrogate,-5.0,NLOS,-4.730650890130823,167.97619983829532,0.992252726301577,0.17907893068761174,55.30129690293629,39.52173913043478,0.7615489130434783,23.0,1.189627249999603
93,Analytical joint score,15.0,LOS,15.114388589606662,50.89771308637474,1.1021902290307475,0.2388993567299616,63.14133768252168,18.625,0.9737723214285714,56.0,1.8727313666668504
93,Amortized joint surrogate,15.0,LOS,15.114388589606662,49.18304302211757,1.004519154849273,0.1507229100728895,62.38083132070784,18.85185185185185,0.6209490740740741,54.0,1.9184956833328215
93,Analytical joint score,15.0,MP,15.133037242207234,452.6090352609821,1.5654294596724134,0.292195491395841,63.461153947594944,10.813559322033898,0.9761652542372882,59.0,2.0733408166667764
93,Amortized joint surrogate,15.0,MP,15.133037242207234,149.51415074501446,1.2189856400716796,0.21330213585663366,63.50780227985509,11.084745762711865,0.5542902542372882,59.0,1.9501962166666924
93,Analytical joint score,15.0,NLOS,15.43800462949837,420.13802555506027,1.6538682432209162,0.7989572617051295,64.0,7.15,0.97421875,60.0,1.9810087833330197
93,Amortized joint surrogate,15.0,NLOS,15.43800462949837,74.3956582546051,0.9845600722992127,0.3324069530362133,64.0,19.2,0.6302083333333334,60.0,2.0150075833337646
93,Analytical joint score,5.0,LOS,5.037626746913406,38.823318539085356,1.0361393203790619,0.16399862437990012,56.46932401281652,37.588235294117645,0.9742647058823529,34.0,1.2922201500003894
93,Amortized joint surrogate,5.0,LOS,5.037626746913406,22.764520906083302,1.0395031680935602,0.12699808274717414,56.78246617734906,37.588235294117645,0.7881433823529411,34.0,1.2226631666663934
93,Analytical joint score,5.0,MP,5.311607192194829,33.71887713469814,0.6806871034770721,0.09649822010929768,59.235174387512195,33.63414634146341,0.9740853658536586,41.0,1.4635851666658557
93,Amortized joint surrogate,5.0,MP,5.311607192194829,107.22460425752682,1.0957061260721366,0.21413420616913645,59.440350853132394,32.52173913043478,0.7265625,46.0,1.6935708166670338
93,Analytical joint score,5.0,NLOS,5.050308198045165,399.7852135254334,1.517364378634719,0.6155705151208002,60.23725072177637,31.27659574468085,0.9717420212765957,47.0,1.7319199833328487
93,Amortized joint surrogate,5.0,NLOS,5.050308198045165,458.48964337370825,1.724132174227193,0.7604672418924989,62.4026647744991,31.19607843137255,0.7377450980392157,51.0,2.1472104999996113
93,Analytical joint score,-5.0,LOS,-4.197997562089152,128.71726283207488,1.156650441678937,0.04411759451926525,53.28711162695672,43.130434782608695,0.9735054347826086,23.0,1.0910976833334491
93,Amortized joint surrogate,-5.0,LOS,-4.197997562089152,125.63896616289581,1.2786870324388009,0.04654595253420635,54.40217019639184,43.0,0.79296875,24.0,1.0784296166671463
93,Analytical joint score,-5.0,MP,-5.397214357982647,685.65300353238,1.4981432425328756,0.15796076998573838,56.75912549176238,42.166666666666664,0.9765625,24.0,1.0331772999999582
93,Amortized joint surrogate,-5.0,MP,-5.397214357982647,452.6836378989081,1.7316083474462136,0.1620987578527506,54.769078664061965,42.095238095238095,0.7485119047619048,21.0,1.012286766666648
93,Analytical joint score,-5.0,NLOS,-5.118826234682109,286.20989817064964,1.652834316682818,0.20590392502040322,54.20592150395134,38.166666666666664,0.9765625,24.0,0.9518652000006492
93,Amortized joint surrogate,-5.0,NLOS,-5.118826234682109,277.2994282504355,1.7994922696834865,0.28923069241322125,55.517513665260815,40.0,0.7728365384615384,26.0,1.1045869166669793
94,Analytical joint score,15.0,LOS,14.375453680490624,53.525645131881184,0.8507182433362154,0.08154610176512285,62.19092948358772,24.5,0.9733796296296297,54.0,1.8593398333327589
94,Amortized joint surrogate,15.0,LOS,14.375453680490624,1357.9598996009602,1.7661823637846634,0.39447307444111085,62.65323960473021,13.263157894736842,0.5879934210526315,57.0,1.8942864666665098
94,Analytical joint score,15.0,MP,16.067273072801076,495.4460168903868,1.750716045982257,0.3172543356463336,64.0,11.516666666666667,0.9755208333333333,60.0,2.0751151833337644
94,Amortized joint surrogate,15.0,MP,16.067273072801076,261.37380770946226,1.3971922511504316,0.14331443594459112,63.44069511972108,12.016949152542374,0.5378707627118644,59.0,2.0767968333331055
94,Analytical joint score,15.0,NLOS,14.826901376255172,137.48629477194427,1.4397295920502013,0.40000040942340703,62.96032394418902,12.293103448275861,0.9768318965517241,58.0,1.82006033333361
94,Amortized joint surrogate,15.0,NLOS,14.826901376255172,13.907766247320671,0.6661279064495944,0.25037062173735175,62.370801226127526,19.145454545454545,0.6880681818181819,55.0,1.8887943333339763
94,Analytical joint score,5.0,LOS,5.131915985660718,205.5252819411747,1.242615978744655,0.11142060956776347,59.82567279195873,31.444444444444443,0.9756944444444444,45.0,1.564864083332888
94,Amortized joint surrogate,5.0,LOS,5.131915985660718,290.4798559035403,1.542583089168909,0.09291202124885992,61.10070329280986,29.8,0.7334375,50.0,1.8130888499996445
94,Analytical joint score,5.0,MP,5.258197821595094,173.02403718336782,1.6132073160364508,0.14026032794921503,57.124693066635395,37.526315789473685,0.9745065789473685,38.0,1.4336005333338637
94,Amortized joint surrogate,5.0,MP,5.258197821595094,142.69987955357868,1.0003494390772496,0.18190487411864106,54.265823505443315,36.625,0.75341796875,32.0,1.443013283333509
94,Analytical joint score,5.0,NLOS,6.048844228379783,348.92549949067944,1.8159465280261375,0.3569696205934801,60.57681723056868,34.0625,0.9736328125,48.0,1.9607748166663441
94,Amortized joint surrogate,5.0,NLOS,6.048844228379783,384.7196753487755,1.501801750457012,0.2766524647015192,57.32670697612059,32.333333333333336,0.7359775641025641,39.0,1.6633013666667769
94,Analytical joint score,-5.0,LOS,-4.879634275316765,103.73922480917281,1.5451852070286103,0.05298908108490548,55.8929579410158,40.26086956521739,0.9789402173913043,23.0,0.8967401166671607
94,Amortized joint surrogate,-5.0,LOS,-4.879634275316765,69.26451009081411,1.0071389505984454,0.08369159530052878,56.53963713011235,40.30434782608695,0.8091032608695652,23.0,0.9296408666661667
94,Analytical joint score,-5.0,MP,-5.3846017237685295,129.41475904867082,1.2393044655178769,0.16494349675995698,58.08647168472134,41.241379310344826,0.9725215517241379,29.0,1.5820973166664014
94,Amortized joint surrogate,-5.0,MP,-5.3846017237685295,171.84536606448137,1.454114991774757,0.18210853950864056,56.45151943828828,41.19230769230769,0.7475961538461539,26.0,1.311376883333537
94,Analytical joint score,-5.0,NLOS,-4.490776280681914,217.2871460473757,1.3762379662532158,0.3085172354733194,56.0478762750287,41.52,0.97125,25.0,1.3010926333331934
94,Amortized joint surrogate,-5.0,NLOS,-4.490776280681914,116.06411704747727,1.3261554166482306,0.3439980595406562,54.695824449925375,40.48,0.76,25.0,1.4308816666670054
95,Analytical joint score,15.0,LOS,14.663305981643461,205.44149284771478,1.4432827832131594,0.17185943876226303,62.03995081502871,14.309090909090909,0.9721590909090909,55.0,1.9035486333327374
95,Amortized joint surrogate,15.0,LOS,14.663305981643461,86.66470833369952,1.0904110469861008,0.15966484140641046,63.17408235050484,20.086206896551722,0.6559806034482759,58.0,2.025484916666187
95,Analytical joint score,15.0,MP,15.10172926538363,743.4191685865435,1.5697628217397428,0.5244413345714463,63.11004552932477,12.810344827586206,0.96875,58.0,2.1963777500000483
95,Amortized joint surrogate,15.0,MP,15.10172926538363,704.76375978857,1.8098918663333496,0.2688309939937433,63.55251610802417,10.016949152542374,0.4788135593220339,59.0,2.0900995833329716
95,Analytical joint score,15.0,NLOS,14.595136417892803,619.1788896407646,1.6868880342245987,0.6721053071133812,63.55534087049642,12.067796610169491,0.9727224576271186,59.0,2.0397711833330354
95,Amortized joint surrogate,15.0,NLOS,14.595136417892803,340.0856226109711,1.7284370973929823,0.8154183068614271,63.54226202974085,11.46551724137931,0.5557650862068966,58.0,2.1622616000001926
95,Analytical joint score,5.0,LOS,5.367352111999248,94.31826426262349,1.1032532511494717,0.17165655197863222,57.41342739769802,35.138888888888886,0.97265625,36.0,1.348953149999943
95,Amortized joint surrogate,5.0,LOS,5.367352111999248,114.28888082083574,1.1318533538870084,0.17526660120559096,57.74761738964298,35.270270270270274,0.785472972972973,37.0,1.5784437000007756
95,Analytical joint score,5.0,MP,5.009136269188704,13.855199484126848,0.9152646453182284,0.23579066930152,57.95232986787419,33.595238095238095,0.9735863095238095,42.0,1.4300374000005907
95,Amortized joint surrogate,5.0,MP,5.009136269188704,192.0411516968501,0.9559953625405098,0.15166420276451745,59.48506076565872,34.57446808510638,0.7310505319148937,47.0,1.7160904166663233
95,Analytical joint score,5.0,NLOS,4.657212843183033,405.954181983203,1.911534346427516,0.39477862497220156,61.47495440012933,26.96,0.9728125,50.0,1.6653786833330742
95,Amortized joint surrogate,5.0,NLOS,4.657212843183033,47.68262435104881,1.3821447890004426,0.40115996957583294,58.32149905722128,33.30232558139535,0.7332848837209303,43.0,1.7030584999995806
95,Analytical joint score,-5.0,LOS,-4.069795891813392,102.02116834594807,1.0983323142088974,0.09142057372595142,53.73243834779651,41.083333333333336,0.9778645833333334,24.0,1.0426740833329025
95,Amortized joint surrogate,-5.0,LOS,-4.069795891813392,104.43603431670142,1.4370416520329234,0.09313737100446201,53.690710300541035,42.18181818181818,0.7947443181818182,22.0,0.917371166666688
95,Analytical joint score,-5.0,MP,-5.034663370827648,84.29560584775867,1.0167870260933913,0.12325683255386949,53.58856091020912,41.69565217391305,0.9680706521739131,23.0,0.9899917666672309
95,Amortized joint surrogate,-5.0,MP,-5.034663370827648,436.1681629091322,1.3176412971797047,0.09384240076558849,55.103829271491435,39.208333333333336,0.7506510416666666,24.0,1.0454603666659068
95,Analytical joint score,-5.0,NLOS,-4.611043869256573,177.88084927649572,0.7588736616314502,0.2782723313530951,55.05216632098283,41.68181818181818,0.9737215909090909,22.0,1.0088946833330208
95,Amortized joint surrogate,-5.0,NLOS,-4.611043869256573,93.67412300266157,0.9463470152249844,0.35036491239882406,56.02383440544234,41.26923076923077,0.7560096153846154,26.0,1.1189156999999266
96,Analytical joint score,15.0,LOS,15.136439530309389,4.796306597804268,0.4657209520254577,0.21683662208416765,64.0,23.216666666666665,0.96953125,60.0,1.9108645999997027
96,Amortized joint surrogate,15.0,LOS,15.136439530309389,133.8736913013661,1.3284192673273416,0.21211152623111806,63.16594042646958,13.508771929824562,0.6011513157894737,57.0,1.9040692333334164
96,Analytical joint score,15.0,MP,14.631691460735986,387.6411552398237,1.7321338173805483,0.3573537504123331,63.61947108613722,11.983050847457626,0.9711334745762712,59.0,1.9735144833333607
96,Amortized joint surrogate,15.0,MP,14.631691460735986,482.67348319647573,1.533690686036806,0.2958226658962362,62.51571402195797,16.614035087719298,0.5800438596491229,57.0,2.0546075999997506
96,Analytical joint score,15.0,NLOS,15.758929118596576,381.35747511207137,1.6650126777291256,0.44353824969646155,63.15907138097149,14.793103448275861,0.9776400862068966,58.0,1.946270250000263
96,Amortized joint surrogate,15.0,NLOS,15.758929118596576,209.2895076839503,1.472601866033527,0.606574601926664,62.77880629999968,16.596491228070175,0.6584429824561403,57.0,1.8924140166670138
96,Analytical joint score,5.0,LOS,3.9478724278915873,27.284861858930046,0.5540386068087958,0.08201663783054372,59.95897109489459,34.77777777777778,0.9809027777777778,45.0,1.4330001166664867
96,Amortized joint surrogate,5.0,LOS,3.9478724278915873,24.931151291757192,0.6525580359058889,0.21490920710113853,58.96795329598774,35.25,0.7808948863636364,44.0,1.5144479166669573
96,Analytical joint score,5.0,MP,4.729515487890444,377.771195698474,1.4198358469564034,0.36666523438623894,60.11552981548675,30.21276595744681,0.9744015957446809,47.0,1.5811657999999322
96,Amortized joint surrogate,5.0,MP,4.729515487890444,330.60923596993933,1.67768126888797,0.30289159715629455,60.30899259529809,32.67391304347826,0.7377717391304348,46.0,1.5746168000002096
96,Analytical joint score,5.0,NLOS,5.2803474696658546,510.60936761175276,1.6484485553153614,0.3803159976660145,58.32383332087881,32.83720930232558,0.9771075581395349,43.0,1.4016890333332792
96,Amortized joint surrogate,5.0,NLOS,5.2803474696658546,599.422042159628,1.621072295365264,0.4821021566964502,60.949934696471246,35.142857142857146,0.7299107142857143,49.0,1.668644350000174
96,Analytical joint score,-5.0,LOS,-5.096765017727039,205.4729961278483,1.6683241820454657,0.0544575377922024,53.87444599058307,40.31818181818182,0.9723011363636364,22.0,0.851063899999834
96,Amortized joint surrogate,-5.0,LOS,-5.096765017727039,145.0507477701876,1.29105512190195,0.05423843291732584,53.178820005826026,41.0,0.7723214285714286,21.0,0.8627728499997526
96,Analytical joint score,-5.0,MP,-4.091720172263537,169.86466740305244,1.3525411282040336,0.13489707928214073,56.747184585666155,42.0,0.9782366071428571,28.0,1.0774137166663422
96,Amortized joint surrogate,-5.0,MP,-4.091720172263537,50.553883102474536,0.9576477733713029,0.16302264937117425,57.253568333091984,40.53846153846154,0.7650240384615384,26.0,1.2793381499998684
96,Analytical joint score,-5.0,NLOS,-4.479148376528604,291.5958490295734,1.493342790172652,0.5602535328006619,55.052959642481504,40.61538461538461,0.9699519230769231,26.0,1.1258040499996014
96,Amortized joint surrogate,-5.0,NLOS,-4.479148376528604,155.77837693374667,1.27761198779037,0.334723405173504,54.33233513171143,40.07692307692308,0.7512019230769231,26.0,1.2587170166672952
97,Analytical joint score,15.0,LOS,14.97286682193834,421.11893697354157,1.2793277745986709,0.14161691239112406,62.772680413667935,15.631578947368421,0.9756030701754386,57.0,1.9991200499996846
97,Amortized joint surrogate,15.0,LOS,14.97286682193834,662.2959264286727,1.3221883320379946,0.16033977838059252,62.42003180560545,18.181818181818183,0.5951704545454546,55.0,2.0479609500000606
97,Analytical joint score,15.0,MP,15.049282183327835,56.446270777905085,1.1870232026426868,0.2749399124266379,62.10580716120078,22.214285714285715,0.9734933035714286,56.0,2.1427238333330934
97,Amortized joint surrogate,15.0,MP,15.049282183327835,51.92436085002952,1.0201676685947658,0.45803867661085695,62.26038429407631,24.454545454545453,0.6840909090909091,55.0,2.195881099999989
97,Analytical joint score,15.0,NLOS,14.29817935209801,231.52203830240728,1.4333716758961725,0.6380979954893146,63.511375886812004,14.169491525423728,0.9769597457627118,59.0,2.1013456333330773
97,Amortized joint surrogate,15.0,NLOS,14.29817935209801,265.7573890014485,1.6075558524077325,0.4383023892972538,64.0,8.266666666666667,0.5216145833333333,60.0,2.0944826666664085
97,Analytical joint score,5.0,LOS,6.057131763770838,390.5507520009224,1.6469875683235398,0.1362553301118202,59.088242457728505,32.69767441860465,0.9738372093023255,43.0,1.5326679833331507
97,Amortized joint surrogate,5.0,LOS,6.057131763770838,63.84168096665797,0.9373823666234056,0.13975746338630932,58.41670683150546,34.92857142857143,0.7853422619047619,42.0,1.4916717833339515
97,Analytical joint score,5.0,MP,4.343138617927004,110.76456235794359,1.0904361895952437,0.2510779792322359,59.48048129582873,31.272727272727273,0.9733664772727273,44.0,1.5723562833339126
97,Amortized joint surrogate,5.0,MP,4.343138617927004,815.8626738710287,1.7732891789042058,0.2593089793859482,60.694750476500225,28.282608695652176,0.7139945652173914,46.0,1.671529600000099
97,Analytical joint score,5.0,NLOS,5.507620429048177,349.339770511333,1.6627120624459548,0.42956649940654523,57.68247544275025,33.63414634146341,0.9702743902439024,41.0,1.4470772500004614
97,Amortized joint surrogate,5.0,NLOS,5.507620429048177,184.47062324615618,1.2169736205268302,0.36430412159445447,58.48706475249242,35.47727272727273,0.7379261363636364,44.0,1.6765051166667415
97,Analytical joint score,-5.0,LOS,-5.83752279747552,98.09114122812157,1.2504039030161163,0.06633957042840553,54.87977433379882,40.666666666666664,0.9830729166666666,24.0,1.005823500000247
97,Amortized joint surrogate,-5.0,LOS,-5.83752279747552,148.8972521805017,1.381642666271793,0.0776208147928968,54.006858916346765,40.85,0.775,20.0,0.873972399999919
97,Analytical joint score,-5.0,MP,-5.583690932266564,246.89844643938304,1.6724471731143278,0.1338146200804053,55.25716546948079,41.24,0.966875,25.0,0.9658926666674006
97,Amortized joint surrogate,-5.0,MP,-5.583690932266564,355.0796291892704,1.7303359285773916,0.12214383687173405,55.40283755681272,41.76923076923077,0.7578125,26.0,1.0712260833334615
97,Analytical joint score,-5.0,NLOS,-4.666462681797031,229.23224476231283,1.8508978732253958,0.3917644621210073,55.037168404595114,38.5,0.9760416666666667,30.0,1.1625403000001218
97,Amortized joint surrogate,-5.0,NLOS,-4.666462681797031,254.68735857255294,1.7816229360467881,0.3364794514392739,53.529299014473416,39.10344827586207,0.7764008620689655,29.0,1.2464479166671556
98,Analytical joint score,15.0,LOS,15.50654415445307,134.40829987474964,1.5096769424168957,0.13403434478794715,63.4583714530992,14.067796610169491,0.9713983050847458,59.0,1.866362033333265
98,Amortized joint surrogate,15.0,LOS,15.50654415445307,203.73181464931528,1.4936024640141232,0.3099302314937873,62.8705908287755,13.464285714285714,0.5744977678571429,56.0,1.9457147500001308
98,Analytical joint score,15.0,MP,15.508704107157241,370.4714518221481,1.5991120701659376,0.4148646454846352,64.0,13.933333333333334,0.9734375,60.0,1.9365130000001802
98,Amortized joint surrogate,15.0,MP,15.508704107157241,299.7260625038838,1.5160335610484923,0.31682839997112755,64.0,17.166666666666668,0.5778645833333333,60.0,1.9396498000001354
98,Analytical joint score,15.0,NLOS,14.727458811243839,569.6025431728908,1.6900191455351468,0.6108277541611977,64.0,14.233333333333333,0.9770833333333333,60.0,1.9080384333326113
98,Amortized joint surrogate,15.0,NLOS,14.727458811243839,224.0823847930745,2.1138347985359545,0.6787553738046322,64.0,12.566666666666666,0.5690104166666666,60.0,1.9588688666668002
98,Analytical joint score,5.0,LOS,6.061434842358726,137.15522431250108,1.5128604061207251,0.099130649783514,58.851492609565014,31.88095238095238,0.9806547619047619,42.0,1.3438886666667333
98,Amortized joint surrogate,5.0,LOS,6.061434842358726,257.70872434987103,1.5305071460672186,0.12116673054068028,59.280879370759635,31.238095238095237,0.7831101190476191,42.0,1.4238604499998548
98,Analytical joint score,5.0,MP,4.6164438551975735,369.07377584388246,1.289781560122141,0.15562671434214775,59.27093084261126,33.390243902439025,0.9740853658536586,41.0,1.4026831666664445
98,Amortized joint surrogate,5.0,MP,4.6164438551975735,201.64771419969284,1.138772904439353,0.15085005261410797,59.251938497610354,34.095238095238095,0.7351190476190477,42.0,1.4538447333336535
98,Analytical joint score,5.0,NLOS,4.537308012047831,128.62728658140824,1.419625009017662,0.27267214016036667,60.689816139591024,33.57446808510638,0.9750664893617021,47.0,1.530958483333696
98,Amortized joint surrogate,5.0,NLOS,4.537308012047831,296.054587395779,1.723920388784529,0.5116948194134501,60.531208492315166,33.520833333333336,0.7353515625,48.0,1.7200352499997962
98,Analytical joint score,-5.0,LOS,-6.424989352910959,158.52279703321253,1.620868671133941,0.04252519054191013,56.036151644708205,41.0,0.9779829545454546,22.0,1.4655179666666147
98,Amortized joint surrogate,-5.0,LOS,-6.424989352910959,198.3171433320973,1.745182206218149,0.041043278749597185,55.87499597056459,42.2,0.7921875,20.0,0.8317922833337358
98,Analytical joint score,-5.0,MP,-4.8935201858869,194.92470486527927,1.4449375973310512,0.07513216544917668,53.939451411333614,42.714285714285715,0.9754464285714286,21.0,0.8589059833326473
98,Amortized joint surrogate,-5.0,MP,-4.8935201858869,471.5750204603184,1.7613241836987066,0.14358747979968786,55.181114575711774,41.7,0.73359375,20.0,0.8669496999999637
98,Analytical joint score,-5.0,NLOS,-5.763938468585119,462.13484892952266,1.516728887026171,0.2453708824739846,54.74828428975123,44.5,0.971875,20.0,0.9169998000004398
98,Amortized joint surrogate,-5.0,NLOS,-5.763938468585119,347.3371501500132,1.1365423281126552,0.148593497154087,56.18023520529626,44.142857142857146,0.7366071428571429,21.0,0.9578205833330836
99,Analytical joint score,15.0,LOS,15.097623306400287,125.21969886101476,1.5287076545551586,0.1913505050929891,63.59512097059824,19.203389830508474,0.9671610169491526,59.0,1.7934099499996137
99,Amortized joint surrogate,15.0,LOS,15.097623306400287,124.53536018175782,1.307117659693501,0.10902810344943442,63.03868479887027,19.736842105263158,0.6609100877192983,57.0,1.827600966667357
99,Analytical joint score,15.0,MP,14.921842876992065,160.2084878434051,1.455356612350074,0.3045537146625036,63.27641672694668,11.724137931034482,0.9771012931034483,58.0,1.847734533333778
99,Amortized joint surrogate,15.0,MP,14.921842876992065,211.89538815498395,1.5796463929588163,0.27320055432567164,63.0046541280315,18.137931034482758,0.6443965517241379,58.0,1.9538507666671496
99,Analytical joint score,15.0,NLOS,15.888029536809206,379.7767281301317,1.8745930561555997,0.447303510153533,63.66870443578389,10.05084745762712,0.9740466101694916,59.0,1.8666763333328618
99,Amortized joint surrogate,15.0,NLOS,15.888029536809206,634.3400878516532,1.6043324556417622,0.6076827935510957,63.15721176277773,10.793103448275861,0.5255926724137931,58.0,2.004804716666323
99,Analytical joint score,5.0,LOS,4.942017203988771,16.460606819218242,0.9215961441869004,0.08741118812765067,57.38131533175638,34.073170731707314,0.9748475609756098,41.0,1.37094311666696
99,Amortized joint surrogate,5.0,LOS,4.942017203988771,52.754718174784635,1.0044143497942233,0.1508184954625792,61.4317358638315,32.44897959183673,0.7815688775510204,49.0,1.6454238666663439
99,Analytical joint score,5.0,MP,4.995102801347356,11.711028458531421,0.4783511690032832,0.09561846146177878,56.46531180235687,32.47222222222222,0.9730902777777778,36.0,1.272270550000106
99,Amortized joint surrogate,5.0,MP,4.995102801347356,44.44769313375084,1.2228731697446913,0.1600001242168031,57.515611966885025,31.76923076923077,0.733573717948718,39.0,1.4397978333335004
99,Analytical joint score,5.0,NLOS,4.8945466113070015,533.7126872644418,1.5573625755741216,0.3638399969751025,61.11148154076299,30.489795918367346,0.9764030612244898,49.0,1.5929019999996779
99,Amortized joint surrogate,5.0,NLOS,4.8945466113070015,497.09322072826234,1.8540454566385576,0.35114603870360295,61.631564390408066,30.333333333333332,0.7506127450980392,51.0,1.8069529000001694
99,Analytical joint score,-5.0,LOS,-4.517301826745492,141.6804410269386,1.5008632337756027,0.18714574933376305,55.145809159632684,41.61904761904762,0.9813988095238095,21.0,0.8646210499999066
99,Amortized joint surrogate,-5.0,LOS,-4.517301826745492,399.86189273596307,1.8319953444940023,0.10815727819636256,56.92880181860007,42.708333333333336,0.7916666666666666,24.0,0.9557434833330566
99,Analytical joint score,-5.0,MP,-5.2818364679164285,74.47653020525608,1.0727450827304348,0.12772253180251744,56.685842452234205,40.62068965517241,0.9773706896551724,29.0,1.0925150333330673
99,Amortized joint surrogate,-5.0,MP,-5.2818364679164285,77.98937435015091,1.2316257321998179,0.1273648158434989,55.75370112838539,41.03846153846154,0.7421875,26.0,1.0519025333337595
99,Analytical joint score,-5.0,NLOS,-4.89905720489776,582.6324933452147,1.7077706617470134,0.40637251594811036,56.107113788136814,39.28,0.978125,25.0,0.9861003333336763
99,Amortized joint surrogate,-5.0,NLOS,-4.89905720489776,394.8833939908029,1.687398854550662,0.4249346262498226,55.58713631974246,41.21739130434783,0.7690217391304348,23.0,0.9602578166663989
