seed,architecture,snr_db,channel,achieved_snr_db,mse_frequency,latency_ms_per_window,ess,acceptance_rate
0,Amortized surrogate,-5.0,LOS,-4.9555216935496995,19.834084472834146,58.12893,30.879042152954874,0.7431818181818182
0,Analytical score,-5.0,LOS,-4.9555216935496995,57.89093688158141,40.5301975,29.025760429848866,0.7931818181818182
0,Amortized surrogate,-5.0,MP,-4.381422569366094,377.93603733309385,55.8008735,7.248488236293852,0.6772727272727272
0,Analytical score,-5.0,MP,-4.381422569366094,446.47105253944903,38.68524875,11.380188677236003,0.715909090909091
0,Amortized surrogate,-5.0,NLOS,-4.549537375148676,58.86104140967296,57.03313175,16.336378559141934,0.7113636363636364
0,Analytical score,-5.0,NLOS,-4.549537375148676,54.76535144077462,39.16006475,12.615819909531286,0.7909090909090909
0,Amortized surrogate,5.0,LOS,5.044906511787383,10.651485785514545,57.1634,23.52523831265275,0.7272727272727273
0,Analytical score,5.0,LOS,5.044906511787383,18.574519372097132,39.614985,18.739991540375918,0.7977272727272727
0,Amortized surrogate,5.0,MP,4.214866109718961,1.3010797235035103,57.62285625,19.203208844518947,0.7431818181818182
0,Analytical score,5.0,MP,4.214866109718961,1.126772488849323,40.843608,17.33417584736404,0.7795454545454547
0,Amortized surrogate,5.0,NLOS,5.0411007553619385,14.393008127183599,58.2160185,13.249194942588764,0.7727272727272727
0,Analytical score,5.0,NLOS,5.0411007553619385,14.288488451625817,41.6809105,19.20817517230053,0.7863636363636364
0,Amortized surrogate,15.0,LOS,14.857532780756465,1.1635656590406032,55.9642555,15.899235565632141,0.7931818181818182
0,Analytical score,15.0,LOS,14.857532780756465,21.412291456982327,42.98670025,9.01132486987999,0.8409090909090909
0,Amortized surrogate,15.0,MP,14.558480446007696,16.254346991472175,72.1448525,20.154552222026123,0.7977272727272727
0,Analytical score,15.0,MP,14.558480446007696,16.335870175095128,42.969883,20.540864460496877,0.8204545454545453
0,Amortized surrogate,15.0,NLOS,15.040817520673244,11.463386118719809,59.978219,9.337159495426667,0.7863636363636364
0,Analytical score,15.0,NLOS,15.040817520673244,14.911004445319854,40.39178625,7.8278307139924825,0.8272727272727272
1,Amortized surrogate,-5.0,LOS,-5.119079598017457,95.31789131484254,62.5758885,16.771698517070572,0.7931818181818182
1,Analytical score,-5.0,LOS,-5.119079598017457,73.72496303891953,48.2768905,23.57259972033423,0.8068181818181819
1,Amortized surrogate,-5.0,MP,-4.999600274288341,132.89617258407023,56.6967605,14.808759208541716,0.8045454545454546
1,Analytical score,-5.0,MP,-4.999600274288341,124.34011787250142,40.4809765,13.455835083373334,0.8181818181818181
1,Amortized surrogate,-5.0,NLOS,-5.391780827970754,23.20205785629463,57.05974875,10.473943117139308,0.7931818181818181
1,Analytical score,-5.0,NLOS,-5.391780827970754,21.74612002052738,40.43482825,8.85142246566595,0.8159090909090909
1,Amortized surrogate,5.0,LOS,5.5938830079265545,3.527389162048606,56.09332,10.793783132767471,0.7681818181818183
1,Analytical score,5.0,LOS,5.5938830079265545,5.535391142270004,40.418985,11.406300997603543,0.8045454545454546
1,Amortized surrogate,5.0,MP,5.606506148127051,13.342830490601592,56.45727725,15.5921758527527,0.7886363636363637
1,Analytical score,5.0,MP,5.606506148127051,12.196671489922082,39.81194675,15.883938485075188,0.7931818181818181
1,Amortized surrogate,5.0,NLOS,4.629061470120644,0.5363286226019962,59.26917275,24.81744081919122,0.7977272727272726
1,Analytical score,5.0,NLOS,4.629061470120644,0.6725649826309194,41.419559,22.515034573051672,0.8022727272727272
1,Amortized surrogate,15.0,LOS,15.456731834465797,12.121113500223538,55.93496375,8.696001612696147,0.8090909090909091
1,Analytical score,15.0,LOS,15.456731834465797,11.922521308085965,40.60278625,12.63300897376726,0.8113636363636364
1,Amortized surrogate,15.0,MP,15.051347962234956,15.427250277686317,67.43941775,10.181644956975319,0.7999999999999999
1,Analytical score,15.0,MP,15.051347962234956,12.770777304691194,40.88027825,7.120546961518539,0.8068181818181818
1,Amortized surrogate,15.0,NLOS,14.60582710049254,29.397931367122027,60.3427205,13.320946193140834,0.8068181818181819
1,Analytical score,15.0,NLOS,14.60582710049254,32.423140585306584,42.877861,12.253949764387386,0.7863636363636364
2,Amortized surrogate,-5.0,LOS,-5.207781694208666,167.19454419338905,57.1606,12.935325581966906,0.8613636363636363
2,Analytical score,-5.0,LOS,-5.207781694208666,177.3563283303472,41.98594975,13.160548828871466,0.8363636363636364
2,Amortized surrogate,-5.0,MP,-5.987520080401165,251.10661941043742,58.43740925,7.612763834796451,0.7840909090909092
2,Analytical score,-5.0,MP,-5.987520080401165,210.98183100651346,40.0074375,9.62021741508628,0.8090909090909091
2,Amortized surrogate,-5.0,NLOS,-4.690347986117898,81.6685408500964,64.443805,18.59935499369,0.7909090909090909
2,Analytical score,-5.0,NLOS,-4.690347986117898,80.26186186460112,47.79902025,20.957864386421132,0.8090909090909091
2,Amortized surrogate,5.0,LOS,5.229860170427995,0.2282261739377818,69.758559,28.292178721450455,0.7681818181818181
2,Analytical score,5.0,LOS,5.229860170427995,0.4461417222169974,41.68945725,27.08979399494194,0.7636363636363637
2,Amortized surrogate,5.0,MP,4.155864750270623,14.567790477989478,57.94584875,41.3189854766269,0.7704545454545454
2,Analytical score,5.0,MP,4.155864750270623,14.213871785038952,44.8129215,42.78185797443191,0.7886363636363637
2,Amortized surrogate,5.0,NLOS,5.620499773724161,1.4487554432450112,57.52810725,29.472699889576568,0.8022727272727272
2,Analytical score,5.0,NLOS,5.620499773724161,0.5577547103651205,39.640729,32.01234209703309,0.8
2,Amortized surrogate,15.0,LOS,15.481962887737808,2.33865214223037,56.95065775,20.729955864688183,0.7977272727272727
2,Analytical score,15.0,LOS,15.481962887737808,2.095380953450828,40.91504675,21.335290243903327,0.7909090909090909
2,Amortized surrogate,15.0,MP,15.204041921779407,3.8816678820941655,56.49834025,18.953732449292048,0.7318181818181818
2,Analytical score,15.0,MP,15.204041921779407,2.205474301114692,41.775742,18.490745780694613,0.7636363636363637
2,Amortized surrogate,15.0,NLOS,14.913229073400736,7.048321732303197,59.129493,24.001358074969158,0.7545454545454545
2,Analytical score,15.0,NLOS,14.913229073400736,2.1314886874535275,40.80103375,24.849984116114,0.7909090909090909
3,Amortized surrogate,-5.0,LOS,-4.435383317156271,122.72056894104978,57.95396825,5.334807558259478,0.759090909090909
3,Analytical score,-5.0,LOS,-4.435383317156271,57.1159527736276,40.5624065,6.283399397533806,0.7840909090909091
3,Amortized surrogate,-5.0,MP,-5.073986289751544,39.512357339179026,63.2063465,16.2282783018937,0.8068181818181818
3,Analytical score,-5.0,MP,-5.073986289751544,26.993394448066752,42.695001,14.599923099285958,0.7977272727272727
3,Amortized surrogate,-5.0,NLOS,-5.798784794662314,47.22663667779399,67.6149695,12.15691424666213,0.7818181818181817
3,Analytical score,-5.0,NLOS,-5.798784794662314,50.84315008745934,56.77325075,12.19952334690442,0.7931818181818182
3,Amortized surrogate,5.0,LOS,5.079772064896279,15.009299052399689,56.94205,13.91327424755471,0.8136363636363636
3,Analytical score,5.0,LOS,5.079772064896279,1.9477204658822882,42.94864275,11.796735408030024,0.8295454545454546
3,Amortized surrogate,5.0,MP,5.145175163909615,3.5167214933409965,57.81093975,6.797011497666358,0.8045454545454545
3,Analytical score,5.0,MP,5.145175163909615,1.9502378958038609,41.40255375,11.575333626347128,0.8250000000000001
3,Amortized surrogate,5.0,NLOS,4.814635195468777,30.078225369846358,56.811079,10.27315476666605,0.7840909090909092
3,Analytical score,5.0,NLOS,4.814635195468777,123.79394868343816,39.277846,7.03125920390216,0.781818181818182
3,Amortized surrogate,15.0,LOS,14.90769291288313,0.993741119745836,63.010848,12.853784694970157,0.8181818181818181
3,Analytical score,15.0,LOS,14.90769291288313,0.7705444867554507,43.32293275,11.730549464422696,0.8113636363636364
3,Amortized surrogate,15.0,MP,14.754017460870303,8.914768296608084,57.456722,12.837717640003522,0.7909090909090909
3,Analytical score,15.0,MP,14.754017460870303,12.742719245263046,40.62850675,16.729194849406422,0.7954545454545454
3,Amortized surrogate,15.0,NLOS,14.131934354543695,39.534383282570786,60.99321825,19.90815006065961,0.8340909090909091
3,Analytical score,15.0,NLOS,14.131934354543695,9.42168936933709,41.42587325,14.91596167467204,0.8659090909090909
4,Amortized surrogate,-5.0,LOS,-4.992377253004289,133.0571049464153,57.31492,8.904316419491575,0.775
4,Analytical score,-5.0,LOS,-4.992377253004289,136.88895107852878,41.91584875,9.865939893034561,0.7863636363636364
4,Amortized surrogate,-5.0,MP,-5.638563936267039,194.24180180867936,56.2878395,8.441488342095063,0.7613636363636364
4,Analytical score,-5.0,MP,-5.638563936267039,195.24587108657968,47.13633,17.667309838141968,0.7931818181818181
4,Amortized surrogate,-5.0,NLOS,-4.518460922411388,32.9188503207456,57.75371275,8.994505353284374,0.8295454545454546
4,Analytical score,-5.0,NLOS,-4.518460922411388,34.7986294553989,44.09076825,8.873691338566772,0.8431818181818183
4,Amortized surrogate,5.0,LOS,4.854952209898692,40.349151254625596,62.5384985,17.623932249125176,0.7409090909090909
4,Analytical score,5.0,LOS,4.854952209898692,42.29713010077724,42.198063,18.6504233702392,0.7613636363636365
4,Amortized surrogate,5.0,MP,5.444973304677419,6.973197078370361,63.266817,17.12510943792892,0.8159090909090908
4,Analytical score,5.0,MP,5.444973304677419,7.0800663595289945,45.71693175,16.943284160494905,0.8136363636363636
4,Amortized surrogate,5.0,NLOS,5.268922381023611,4.806574198477497,63.17781425,19.95668053112855,0.8181818181818182
4,Analytical score,5.0,NLOS,5.268922381023611,6.61468258423707,45.123745,13.475635474049081,0.8204545454545455
4,Amortized surrogate,15.0,LOS,15.344169203246736,2.1745680661973923,61.6786645,15.54375864322574,0.7909090909090909
4,Analytical score,15.0,LOS,15.344169203246736,2.0331953729766092,44.1935275,14.364731693628903,0.8272727272727273
4,Amortized surrogate,15.0,MP,14.284308670595793,34.21232626674277,61.0212395,6.928165425282339,0.8272727272727273
4,Analytical score,15.0,MP,14.284308670595793,38.03033267618638,41.36851375,9.207450684724813,0.825
4,Amortized surrogate,15.0,NLOS,15.195869776444209,70.96181425303418,61.8816215,5.904494426312731,0.8545454545454546
4,Analytical score,15.0,NLOS,15.195869776444209,45.05228100274584,40.60152175,6.888172344742889,0.8568181818181818
5,Amortized surrogate,-5.0,LOS,-4.489989501695439,163.54010472398934,57.99626175,15.326427892138753,0.7840909090909092
5,Analytical score,-5.0,LOS,-4.489989501695439,212.42884994676493,47.6607985,8.17674365209929,0.7545454545454545
5,Amortized surrogate,-5.0,MP,-5.354972219835337,118.2567544813817,59.80152675,22.338662825129923,0.7977272727272728
5,Analytical score,-5.0,MP,-5.354972219835337,145.6476309004772,41.20957225,12.909549026655512,0.7931818181818182
5,Amortized surrogate,-5.0,NLOS,-4.543074944843487,158.1779217084333,58.5505695,12.223869429921582,0.825
5,Analytical score,-5.0,NLOS,-4.543074944843487,64.55457243132336,41.9632545,21.521146864190094,0.8386363636363637
5,Amortized surrogate,5.0,LOS,5.354177883541986,6.487837978057268,58.49140975,11.352287205798268,0.7840909090909091
5,Analytical score,5.0,LOS,5.354177883541986,0.18790820399963276,45.60064475,18.889357599612445,0.7909090909090909
5,Amortized surrogate,5.0,MP,5.110426163384753,12.395818860843953,64.746428,11.686288520714106,0.7977272727272727
5,Analytical score,5.0,MP,5.110426163384753,11.921009080229013,46.8630075,9.639146173141352,0.8136363636363637
5,Amortized surrogate,5.0,NLOS,5.5315227927011374,5.757044892232724,67.410577,11.9841661106946,0.7522727272727273
5,Analytical score,5.0,NLOS,5.5315227927011374,7.126440360884575,46.6431855,13.572517377077702,0.7659090909090909
5,Amortized surrogate,15.0,LOS,15.205163822918484,16.348530557002043,58.18472375,19.609746339134396,0.759090909090909
5,Analytical score,15.0,LOS,15.205163822918484,22.929565311637287,39.8583925,10.635385645343217,0.8136363636363637
5,Amortized surrogate,15.0,MP,15.118779453437288,7.852157345894572,55.72253875,11.385738541683736,0.8045454545454545
5,Analytical score,15.0,MP,15.118779453437288,11.317073678884038,41.97169425,9.01031268106977,0.8227272727272728
5,Amortized surrogate,15.0,NLOS,15.117245131507344,1.8132132611587874,66.5385385,17.705982304995427,0.7477272727272727
5,Analytical score,15.0,NLOS,15.117245131507344,10.63610511213503,43.42941325,9.63527088150168,0.8068181818181818
6,Amortized surrogate,-5.0,LOS,-4.883451985087495,264.78860643235157,60.92648825,16.92416537777574,0.7886363636363636
6,Analytical score,-5.0,LOS,-4.883451985087495,269.92333057437213,44.53105625,17.463236883646854,0.8204545454545454
6,Amortized surrogate,-5.0,MP,-4.998843660426737,49.96315207509876,59.2864405,26.69420268078818,0.7727272727272727
6,Analytical score,-5.0,MP,-4.998843660426737,48.4605951268272,41.62252675,25.609162621209336,0.7704545454545454
6,Amortized surrogate,-5.0,NLOS,-5.046113672382617,163.65341490693913,61.28398575,26.267662102413404,0.7931818181818182
6,Analytical score,-5.0,NLOS,-5.046113672382617,169.98728204824354,43.31505175,25.617861052327477,0.8113636363636364
6,Amortized surrogate,5.0,LOS,4.704974553063983,0.47060824360683073,63.880407,24.888142229716212,0.7363636363636363
6,Analytical score,5.0,LOS,4.704974553063983,0.23359281221890668,44.23565275,27.46870968213596,0.7431818181818182
6,Amortized surrogate,5.0,MP,4.58829840495455,0.3511173181596985,58.60281925,17.807791217322396,0.7863636363636364
6,Analytical score,5.0,MP,4.58829840495455,0.8552114069558125,40.17591175,18.012363882789746,0.7818181818181817
6,Amortized surrogate,5.0,NLOS,5.487999353039124,6.939880854003011,56.5718745,13.547704060774866,0.7363636363636363
6,Analytical score,5.0,NLOS,5.487999353039124,7.553370554415094,41.463567,14.798731976435263,0.775
6,Amortized surrogate,15.0,LOS,14.576257897163014,32.47525490399884,70.28786525,9.468979635298655,0.8409090909090909
6,Analytical score,15.0,LOS,14.576257897163014,3.6188253478475567,41.816459,23.687108211114143,0.8295454545454546
6,Amortized surrogate,15.0,MP,15.197272200215039,0.9435567966596764,58.34710325,19.32412145061256,0.8227272727272726
6,Analytical score,15.0,MP,15.197272200215039,0.9832774317005557,48.808422,19.306829890450633,0.8318181818181818
6,Amortized surrogate,15.0,NLOS,15.524289916143388,0.2950551265080471,60.935056,28.526561107840706,0.7659090909090909
6,Analytical score,15.0,NLOS,15.524289916143388,0.11302054291388254,41.88144875,23.714185184262302,0.7545454545454546
7,Amortized surrogate,-5.0,LOS,-5.3451849481123,3.2609050979249368,63.133502,18.133167049097036,0.725
7,Analytical score,-5.0,LOS,-5.3451849481123,4.0505281633939365,42.4431915,14.065638353181178,0.7522727272727273
7,Amortized surrogate,-5.0,MP,-5.321337244129696,98.94667143753,59.08789675,8.665749777518101,0.7568181818181818
7,Analytical score,-5.0,MP,-5.321337244129696,111.30604766110308,41.23879175,13.009193613929725,0.7659090909090909
7,Amortized surrogate,-5.0,NLOS,-5.425307852254595,39.43850151552045,62.3887855,10.91425163757945,0.8136363636363637
7,Analytical score,-5.0,NLOS,-5.425307852254595,21.466842819043777,41.054322,18.34837437816649,0.8227272727272728
7,Amortized surrogate,5.0,LOS,4.389937587746896,3.7397909391149002,58.34138275,11.121869623151367,0.7977272727272727
7,Analytical score,5.0,LOS,4.389937587746896,1.994452085377938,49.077692,10.150859662951806,0.8045454545454546
7,Amortized surrogate,5.0,MP,5.109106152464201,0.8421929633652026,71.03971425,22.118824264060137,0.7931818181818182
7,Analytical score,5.0,MP,5.109106152464201,1.0170626866195251,54.287245,24.650268636497955,0.8045454545454545
7,Amortized surrogate,5.0,NLOS,4.777819656996256,66.04501624037346,61.3123795,16.3475350766909,0.7795454545454545
7,Analytical score,5.0,NLOS,4.777819656996256,10.501295912256591,46.49186375,19.188528696371485,0.7727272727272727
7,Amortized surrogate,15.0,LOS,14.771100850921325,11.01593478326498,64.534376,22.365287063061054,0.8340909090909091
7,Analytical score,15.0,LOS,14.771100850921325,4.629229139892545,42.35755875,21.52930955579884,0.7931818181818181
7,Amortized surrogate,15.0,MP,16.009304369900573,4.804803531552813,62.916097,20.936235123515598,0.8
7,Analytical score,15.0,MP,16.009304369900573,24.832246824771396,46.1537285,15.215857911732716,0.8090909090909091
7,Amortized surrogate,15.0,NLOS,14.143571421934759,12.294564266414875,62.25978475,14.896316154272014,0.8136363636363637
7,Analytical score,15.0,NLOS,14.143571421934759,15.880194468974317,43.8130215,12.780669119527458,0.8363636363636364
8,Amortized surrogate,-5.0,LOS,-5.0689512245446045,100.25115834733091,56.659581,9.349204060134042,0.7909090909090909
8,Analytical score,-5.0,LOS,-5.0689512245446045,95.74410929200224,39.85760825,13.453878041522692,0.8113636363636363
8,Amortized surrogate,-5.0,MP,-4.23741817202259,30.980638904962923,59.49519525,12.801234521527453,0.7954545454545454
8,Analytical score,-5.0,MP,-4.23741817202259,48.455076480279985,40.52087725,11.340901731028406,0.8113636363636363
8,Amortized surrogate,-5.0,NLOS,-4.124707227304206,5.513603198780217,56.94463675,10.896901253159967,0.8340909090909091
8,Analytical score,-5.0,NLOS,-4.124707227304206,4.9559673924989385,40.3381575,11.14659915228201,0.8522727272727273
8,Amortized surrogate,5.0,LOS,4.921238298601253,0.34307790849040903,61.89104825,12.045875569176859,0.7909090909090909
8,Analytical score,5.0,LOS,4.921238298601253,14.874655917163635,40.33532825,16.08318612860156,0.7954545454545454
8,Amortized surrogate,5.0,MP,4.798343462548049,10.924669652814316,58.2412275,13.229261869413449,0.825
8,Analytical score,5.0,MP,4.798343462548049,9.925035914668982,42.87756275,11.393344913006356,0.8409090909090908
8,Amortized surrogate,5.0,NLOS,4.956237172131898,24.97198062153715,62.67301975,14.949153191382473,0.8204545454545455
8,Analytical score,5.0,NLOS,4.956237172131898,10.772961789300869,39.73752625,18.740332021952497,0.8090909090909091
8,Amortized surrogate,15.0,LOS,14.47566300618221,13.909999238921916,57.25917575,16.99695895972164,0.7772727272727272
8,Analytical score,15.0,LOS,14.47566300618221,12.286699482397998,39.79296575,16.31536878146709,0.7977272727272727
8,Amortized surrogate,15.0,MP,15.455966030826245,2.7967712175764428,57.96189775,6.669179935817866,0.8045454545454546
8,Analytical score,15.0,MP,15.455966030826245,2.8545650271583134,39.78569475,6.902679680908898,0.8340909090909091
8,Amortized surrogate,15.0,NLOS,15.296593758202874,14.16422740154929,58.27325725,7.7618028029633255,0.8409090909090908
8,Analytical score,15.0,NLOS,15.296593758202874,16.878454212611718,45.4440425,9.783751630319726,0.865909090909091
9,Amortized surrogate,-5.0,LOS,-5.106975632688274,268.7657139671358,55.984771,13.362928961956083,0.7204545454545455
9,Analytical score,-5.0,LOS,-5.106975632688274,251.38908465590004,48.1179565,14.813035811016922,0.7545454545454546
9,Amortized surrogate,-5.0,MP,-4.870635978346768,178.52367614822919,54.0721635,22.103634486408858,0.7863636363636363
9,Analytical score,-5.0,MP,-4.870635978346768,191.2585207922834,40.04027625,23.584516924698598,0.7886363636363636
9,Amortized surrogate,-5.0,NLOS,-4.308521465501373,16.458637566522114,54.92347,5.317668566856647,0.7840909090909091
9,Analytical score,-5.0,NLOS,-4.308521465501373,16.528899744671087,39.40409725,4.421807446624388,0.8090909090909091
9,Amortized surrogate,5.0,LOS,4.988166008575217,0.32025505995111975,55.10410025,21.331517622136513,0.7704545454545454
9,Analytical score,5.0,LOS,4.988166008575217,0.27391779697657753,39.59046275,16.00946870268545,0.7727272727272726
9,Amortized surrogate,5.0,MP,5.150238971835421,99.86880962426723,57.861836,8.259209799538214,0.7545454545454545
9,Analytical score,5.0,MP,5.150238971835421,4.448840643124366,38.78169625,11.25837969335483,0.7431818181818182
9,Amortized surrogate,5.0,NLOS,5.8798822613486745,8.378155836963384,55.917797,15.345995398309558,0.7977272727272727
9,Analytical score,5.0,NLOS,5.8798822613486745,0.6711218169907042,39.09169125,23.92237653466544,0.8204545454545454
9,Amortized surrogate,15.0,LOS,14.534273050993978,0.49886932872018824,57.7236585,24.168882070451527,0.7068181818181819
9,Analytical score,15.0,LOS,14.534273050993978,43.45427458137895,38.30637675,16.095936429173086,0.7590909090909091
9,Amortized surrogate,15.0,MP,14.553018531562163,2.4299738255900216,56.99455525,16.901549655263143,0.7727272727272727
9,Analytical score,15.0,MP,14.553018531562163,2.3731008702960033,38.92535525,14.473573575921012,0.8318181818181819
9,Amortized surrogate,15.0,NLOS,14.564513878028922,92.98541570628203,56.403911,14.132608965541209,0.7931818181818182
9,Analytical score,15.0,NLOS,14.564513878028922,5.42446253479145,39.32460425,15.813676353885725,0.8227272727272728
10,Amortized surrogate,-5.0,LOS,-5.159248143516642,38.57474324843806,60.85882875,14.35445255686934,0.7454545454545455
10,Analytical score,-5.0,LOS,-5.159248143516642,22.975677110101582,38.5811305,17.615316261208097,0.740909090909091
10,Amortized surrogate,-5.0,MP,-5.069028330274909,197.55440087062206,55.53103375,12.86451448714141,0.75
10,Analytical score,-5.0,MP,-5.069028330274909,214.20651822410895,39.3689955,9.33907185952907,0.8250000000000001
10,Amortized surrogate,-5.0,NLOS,-5.673308320154506,277.6969676242036,60.4335425,5.88562448655174,0.8295454545454546
10,Analytical score,-5.0,NLOS,-5.673308320154506,216.94963764029094,39.52545125,7.39490731638686,0.8159090909090909
10,Amortized surrogate,5.0,LOS,4.313714863884287,32.35040300591436,56.43928425,5.49458390186001,0.7931818181818181
10,Analytical score,5.0,LOS,4.313714863884287,13.127278403410111,39.6185915,13.954212012656441,0.8431818181818183
10,Amortized surrogate,5.0,MP,5.596741838095745,1.3365335539465204,58.54098075,14.367950304410021,0.8068181818181818
10,Analytical score,5.0,MP,5.596741838095745,1.6573214884229275,44.8449265,14.068907736212076,0.8340909090909091
10,Amortized surrogate,5.0,NLOS,4.121931873509134,3.779696494366126,55.821167,9.53693609343554,0.7886363636363636
10,Analytical score,5.0,NLOS,4.121931873509134,3.7004323371339414,39.874559,12.579351725095645,0.825
10,Amortized surrogate,15.0,LOS,15.01641985686277,7.6263706336091435,56.982065,11.306598220285819,0.7977272727272727
10,Analytical score,15.0,LOS,15.01641985686277,3.383176393014476,40.26428425,12.664227375294878,0.8568181818181819
10,Amortized surrogate,15.0,MP,15.526203140891878,2.742739830289679,56.5331925,16.382666253191914,0.8159090909090909
10,Analytical score,15.0,MP,15.526203140891878,11.801409635882735,38.6327065,15.816915510119767,0.8318181818181818
10,Amortized surrogate,15.0,NLOS,15.62495789198577,9.194290039542977,57.11916025,12.254605762478695,0.7863636363636364
10,Analytical score,15.0,NLOS,15.62495789198577,23.595914561280182,40.2885725,9.27774321424803,0.8295454545454545
11,Amortized surrogate,-5.0,LOS,-5.325080971232054,145.05736061310492,56.7368525,9.110737781199905,0.7590909090909091
11,Analytical score,-5.0,LOS,-5.325080971232054,54.039502158400644,42.66093125,14.846183582289381,0.8022727272727272
11,Amortized surrogate,-5.0,MP,-4.967198372180431,36.31076006879666,60.662514,13.422541829771932,0.7886363636363637
11,Analytical score,-5.0,MP,-4.967198372180431,38.23666143110427,43.79115775,14.070091265523118,0.7977272727272728
11,Amortized surrogate,-5.0,NLOS,-5.968954173814629,7.91052807751783,60.012373,13.949879148162653,0.8181818181818181
11,Analytical score,-5.0,NLOS,-5.968954173814629,28.50987656264394,42.00857925,20.12523015652385,0.7886363636363637
11,Amortized surrogate,5.0,LOS,5.456731834465797,0.7233512265886362,59.762969,25.283867577597217,0.7681818181818181
11,Analytical score,5.0,LOS,5.456731834465797,0.3255848534096267,44.45863525,25.905760911197742,0.7886363636363636
11,Amortized surrogate,5.0,MP,5.0513479622349555,2.1641540574386298,59.70251975,18.44990917528593,0.7659090909090909
11,Analytical score,5.0,MP,5.0513479622349555,2.1170924612227533,41.350019,19.231910182808708,0.7727272727272728
11,Amortized surrogate,5.0,NLOS,4.605827100492541,2.0982640521240605,57.0696095,19.363752977763163,0.7840909090909092
11,Analytical score,5.0,NLOS,4.605827100492541,2.23035580104075,40.61948275,22.556349066552954,0.7886363636363637
11,Amortized surrogate,15.0,LOS,15.042534650865683,11.966239269788224,60.404835,11.13553612308237,0.7772727272727273
11,Analytical score,15.0,LOS,15.042534650865683,14.078110264105332,39.73477275,13.256672995576677,0.7931818181818182
11,Amortized surrogate,15.0,MP,15.217142931486654,1.531775860801224,60.879851,14.529145037975841,0.7795454545454545
11,Analytical score,15.0,MP,15.217142931486654,1.3987872259078415,40.723741,15.646108083334632,0.8250000000000001
11,Amortized surrogate,15.0,NLOS,15.151929385748007,12.347723740336537,60.39841075,13.012342717477756,0.8227272727272726
11,Analytical score,15.0,NLOS,15.151929385748007,12.922945297171186,42.7816315,14.240994649755546,0.8204545454545454
12,Amortized surrogate,-5.0,LOS,-4.944999502348923,45.01752293235107,56.32349525,14.862551434949008,0.8159090909090909
12,Analytical score,-5.0,LOS,-4.944999502348923,35.730156963669714,39.042431,8.968952573148586,0.8295454545454545
12,Amortized surrogate,-5.0,MP,-5.126306270092968,96.33643932058054,55.416279,11.64111258469759,0.7840909090909091
12,Analytical score,-5.0,MP,-5.126306270092968,83.0387356483692,39.74842775,9.544282118646285,0.8272727272727272
12,Amortized surrogate,-5.0,NLOS,-4.733966772344369,96.5539885550265,54.7424245,7.530306345549503,0.7295454545454545
12,Analytical score,-5.0,NLOS,-4.733966772344369,106.58449610166014,41.24621425,6.0989078742037695,0.8204545454545454
12,Amortized surrogate,5.0,LOS,4.203059175431411,2.640586366405353,57.162834,15.49612157650263,0.775
12,Analytical score,5.0,LOS,4.203059175431411,16.708350817753477,39.50250225,13.850509916313882,0.8159090909090909
12,Amortized surrogate,5.0,MP,5.398709252569709,2.337264013658254,54.81121625,13.104556006885696,0.7727272727272728
12,Analytical score,5.0,MP,5.398709252569709,0.9434673457390594,38.69371375,14.160499552958983,0.7863636363636364
12,Amortized surrogate,5.0,NLOS,4.773084635646493,27.32893826359738,55.95845675,11.803042791820328,0.7681818181818182
12,Analytical score,5.0,NLOS,4.773084635646493,21.834901639471056,40.42203675,15.125265579471446,0.825
12,Amortized surrogate,15.0,LOS,14.648338124405718,14.018928284792114,60.460035,8.970169215295158,0.7977272727272727
12,Analytical score,15.0,LOS,14.648338124405718,11.779982617457788,43.16873,12.084853842939625,0.85
12,Amortized surrogate,15.0,MP,14.674120918449368,5.749335855492483,57.04298725,16.063960492889287,0.8
12,Analytical score,15.0,MP,14.674120918449368,4.883456362761641,42.77352675,13.89992564009812,0.8295454545454546
12,Amortized surrogate,15.0,NLOS,15.350884642142692,21.784150402876314,57.10506875,12.124467986724799,0.8272727272727274
12,Analytical score,15.0,NLOS,15.350884642142692,10.520093591093199,39.40225675,8.514425349036241,0.8295454545454546
13,Amortized surrogate,-5.0,LOS,-5.346084623512589,193.23288216317752,55.594347,20.428873108213395,0.8113636363636363
13,Analytical score,-5.0,LOS,-5.346084623512589,194.53859855467152,41.62427975,19.01338104530684,0.8272727272727274
13,Amortized surrogate,-5.0,MP,-5.196624606328879,9.399868178085317,64.350198,17.813544375253866,0.759090909090909
13,Analytical score,-5.0,MP,-5.196624606328879,7.141064714914265,44.5184185,21.987430080551007,0.7727272727272727
13,Amortized surrogate,-5.0,NLOS,-4.460226132291719,20.91995626546502,61.68258525,15.663851825488285,0.7431818181818183
13,Analytical score,-5.0,NLOS,-4.460226132291719,70.4570379343744,41.65268,22.257236858678215,0.7363636363636363
13,Amortized surrogate,5.0,LOS,5.034115440659804,46.5540881374395,60.187754,16.712318497790953,0.6818181818181819
13,Analytical score,5.0,LOS,5.034115440659804,47.300504370732845,41.15064325,16.40915356214422,0.7386363636363636
13,Amortized surrogate,5.0,MP,4.646825722273772,0.29444050810427674,58.32246775,26.724467853347278,0.7545454545454545
13,Analytical score,5.0,MP,4.646825722273772,0.4742068215571713,40.7089465,30.6974518644871,0.7613636363636364
13,Amortized surrogate,5.0,NLOS,4.851258961944156,2.2579035112007277,61.83539925,20.065885474376415,0.7386363636363636
13,Analytical score,5.0,NLOS,4.851258961944156,1.7050023426552978,44.6008845,23.135391708303533,0.7295454545454545
13,Amortized surrogate,15.0,LOS,15.34528412914815,1.7282420029084282,61.56696075,21.411407482507954,0.7659090909090909
13,Analytical score,15.0,LOS,15.34528412914815,1.1281626083803853,42.5389605,23.143323366249103,0.7818181818181817
13,Amortized surrogate,15.0,MP,15.487733363509815,127.07572538710242,56.753998,26.9317343292158,0.7454545454545454
13,Analytical score,15.0,MP,15.487733363509815,128.1331189329215,41.6894535,29.372302749974207,0.7636363636363637
13,Amortized surrogate,15.0,NLOS,15.465262112180485,0.533947168091678,56.6651785,26.766541041124608,0.8340909090909091
13,Analytical score,15.0,NLOS,15.465262112180485,0.8419077701333813,40.211476,30.790084629789483,0.8386363636363636
14,Amortized surrogate,-5.0,LOS,-5.290770719144112,24.8843511676858,55.583721,13.048929032691905,0.8159090909090909
14,Analytical score,-5.0,LOS,-5.290770719144112,24.925904100994764,39.05900825,14.430958006863227,0.8340909090909091
14,Amortized surrogate,-5.0,MP,-4.815254590410847,146.94223507689543,56.08433975,10.081075203317512,0.8090909090909091
14,Analytical score,-5.0,MP,-4.815254590410847,185.64352714008692,39.46338225,9.145786032278412,0.8272727272727273
14,Amortized surrogate,-5.0,NLOS,-4.355042337221942,240.20682441318132,55.115788,25.172593986379436,0.8136363636363636
14,Analytical score,-5.0,NLOS,-4.355042337221942,254.50349747685596,44.3323855,26.432399523872718,0.8090909090909091
14,Amortized surrogate,5.0,LOS,4.472518961192641,2.3438914340262325,55.73339425,14.466800970683193,0.8181818181818181
14,Analytical score,5.0,LOS,4.472518961192641,1.8007517597563825,39.0922585,14.957822247063087,0.8727272727272728
14,Amortized surrogate,5.0,MP,4.581404401962754,90.32950249393244,55.45108025,9.200720763010553,0.8409090909090909
14,Analytical score,5.0,MP,4.581404401962754,38.825432159201554,38.9704625,11.56643734751912,0.865909090909091
14,Amortized surrogate,5.0,NLOS,5.273668971051633,11.580609235041106,55.17071175,8.191698264304392,0.790909090909091
14,Analytical score,5.0,NLOS,5.273668971051633,45.91837919246133,38.3974345,8.046992883983494,0.8068181818181818
14,Amortized surrogate,15.0,LOS,14.218192511408876,1.5240828865270535,57.9717295,17.54121029469777,0.7863636363636364
14,Analytical score,15.0,LOS,14.218192511408876,2.991554071366272,40.4250375,14.976778436566205,0.8386363636363636
14,Amortized surrogate,15.0,MP,15.71113961338182,9.113142019830088,55.83156175,6.528714269965432,0.8431818181818181
14,Analytical score,15.0,MP,15.71113961338182,4.331356630347146,39.821914,7.000640378869267,0.8727272727272727
14,Amortized surrogate,15.0,NLOS,14.779314094154113,83.06141707859175,55.9768385,5.610459844667325,0.7863636363636364
14,Analytical score,15.0,NLOS,14.779314094154113,36.16383535622057,39.26251075,7.769778565336012,0.8386363636363636
15,Amortized surrogate,-5.0,LOS,-5.498355750622319,165.26143533599523,56.6354465,8.99167546179212,0.7772727272727272
15,Analytical score,-5.0,LOS,-5.498355750622319,194.37043023865147,40.12076225,11.045781723180577,0.725
15,Amortized surrogate,-5.0,MP,-4.501580909302831,165.64380889586138,58.829752,10.768303726839866,0.8
15,Analytical score,-5.0,MP,-4.501580909302831,129.88535164722404,43.54776025,14.736570009560443,0.8409090909090909
15,Amortized surrogate,-5.0,NLOS,-4.653490549898636,120.55715846559194,62.25077575,15.015460117017435,0.8272727272727273
15,Analytical score,-5.0,NLOS,-4.653490549898636,141.3608892800735,39.96925875,10.912117576960878,0.8295454545454546
15,Amortized surrogate,5.0,LOS,4.668622924050324,1.6722205157594607,57.05645925,23.235852565398652,0.8090909090909091
15,Analytical score,5.0,LOS,4.668622924050324,20.514942198223544,40.46404525,18.327599193568737,0.8340909090909091
15,Amortized surrogate,5.0,MP,4.924087302173904,0.7526519518284751,55.76725425,26.72595702050146,0.7818181818181819
15,Analytical score,5.0,MP,4.924087302173904,1.2066881267135066,40.36395125,23.851546272682768,0.7977272727272727
15,Amortized surrogate,5.0,NLOS,5.217233534621063,54.06610654508992,55.97812675,13.74900577983295,0.7386363636363636
15,Analytical score,5.0,NLOS,5.217233534621063,66.08979070011979,40.1432005,21.615556531699774,0.7522727272727272
15,Amortized surrogate,15.0,LOS,14.765209047502568,1.3939688896192783,56.303841,14.909402650642399,0.7727272727272727
15,Analytical score,15.0,LOS,14.765209047502568,16.570329115446096,39.51292025,20.614592168136163,0.8113636363636363
15,Amortized surrogate,15.0,MP,14.552008542222815,15.306991897451438,55.5214615,29.106900579927764,0.7840909090909092
15,Analytical score,15.0,MP,14.552008542222815,14.34361450239667,39.0303835,26.89021464848742,0.7863636363636364
15,Amortized surrogate,15.0,NLOS,14.467583616795341,54.1464563223384,55.4806265,21.008114182121247,0.765909090909091
15,Analytical score,15.0,NLOS,14.467583616795341,46.252162882561784,38.8065955,16.579944231853773,0.7909090909090909
16,Amortized surrogate,-5.0,LOS,-4.833056720420588,70.8816748319543,59.361497,19.555321513339344,0.7568181818181818
16,Analytical score,-5.0,LOS,-4.833056720420588,65.25916004961118,40.78119925,12.870502772236268,0.7136363636363636
16,Amortized surrogate,-5.0,MP,-4.684683977242382,307.4428850811868,71.41976525,3.431288360568406,0.8295454545454546
16,Analytical score,-5.0,MP,-4.684683977242382,292.2128382781787,40.24580925,18.023748194661927,0.8477272727272727
16,Amortized surrogate,-5.0,NLOS,-4.846436988456962,142.73594323554659,58.2643375,12.403395823386386,0.7999999999999999
16,Analytical score,-5.0,NLOS,-4.846436988456962,138.30991951121104,42.17050825,17.624931099608226,0.8431818181818181
16,Amortized surrogate,5.0,LOS,4.492278745249936,1.6168600632609764,58.43943325,22.276186463305812,0.8136363636363637
16,Analytical score,5.0,LOS,4.492278745249936,1.3315154494558445,40.165471,21.265531874942518,0.8022727272727272
16,Amortized surrogate,5.0,MP,5.208832530110595,39.44319332176783,55.99472225,8.424741482087882,0.7477272727272728
16,Analytical score,5.0,MP,5.208832530110595,26.62502435492074,40.63892675,13.80146718613982,0.7840909090909091
16,Amortized surrogate,5.0,NLOS,5.140518826167087,6.079783945008943,56.33110825,7.709272112629843,0.8113636363636364
16,Analytical score,5.0,NLOS,5.140518826167087,88.57109159725418,39.46026575,6.585015445566078,0.8181818181818181
16,Amortized surrogate,15.0,LOS,14.53854456922083,1.0116134866513462,62.0970745,10.101759352025372,0.7954545454545454
16,Analytical score,15.0,LOS,14.53854456922083,3.7294977283264887,42.7703745,11.85684134842532,0.8500000000000001
16,Amortized surrogate,15.0,MP,15.083357682346586,11.624818569495455,63.702277,17.78418600509216,0.7409090909090909
16,Analytical score,15.0,MP,15.083357682346586,10.940765736657724,46.34873425,17.4849414344112,0.7704545454545454
16,Amortized surrogate,15.0,NLOS,14.095805071857132,96.12793918725791,57.2676625,18.432523537536053,0.759090909090909
16,Analytical score,15.0,NLOS,14.095805071857132,79.59652634646251,43.6697875,13.511592037317508,0.8090909090909091
17,Amortized surrogate,-5.0,LOS,-4.537257278351819,93.25428265594445,57.8371185,12.624430855686878,0.8204545454545454
17,Analytical score,-5.0,LOS,-4.537257278351819,43.672617303419706,39.253865,9.035882264015989,0.8454545454545455
17,Amortized surrogate,-5.0,MP,-4.352489023214207,297.5480094206131,55.89569625,11.233532629488844,0.8045454545454545
17,Analytical score,-5.0,MP,-4.352489023214207,301.8472462247935,39.79618325,12.563946052915792,0.8522727272727273
17,Amortized surrogate,-5.0,NLOS,-5.716400466592765,48.841853633680714,54.41068075,8.943658768336894,0.6454545454545455
17,Analytical score,-5.0,NLOS,-5.716400466592765,46.54555687788839,51.30822125,13.649941960449393,0.6568181818181819
17,Amortized surrogate,5.0,LOS,4.964250130172894,12.032982517801432,63.29042375,17.53400687141896,0.825
17,Analytical score,5.0,LOS,4.964250130172894,7.064220307143755,42.28604875,11.312116810301955,0.8340909090909091
17,Amortized surrogate,5.0,MP,5.0001415633945,17.58079709482469,59.23705675,10.968519140163899,0.8022727272727272
17,Analytical score,5.0,MP,5.0001415633945,3.9330173395761276,40.7519305,16.108533456301384,0.8250000000000001
17,Amortized surrogate,5.0,NLOS,4.835115407573543,30.30308974249658,55.86724175,15.226382869263048,0.759090909090909
17,Analytical score,5.0,NLOS,4.835115407573543,31.171079112062042,39.715952,13.035039062871917,0.7931818181818182
17,Amortized surrogate,15.0,LOS,15.274770647381832,9.250137482666558,56.3234045,19.675073754512887,0.825
17,Analytical score,15.0,LOS,15.274770647381832,8.717941001185887,40.992686,20.576203318911563,0.8477272727272728
17,Amortized surrogate,15.0,MP,14.791605302028835,14.244776630082423,60.54044975,12.456497754882788,0.8295454545454546
17,Analytical score,15.0,MP,14.791605302028835,11.302862734160746,42.33748225,18.231702324534005,0.865909090909091
17,Amortized surrogate,15.0,NLOS,14.828120788065139,11.4599783815937,58.70963175,5.215708350609148,0.759090909090909
17,Analytical score,15.0,NLOS,14.828120788065139,21.603292044512532,38.480776,13.574293743238126,0.7295454545454546
18,Amortized surrogate,-5.0,LOS,-5.0725907109579325,38.725546715432614,55.407206,16.61385012223913,0.7704545454545455
18,Analytical score,-5.0,LOS,-5.0725907109579325,37.528229867449795,38.98205725,14.848258163284369,0.8136363636363637
18,Amortized surrogate,-5.0,MP,-5.014806961361709,63.827919114857266,60.2387345,19.874526987988453,0.7909090909090908
18,Analytical score,-5.0,MP,-5.014806961361709,56.697250444340014,42.12338425,29.74426310328011,0.8159090909090909
18,Amortized surrogate,-5.0,NLOS,-4.92068079177977,231.35356307235776,57.72985275,14.451026676749757,0.8454545454545455
18,Analytical score,-5.0,NLOS,-4.92068079177977,231.15833773860606,41.48661,18.771926811409827,0.8681818181818182
18,Amortized surrogate,5.0,LOS,5.2416614987075665,7.602972702421766,61.70002325,12.133017493194657,0.8204545454545454
18,Analytical score,5.0,LOS,5.2416614987075665,0.10996264414922086,41.3209155,17.482625391073796,0.825
18,Amortized surrogate,5.0,MP,4.558576724374168,15.542154728401162,60.8311585,11.216039839162892,0.8272727272727272
18,Analytical score,5.0,MP,4.558576724374168,36.63533053790651,49.014558,12.107498154973317,0.8568181818181818
18,Amortized surrogate,5.0,NLOS,4.12543027929348,35.93489606707343,57.0717295,9.476847753194814,0.7909090909090909
18,Analytical score,5.0,NLOS,4.12543027929348,30.344476622529022,45.6084575,9.230624528257831,0.8386363636363636
18,Amortized surrogate,15.0,LOS,14.99039399549731,3.355262421872352,67.69148575,13.632572239553987,0.8204545454545454
18,Analytical score,15.0,LOS,14.99039399549731,59.1439262156112,41.82026725,11.673098346178456,0.8227272727272728
18,Amortized surrogate,15.0,MP,14.887264573268972,1.636351127903822,57.78597075,20.164300004297647,0.8386363636363637
18,Analytical score,15.0,MP,14.887264573268972,3.297195766949895,41.397999,20.497641274751977,0.8681818181818182
18,Amortized surrogate,15.0,NLOS,14.556505510440871,28.176604573131417,61.7487925,13.845024313104204,0.7795454545454547
18,Analytical score,15.0,NLOS,14.556505510440871,26.02066503037499,44.344072,10.334051703219751,0.8159090909090908
19,Amortized surrogate,-5.0,LOS,-5.024225258347947,87.40732976458546,60.00107,20.51587073163487,0.75
19,Analytical score,-5.0,LOS,-5.024225258347947,87.70570322856476,40.718413,17.566774812592374,0.7818181818181817
19,Amortized surrogate,-5.0,MP,-5.314536235368424,91.33235515392661,57.1907925,5.442201751988732,0.8181818181818181
19,Analytical score,-5.0,MP,-5.314536235368424,17.02606054242547,39.22133275,17.804489703821137,0.8272727272727272
19,Amortized surrogate,-5.0,NLOS,-5.305498022838709,55.75686876751661,57.874346,17.85847270800542,0.8090909090909091
19,Analytical score,-5.0,NLOS,-5.305498022838709,54.45398737318655,40.6837815,16.94320194860377,0.8068181818181819
19,Amortized surrogate,5.0,LOS,4.365290687492872,59.92667031600187,63.0227325,8.470887083241289,0.8
19,Analytical score,5.0,LOS,4.365290687492872,16.801510075421856,42.839144,9.522591291562842,0.8522727272727273
19,Amortized surrogate,5.0,MP,5.487174402547124,1.093290122785883,56.37905,25.31874673352057,0.8477272727272727
19,Analytical score,5.0,MP,5.487174402547124,1.0777583559278716,46.49608075,24.903669130880402,0.8681818181818182
19,Amortized surrogate,5.0,NLOS,5.523282886458677,23.903787134473944,63.549712,7.07451047126133,0.7818181818181819
19,Analytical score,5.0,NLOS,5.523282886458677,13.248660530222114,40.671311,10.400950579140787,0.8386363636363636
19,Amortized surrogate,15.0,LOS,14.910074819937895,7.018305596607098,58.75335575,7.343859244001976,0.8227272727272728
19,Analytical score,15.0,LOS,14.910074819937895,8.51535949872545,41.1017895,8.266943003601826,0.8613636363636363
19,Amortized surrogate,15.0,MP,15.00478033234323,4.8696070707050625,60.27029125,9.843885367071755,0.8795454545454545
19,Analytical score,15.0,MP,15.00478033234323,20.880451616322016,43.400093,6.470137035602639,0.8795454545454546
19,Amortized surrogate,15.0,NLOS,14.830751061086914,6.647611696888813,59.93588,7.787256250979841,0.8318181818181818
19,Analytical score,15.0,NLOS,14.830751061086914,11.885032615703942,40.060711,13.79739553809554,0.8681818181818182
20,Amortized surrogate,-5.0,LOS,-5.36078802659718,198.71370351857922,55.4754075,10.142008576115217,0.7840909090909091
20,Analytical score,-5.0,LOS,-5.36078802659718,260.7502817533814,39.08443675,13.071163551829313,0.7954545454545454
20,Amortized surrogate,-5.0,MP,-4.717873698037184,128.72405527013404,64.67563075,8.316279107982846,0.8113636363636363
20,Analytical score,-5.0,MP,-4.717873698037184,202.81972470246768,39.9879225,10.688899918223992,0.8727272727272728
20,Amortized surrogate,-5.0,NLOS,-4.891640780918375,83.5422318684986,55.554527,11.899340381849338,0.7931818181818182
20,Analytical score,-5.0,NLOS,-4.891640780918375,93.5246598634032,38.970957,20.479733616873432,0.8136363636363635
20,Amortized surrogate,5.0,LOS,3.9867401165408634,4.46791190718778,55.87451775,6.514021651166041,0.8204545454545454
20,Analytical score,5.0,LOS,3.9867401165408634,0.15643023074844686,39.36061125,10.807312747152958,0.8681818181818182
20,Amortized surrogate,5.0,MP,4.464953801140272,11.921535513961528,58.585501,7.232513710426753,0.8363636363636364
20,Analytical score,5.0,MP,4.464953801140272,10.160540194636607,38.94429175,7.52606465809217,0.8659090909090909
20,Amortized surrogate,5.0,NLOS,5.094783449842009,18.34823550185421,57.914975,11.789573637973403,0.7522727272727273
20,Analytical score,5.0,NLOS,5.094783449842009,17.44284108498384,39.392402,7.346938539086486,0.8272727272727273
20,Amortized surrogate,15.0,LOS,15.637298796588265,6.743563348639008,57.55198825,7.976211372157773,0.8409090909090908
20,Analytical score,15.0,LOS,15.637298796588265,6.348156571453893,40.15779,6.8810343493869235,0.865909090909091
20,Amortized surrogate,15.0,MP,15.096505750957599,15.408378375091667,56.31540975,7.9721288583093886,0.8590909090909091
20,Analytical score,15.0,MP,15.096505750957599,21.294475892478307,39.1152915,5.775973934687457,0.8636363636363636
20,Amortized surrogate,15.0,NLOS,15.41997142309295,7.38161033650905,55.18368075,11.13785588999323,0.8159090909090909
20,Analytical score,15.0,NLOS,15.41997142309295,8.679280544552364,44.16184875,12.22611161026991,0.8477272727272728
21,Amortized surrogate,-5.0,LOS,-4.95760283645288,281.28130376653183,61.974022,16.029428740118746,0.775
21,Analytical score,-5.0,LOS,-4.95760283645288,274.23345293591814,51.3262215,8.145642239426328,0.8113636363636363
21,Amortized surrogate,-5.0,MP,-4.87963260248412,112.79715625924116,58.2952135,10.41513647466331,0.834090909090909
21,Analytical score,-5.0,MP,-4.87963260248412,70.95469060148075,42.27818575,16.117501149488703,0.8659090909090909
21,Amortized surrogate,-5.0,NLOS,-5.060002739120847,61.10171941606438,57.2606895,3.53996206443311,0.8295454545454546
21,Analytical score,-5.0,NLOS,-5.060002739120847,174.7594594211858,39.31577075,9.915468249422737,0.8659090909090909
21,Amortized surrogate,5.0,LOS,5.481962887737809,106.06593623073093,55.52761475,13.916609673411717,0.8136363636363636
21,Analytical score,5.0,LOS,5.481962887737809,109.24768872628762,44.4378975,15.41524897746933,0.8409090909090909
21,Amortized surrogate,5.0,MP,5.20404192177941,11.449533980513618,59.29787075,10.71926129817586,0.7772727272727273
21,Analytical score,5.0,MP,5.20404192177941,5.367916070413008,42.82639325,9.079471381988835,0.8204545454545454
21,Amortized surrogate,5.0,NLOS,4.913229073400736,15.47409262812107,56.90063325,11.858713203524264,0.8477272727272728
21,Analytical score,5.0,NLOS,4.913229073400736,15.083797231550356,47.40966725,7.8087862580508585,0.85
21,Amortized surrogate,15.0,LOS,15.116274761339351,11.91501896369919,55.42102225,8.228543766459275,0.8250000000000001
21,Analytical score,15.0,LOS,15.116274761339351,20.414549596926566,40.05836125,8.470986209770683,0.8431818181818183
21,Amortized surrogate,15.0,MP,14.956941312955257,13.917856413431569,54.7969165,13.00838233598941,0.8181818181818182
21,Analytical score,15.0,MP,14.956941312955257,2.4042545370306234,39.3187275,11.53246882941134,0.8340909090909091
21,Amortized surrogate,15.0,NLOS,14.68138830225418,17.040411447752497,55.66291675,13.116731796338847,0.7568181818181818
21,Analytical score,15.0,NLOS,14.68138830225418,19.671368644396857,41.3920895,11.772385318173008,0.8636363636363636
22,Amortized surrogate,-5.0,LOS,-5.361021642952225,63.29908315990937,56.00707475,7.182534784343173,0.8022727272727272
22,Analytical score,-5.0,LOS,-5.361021642952225,91.95166423515225,36.879756,10.479940170918715,0.6499999999999999
22,Amortized surrogate,-5.0,MP,-5.428608751203738,181.04300655414622,55.94252925,13.44712701330041,0.7272727272727273
22,Analytical score,-5.0,MP,-5.428608751203738,179.72590897921094,38.45842425,18.78460160677171,0.7477272727272727
22,Amortized surrogate,-5.0,NLOS,-4.773147673514949,156.75141627819752,54.78654975,18.773366287218934,0.7659090909090909
22,Analytical score,-5.0,NLOS,-4.773147673514949,166.6172280331131,39.09521425,10.469048371270436,0.7840909090909091
22,Amortized surrogate,5.0,LOS,5.60185801693173,0.42385086529824767,64.5258875,31.440824010199435,0.7681818181818182
22,Analytical score,5.0,LOS,5.60185801693173,0.6543409140084916,44.4110065,28.49165779330393,0.775
22,Amortized surrogate,5.0,MP,4.1926303977631765,0.8686581832504776,57.26141325,29.62728028933605,0.7636363636363636
22,Analytical score,5.0,MP,4.1926303977631765,1.1179711149387053,39.62363225,29.705107611440084,0.7818181818181819
22,Amortized surrogate,5.0,NLOS,4.825617025566774,0.31890601258199247,58.4255935,31.70668118421888,0.7477272727272728
22,Analytical score,5.0,NLOS,4.825617025566774,0.16568649956435935,39.7218325,30.03231854855588,0.7545454545454545
22,Amortized surrogate,15.0,LOS,14.823095521808158,3.948566698155381,58.321307,26.702191131301532,0.7863636363636364
22,Analytical score,15.0,LOS,14.823095521808158,1.922984021882477,42.67521,34.439132560120875,0.8136363636363637
22,Amortized surrogate,15.0,MP,15.707690999615728,14.476578387437858,58.26872575,17.511725867426406,0.7954545454545454
22,Analytical score,15.0,MP,15.707690999615728,11.999898388337751,41.54815975,14.596809550906784,0.7863636363636364
22,Amortized surrogate,15.0,NLOS,14.535913386711385,0.7552502976822333,55.3682345,33.46051625714854,0.775
22,Analytical score,15.0,NLOS,14.535913386711385,0.8827008400905045,40.3153455,35.784437386240114,0.7795454545454545
23,Amortized surrogate,-5.0,LOS,-5.20199241846991,36.130495199004734,60.106346,10.537395262569726,0.8068181818181819
23,Analytical score,-5.0,LOS,-5.20199241846991,36.02166285859758,39.638143,10.70137200520789,0.8181818181818181
23,Amortized surrogate,-5.0,MP,-5.504276581171731,26.081277263222603,56.032412,10.04073795629279,0.8204545454545453
23,Analytical score,-5.0,MP,-5.504276581171731,29.870340861771073,41.58840075,9.84230641619229,0.8477272727272728
23,Amortized surrogate,-5.0,NLOS,-5.8134878928298095,102.71632279770338,60.03789275,16.01645274095489,0.8272727272727273
23,Analytical score,-5.0,NLOS,-5.8134878928298095,85.0181164497603,39.90193725,13.85609067860999,0.8159090909090909
23,Amortized surrogate,5.0,LOS,5.171972733689496,0.7151926248263245,56.59717025,19.026501056202573,0.775
23,Analytical score,5.0,LOS,5.171972733689496,0.6045022877374643,45.8942435,17.408759468499575,0.8181818181818182
23,Amortized surrogate,5.0,MP,5.0926239669328055,8.452214734323363,56.6846695,15.20949366482334,0.7886363636363636
23,Analytical score,5.0,MP,5.0926239669328055,5.025746821017395,40.45085225,15.257903284541898,0.7863636363636364
23,Amortized surrogate,5.0,NLOS,4.63673862483747,21.386393715209245,59.54005275,13.911367609354755,0.7295454545454546
23,Analytical score,5.0,NLOS,4.63673862483747,1.2153584359404868,41.57487575,19.05208664568505,0.765909090909091
23,Amortized surrogate,15.0,LOS,14.945673841405727,14.178593732405902,56.5492495,23.520047877830365,0.7977272727272727
23,Analytical score,15.0,LOS,14.945673841405727,2.754053147047123,40.4644835,18.317123268788535,0.8181818181818182
23,Amortized surrogate,15.0,MP,15.354204018837574,4.529803480250399,58.31510525,22.44635395651919,0.825
23,Analytical score,15.0,MP,15.354204018837574,5.384130507283233,38.87447625,11.584801440879115,0.8477272727272727
23,Amortized surrogate,15.0,NLOS,15.108541808518446,8.182597182996167,57.37217775,13.735220962135058,0.7909090909090909
23,Analytical score,15.0,NLOS,15.108541808518446,10.954942971890313,43.47279375,12.771885725159901,0.8204545454545454
24,Amortized surrogate,-5.0,LOS,-4.891491543368474,269.2380462675616,61.72258975,16.62931182409855,0.8159090909090909
24,Analytical score,-5.0,LOS,-4.891491543368474,269.1282459951395,39.9160155,15.06856182336412,0.8090909090909091
24,Amortized surrogate,-5.0,MP,-5.212029736474717,311.4838247413066,57.2729425,11.978780605249465,0.8318181818181817
24,Analytical score,-5.0,MP,-5.212029736474717,305.71991527243,41.253942,6.111885094230808,0.884090909090909
24,Amortized surrogate,-5.0,NLOS,-4.786124899461362,50.81364111144346,63.31343725,9.154331035914758,0.8159090909090909
24,Analytical score,-5.0,NLOS,-4.786124899461362,41.819389865225475,41.43269825,7.38530233241333,0.825
24,Amortized surrogate,5.0,LOS,4.3162623724366345,2.9731644907358037,59.7201335,17.592814132998857,0.8113636363636363
24,Analytical score,5.0,LOS,4.3162623724366345,2.7058729190982196,47.369961,21.873912612666647,0.8204545454545455
24,Amortized surrogate,5.0,MP,5.08860812930876,4.189528948595488,57.561188,14.69606485484378,0.7931818181818182
24,Analytical score,5.0,MP,5.08860812930876,6.515802723406924,46.16231275,22.767311767097514,0.8022727272727272
24,Amortized surrogate,5.0,NLOS,5.487954108390094,31.130571531620653,58.6929695,7.180065831854787,0.7340909090909091
24,Analytical score,5.0,NLOS,5.487954108390094,15.819097602427517,44.87415525,8.982604018563585,0.7886363636363637
24,Amortized surrogate,15.0,LOS,14.796201818803086,1.8061635972931154,60.00320625,13.144376030961427,0.7613636363636364
24,Analytical score,15.0,LOS,14.796201818803086,2.800677071109548,40.57556875,13.224891331693488,0.8045454545454546
24,Amortized surrogate,15.0,MP,14.395829811030863,1.7278667983807392,55.72527125,14.755001370585017,0.7886363636363636
24,Analytical score,15.0,MP,14.395829811030863,6.293298546379022,39.13417425,15.959883144148257,0.7954545454545454
24,Amortized surrogate,15.0,NLOS,15.127812687069017,0.6654275877782737,58.33920075,19.65945139133112,0.8136363636363636
24,Analytical score,15.0,NLOS,15.127812687069017,0.5401391798285183,47.697195,26.594803166664608,0.8113636363636365
25,Amortized surrogate,-5.0,LOS,-5.096547257841671,17.44220801073107,56.773023,12.85535340907051,0.7977272727272727
25,Analytical score,-5.0,LOS,-5.096547257841671,14.278297747548988,40.5497845,13.293461681978162,0.8113636363636364
25,Amortized surrogate,-5.0,MP,-4.766890230799076,112.30692414931012,55.209994,15.560320844952987,0.8
25,Analytical score,-5.0,MP,-4.766890230799076,162.23121770968547,38.54040025,18.440356169360598,0.8568181818181819
25,Amortized surrogate,-5.0,NLOS,-4.0086587402979665,30.130109406440642,57.153257,20.44927243957997,0.7977272727272727
25,Analytical score,-5.0,NLOS,-4.0086587402979665,61.121150931638184,41.59746925,19.528821910643543,0.8022727272727272
25,Amortized surrogate,5.0,LOS,4.974806707202607,5.372067419707894,58.1437685,19.638487443245232,0.8113636363636364
25,Analytical score,5.0,LOS,4.974806707202607,9.106463712227022,38.81004325,18.786276126151193,0.8113636363636363
25,Amortized surrogate,5.0,MP,4.966929461239849,10.732709216098314,56.2071505,22.765512577995317,0.8159090909090909
25,Analytical score,5.0,MP,4.966929461239849,4.7309414618748065,39.84226525,13.685804112290318,0.8090909090909091
25,Amortized surrogate,5.0,NLOS,4.4824124712159925,25.90738880870621,56.41963425,11.777977474034898,0.8181818181818181
25,Analytical score,5.0,NLOS,4.4824124712159925,33.612969437006484,40.50831675,7.981373907463986,0.8068181818181819
25,Amortized surrogate,15.0,LOS,15.045787883988917,4.249743664889394,59.4308855,8.967503642345845,0.8204545454545454
25,Analytical score,15.0,LOS,15.045787883988917,4.560295042345624,41.7583565,11.926220875543473,0.8340909090909091
25,Amortized surrogate,15.0,MP,15.161590234251946,6.498713801670691,57.75410225,12.700174371404051,0.8272727272727273
25,Analytical score,15.0,MP,15.161590234251946,5.537036001894551,40.59610225,15.71699423533944,0.8409090909090909
25,Amortized surrogate,15.0,NLOS,15.581035868836263,61.423469936379206,56.55092275,15.093082336918837,0.8704545454545454
25,Analytical score,15.0,NLOS,15.581035868836263,43.1975320377221,39.20514025,11.269602908225401,0.8795454545454546
26,Amortized surrogate,-5.0,LOS,-4.697009666817607,325.6464804998477,56.23038225,8.726545981702245,0.8181818181818182
26,Analytical score,-5.0,LOS,-4.697009666817607,325.17542286154367,39.97225825,11.475126983148698,0.875
26,Amortized surrogate,-5.0,MP,-5.164020206198819,36.058135126001304,57.37720225,14.000652397062757,0.7840909090909092
26,Analytical score,-5.0,MP,-5.164020206198819,16.409406849431424,38.97718225,5.6795992777109845,0.6022727272727273
26,Amortized surrogate,-5.0,NLOS,-5.139621769337282,15.360514122515315,56.08765925,14.831986309811146,0.8090909090909091
26,Analytical score,-5.0,NLOS,-5.139621769337282,11.089300668828553,40.641049,10.684336859023336,0.8181818181818182
26,Amortized surrogate,5.0,LOS,4.926945753415972,6.548767690735092,58.6566275,15.264471978226975,0.815909090909091
26,Analytical score,5.0,LOS,4.926945753415972,4.3050715972720495,40.43205175,10.486798772728573,0.8545454545454545
26,Amortized surrogate,5.0,MP,5.370558037913647,25.24837461537237,57.81546125,19.08430622989293,0.7704545454545455
26,Analytical score,5.0,MP,5.370558037913647,5.869284653966509,41.56151725,14.507229365563337,0.8522727272727273
26,Amortized surrogate,5.0,NLOS,4.637507681936576,21.41968336670406,57.22642725,5.503381858662137,0.7818181818181819
26,Analytical score,5.0,NLOS,4.637507681936576,30.58090663023233,38.7995655,11.077752771362501,0.7886363636363636
26,Amortized surrogate,15.0,LOS,14.505030066951644,10.46390906864449,56.27805525,13.7868275409799,0.8136363636363636
26,Analytical score,15.0,LOS,14.505030066951644,11.56964958824462,40.39047525,14.813073444968557,0.8431818181818181
26,Amortized surrogate,15.0,MP,14.91530836398632,42.03221641020477,61.050529,17.2280031049509,0.8681818181818182
26,Analytical score,15.0,MP,14.91530836398632,8.42708419991254,42.81266375,14.47670104780099,0.8613636363636364
26,Amortized surrogate,15.0,NLOS,15.49865322078513,52.1783806688463,58.830156,7.525167606924744,0.8545454545454545
26,Analytical score,15.0,NLOS,15.49865322078513,31.803126177767975,42.046702,7.336598949024072,0.8909090909090909
27,Amortized surrogate,-5.0,LOS,-5.1545656240657065,182.765732784341,56.35684175,6.912726071875395,0.8477272727272728
27,Analytical score,-5.0,LOS,-5.1545656240657065,168.57316638346288,41.4555795,4.795211835668498,0.8681818181818182
27,Amortized surrogate,-5.0,MP,-4.40957793944914,19.18503330664169,58.93520125,21.369052317360488,0.8181818181818182
27,Analytical score,-5.0,MP,-4.40957793944914,16.61310906650136,41.08064875,19.431523484844238,0.7977272727272727
27,Amortized surrogate,-5.0,NLOS,-4.958291352309418,94.08866506926947,56.9531815,14.328569145406943,0.8181818181818182
27,Analytical score,-5.0,NLOS,-4.958291352309418,89.81080034091102,40.36913875,10.228550983833134,0.8068181818181819
27,Amortized surrogate,5.0,LOS,4.788750639773341,1.01627041445842,57.00789475,21.940710448183932,0.8250000000000001
27,Analytical score,5.0,LOS,4.788750639773341,0.9962531260207448,39.9030085,16.675792839157637,0.8272727272727273
27,Amortized surrogate,5.0,MP,4.434926006970457,2.7812120027893457,63.59867225,25.724021788787134,0.8045454545454546
27,Analytical score,5.0,MP,4.434926006970457,2.0448612000816,43.33881075,25.207531784404996,0.8477272727272728
27,Amortized surrogate,5.0,NLOS,5.551573641460288,57.13339167726563,63.6883995,16.358295464648776,0.8045454545454545
27,Analytical score,5.0,NLOS,5.551573641460288,56.96197589117072,39.4486305,17.00154762320222,0.8159090909090909
27,Amortized surrogate,15.0,LOS,15.233051531854557,1.36209111740554,56.89064025,19.59941158463555,0.8113636363636363
27,Analytical score,15.0,LOS,15.233051531854557,0.967638716542099,39.07972375,22.782893550735544,0.8318181818181818
27,Amortized surrogate,15.0,MP,15.026023455376905,31.84009713784311,57.0410035,12.86271013128232,0.7954545454545454
27,Analytical score,15.0,MP,15.026023455376905,25.791278263931616,38.84387075,18.045361602332264,0.8454545454545455
27,Amortized surrogate,15.0,NLOS,15.421339250393,24.453715996933397,55.4957885,19.21717680949767,0.7681818181818182
27,Analytical score,15.0,NLOS,15.421339250393,30.84208441702498,38.760986,7.354386102850431,0.7772727272727272
28,Amortized surrogate,-5.0,LOS,-5.213693100996812,30.128714859563765,55.9859645,7.579462230501777,0.8136363636363636
28,Analytical score,-5.0,LOS,-5.213693100996812,38.612052976173295,38.9628815,7.886595278322888,0.8659090909090909
28,Amortized surrogate,-5.0,MP,-4.710210199334945,55.190641681501795,57.612114,10.703584281988231,0.8045454545454545
28,Analytical score,-5.0,MP,-4.710210199334945,59.21435951225091,39.7840055,5.405895115722734,0.8340909090909091
28,Amortized surrogate,-5.0,NLOS,-4.855292408149157,225.8328599718043,56.0479385,14.99697604461415,0.7840909090909091
28,Analytical score,-5.0,NLOS,-4.855292408149157,238.9829509322174,39.047108,15.111904697153363,0.8204545454545453
28,Amortized surrogate,5.0,LOS,4.642119031262255,22.560646664440057,59.50116625,17.499492300770314,0.7931818181818182
28,Analytical score,5.0,LOS,4.642119031262255,3.491401368463188,39.3408865,9.410755151739444,0.8363636363636364
28,Amortized surrogate,5.0,MP,4.7524220242494595,1.8270912897683962,55.58384375,17.04963756212613,0.8022727272727272
28,Analytical score,5.0,MP,4.7524220242494595,4.276747815464274,40.70149925,13.661236722518908,0.8431818181818181
28,Amortized surrogate,5.0,NLOS,5.142673389308506,63.57218516336963,57.06147425,4.067147555619348,0.8613636363636363
28,Analytical score,5.0,NLOS,5.142673389308506,43.876773811629775,38.83247125,10.079165660388036,0.8477272727272728
28,Amortized surrogate,15.0,LOS,15.47884900862249,2.1211492354886774,57.62687575,15.621886186823744,0.8568181818181817
28,Analytical score,15.0,LOS,15.47884900862249,13.166703042600815,39.12447725,14.05209695923201,0.8636363636363636
28,Amortized surrogate,15.0,MP,14.579940013133822,26.714654532140994,56.68746475,11.040567100715048,0.8090909090909092
28,Analytical score,15.0,MP,14.579940013133822,23.636715532835634,40.045351,14.241655732441146,0.834090909090909
28,Amortized surrogate,15.0,NLOS,14.514703996351486,47.43003898989693,55.839949,6.683550917375876,0.740909090909091
28,Analytical score,15.0,NLOS,14.514703996351486,10.842295362279147,41.418317,16.735730719222556,0.7636363636363637
29,Amortized surrogate,-5.0,LOS,-4.8106212410857765,145.7933669533787,59.72574,17.273809294518614,0.8022727272727272
29,Analytical score,-5.0,LOS,-4.8106212410857765,142.40953661632395,44.279869,18.63476140551937,0.8295454545454546
29,Amortized surrogate,-5.0,MP,-5.034374992235502,157.27820271764193,61.1275925,13.50564765137829,0.7977272727272728
29,Analytical score,-5.0,MP,-5.034374992235502,159.66043848197722,42.55956425,5.57087821927416,0.7795454545454545
29,Amortized surrogate,-5.0,NLOS,-5.060451889789135,130.70415096936986,57.19553525,5.490354107197829,0.8181818181818181
29,Analytical score,-5.0,NLOS,-5.060451889789135,156.90767600195022,40.130471,12.76825928317713,0.8204545454545453
29,Amortized surrogate,5.0,LOS,4.837198169172115,4.021425358002357,57.7049035,15.668931543245499,0.8204545454545454
29,Analytical score,5.0,LOS,4.837198169172115,2.2427566283538463,40.719959,19.230092134203478,0.809090909090909
29,Amortized surrogate,5.0,MP,4.684396231725124,0.9934594939075447,57.088201,23.300798150513344,0.8068181818181819
29,Analytical score,5.0,MP,4.684396231725124,0.8963424052616316,39.97079425,23.704083592411074,0.8181818181818181
29,Amortized surrogate,5.0,NLOS,5.05265809165821,10.106116850389615,59.11086775,8.986286813057852,0.775
29,Analytical score,5.0,NLOS,5.05265809165821,21.84799791722826,40.3421885,14.850384270597948,0.8090909090909091
29,Amortized surrogate,15.0,LOS,14.57018895710844,3.82241083966131,60.1710925,10.61000773104859,0.7818181818181819
29,Analytical score,15.0,LOS,14.57018895710844,5.6617143055072905,38.8198455,10.596785669608046,0.8068181818181818
29,Amortized surrogate,15.0,MP,15.22461512824841,21.11871994040481,60.7109465,9.251936712888742,0.7840909090909091
29,Analytical score,15.0,MP,15.22461512824841,30.697986891889133,44.17688975,6.383975483382593,0.7863636363636364
29,Amortized surrogate,15.0,NLOS,15.771717827074674,6.955491259810718,56.51755125,14.338744664540462,0.7772727272727273
29,Analytical score,15.0,NLOS,15.771717827074674,20.821224682042146,39.91542675,18.719475815728924,0.7931818181818181
30,Amortized surrogate,-5.0,LOS,-4.765796059688814,12.803424921201366,56.7705535,6.218910396509454,0.7818181818181819
30,Analytical score,-5.0,LOS,-4.765796059688814,16.641048370710468,40.36737575,6.1167859231842705,0.8045454545454546
30,Amortized surrogate,-5.0,MP,-4.989320163833219,240.75607331366479,57.624654,8.66867296902586,0.7840909090909092
30,Analytical score,-5.0,MP,-4.989320163833219,252.38405203928983,38.998333,11.81303758552148,0.8090909090909091
30,Amortized surrogate,-5.0,NLOS,-4.99289209043242,165.83315535419527,56.36431925,11.751854535280232,0.8431818181818183
30,Analytical score,-5.0,NLOS,-4.99289209043242,174.92069404674655,39.92717375,9.189918716037372,0.8613636363636363
30,Amortized surrogate,5.0,LOS,5.801256501618333,0.30108966065345977,58.92595775,20.32382028650414,0.7704545454545454
30,Analytical score,5.0,LOS,5.801256501618333,0.229183041987408,42.044004,20.79953524439075,0.7863636363636364
30,Amortized surrogate,5.0,MP,5.177463458093861,11.469656449747983,56.696702,23.68877938124632,0.7840909090909092
30,Analytical score,5.0,MP,5.177463458093861,11.564358767869535,39.80255,25.630112401681792,0.7863636363636364
30,Amortized surrogate,5.0,NLOS,5.175463563395102,79.65070799909941,56.56175975,10.41851891751907,0.8227272727272728
30,Analytical score,5.0,NLOS,5.175463563395102,112.49121777054398,39.8699615,11.294687519847528,0.8431818181818181
30,Amortized surrogate,15.0,LOS,15.07909050716268,5.657522333702257,59.34885,8.676321768088078,0.7795454545454545
30,Analytical score,15.0,LOS,15.07909050716268,7.413579017976012,45.005283,8.419905873064383,0.8
30,Amortized surrogate,15.0,MP,15.148916093562452,6.446076323849623,61.455794,13.565413733211539,0.8113636363636364
30,Analytical score,15.0,MP,15.148916093562452,7.73144405198288,41.5601025,12.499245559794865,0.8204545454545454
30,Amortized surrogate,15.0,NLOS,15.202301261002644,14.709606314264871,58.3823085,22.81098085286118,0.7863636363636364
30,Analytical score,15.0,NLOS,15.202301261002644,15.881047175897118,40.239169,21.59779738371899,0.8090909090909091
31,Amortized surrogate,-5.0,LOS,-5.158134154186182,1.1427247147450097,56.34784725,32.42519209117877,0.8068181818181819
31,Analytical score,-5.0,LOS,-5.158134154186182,1.4994347980705474,39.77442325,31.122910824682524,0.8295454545454546
31,Amortized surrogate,-5.0,MP,-4.585232060948135,23.865505435297997,60.0631305,12.044593022000061,0.7727272727272727
31,Analytical score,-5.0,MP,-4.585232060948135,25.190130227763316,39.7360945,11.356485473283216,0.8068181818181819
31,Amortized surrogate,-5.0,NLOS,-5.109125460392447,229.86893770227374,56.35180775,13.82548709756735,0.7931818181818182
31,Analytical score,-5.0,NLOS,-5.109125460392447,228.736594521035,39.57572875,20.60863176627693,0.825
31,Amortized surrogate,5.0,LOS,4.907692912883133,230.93729020043438,53.03227725,9.462165659800613,0.6954545454545453
31,Analytical score,5.0,LOS,4.907692912883133,179.91253132399615,38.03762275,15.159409226876399,0.7272727272727272
31,Amortized surrogate,5.0,MP,4.754017460870303,1.0939017489717764,57.41078825,13.586782744827122,0.7409090909090909
31,Analytical score,5.0,MP,4.754017460870303,0.8518468548844469,40.809521,19.098314891037532,0.7886363636363636
31,Amortized surrogate,5.0,NLOS,4.131934354543694,32.46959276225772,60.02324375,25.383900081846583,0.8136363636363637
31,Analytical score,5.0,NLOS,4.131934354543694,30.404207950958646,43.3437075,28.86435831212912,0.8227272727272728
31,Amortized surrogate,15.0,LOS,15.065731353173273,5.759384429466387,55.148475,8.63980871868695,0.7636363636363637
31,Analytical score,15.0,LOS,15.065731353173273,4.853248628424072,40.808772,9.128609988686804,0.8068181818181819
31,Amortized surrogate,15.0,MP,15.385720436665476,3.6140535106713636,55.90086,19.138382283249147,0.7681818181818181
31,Analytical score,15.0,MP,15.385720436665476,4.233848823011076,38.66614275,20.6799926764903,0.8272727272727274
31,Amortized surrogate,15.0,NLOS,14.82068602791616,30.846427264698182,58.16809575,13.626384428530919,0.7818181818181817
31,Analytical score,15.0,NLOS,14.82068602791616,11.818190312320073,40.1153315,15.646477859991009,0.825
32,Amortized surrogate,-5.0,LOS,-4.5827521428704765,151.91012930837866,58.24283425,12.461743837743661,0.8022727272727272
32,Analytical score,-5.0,LOS,-4.5827521428704765,149.96899220756413,40.54943975,13.237459156316367,0.8090909090909091
32,Amortized surrogate,-5.0,MP,-4.832423630109622,31.56900269250965,58.40506125,19.828084672296217,0.834090909090909
32,Analytical score,-5.0,MP,-4.832423630109622,10.175093103712452,40.12320925,10.206906659548661,0.8318181818181818
32,Amortized surrogate,-5.0,NLOS,-5.200363725748819,220.72500718737336,62.868291,4.943401585297225,0.8568181818181817
32,Analytical score,-5.0,NLOS,-5.200363725748819,107.23627629073472,43.0560015,9.476527322278052,0.8613636363636363
32,Amortized surrogate,5.0,LOS,5.36414597649808,5.291804828107296,56.278432,9.128150416354218,0.8181818181818181
32,Analytical score,5.0,LOS,5.36414597649808,5.021433680685884,39.5091405,8.59619628470529,0.8681818181818182
32,Amortized surrogate,5.0,MP,4.6729989895894155,4.823104598411935,58.585794,15.82606728213441,0.8340909090909091
32,Analytical score,5.0,MP,4.6729989895894155,55.885147679742936,41.953067,18.288625768772725,0.8272727272727273
32,Amortized surrogate,5.0,NLOS,4.918110212415491,23.793072219639697,67.31409675,8.241245719837254,0.8272727272727274
32,Analytical score,5.0,NLOS,4.918110212415491,79.99576590838835,46.946317,13.975669156991,0.8409090909090909
32,Amortized surrogate,15.0,LOS,14.51501721014153,0.8933701103300348,59.817985,13.271391278551233,0.8159090909090909
32,Analytical score,15.0,LOS,14.51501721014153,50.88080603193099,40.7107195,10.788524093713644,0.7795454545454545
32,Amortized surrogate,15.0,MP,15.10953725064316,2.280686135442412,59.981899,8.400803264114087,0.8409090909090909
32,Analytical score,15.0,MP,15.10953725064316,9.268234151366832,40.684968,7.484415272014017,0.875
32,Amortized surrogate,15.0,NLOS,15.031971600920368,62.73094787023861,56.0202635,4.582203889329528,0.8613636363636363
32,Analytical score,15.0,NLOS,15.031971600920368,78.67131107420543,39.2631475,11.282451824597082,0.865909090909091
33,Amortized surrogate,-5.0,LOS,-5.715452380766885,57.24296761403793,58.12142025,14.284605525612548,0.7886363636363636
33,Analytical score,-5.0,LOS,-5.715452380766885,55.91411884090736,39.777151,20.7979199922575,0.8068181818181818
33,Amortized surrogate,-5.0,MP,-4.653904196845941,69.28164036303806,60.6402155,15.719758041618114,0.7090909090909091
33,Analytical score,-5.0,MP,-4.653904196845941,75.56806826386757,38.83157825,22.86533138024223,0.7568181818181818
33,Amortized surrogate,-5.0,NLOS,-4.3750343132753695,10.743368649184589,56.3667325,17.576672681803643,0.7409090909090909
33,Analytical score,-5.0,NLOS,-4.3750343132753695,2.849662400987322,40.62612875,16.495600309507154,0.7636363636363637
33,Amortized surrogate,5.0,LOS,5.019228647696485,0.5880041168048145,58.1527,15.84218204614206,0.7749999999999999
33,Analytical score,5.0,LOS,5.019228647696485,1.2088929615820176,45.25573225,17.216248158360287,0.7886363636363637
33,Amortized surrogate,5.0,MP,4.9391309808659445,6.129188875742645,60.3000285,13.32939234994849,0.8068181818181818
33,Analytical score,5.0,MP,4.9391309808659445,13.152407571593885,44.7390375,4.254667933887768,0.8045454545454546
33,Amortized surrogate,5.0,NLOS,5.20638619204065,0.6091767945726709,58.89358075,16.27839906366311,0.7909090909090909
33,Analytical score,5.0,NLOS,5.20638619204065,0.757660214235025,43.0653405,17.800308944126694,0.8022727272727272
33,Amortized surrogate,15.0,LOS,14.581025139638104,2.860911106413098,62.719829,18.671139128877947,0.7863636363636364
33,Analytical score,15.0,LOS,14.581025139638104,4.223068874511772,42.06939825,16.475708941189467,0.7886363636363637
33,Amortized surrogate,15.0,MP,15.93708877451409,2.9404111234293895,64.58554975,14.118269813677895,0.7704545454545454
33,Analytical score,15.0,MP,15.93708877451409,0.62182208649976,39.93045725,21.5958302173858,0.8022727272727272
33,Amortized surrogate,15.0,NLOS,15.33960565031837,21.325950821515566,60.85309725,25.084426640197265,0.8272727272727272
33,Analytical score,15.0,NLOS,15.33960565031837,16.207941282869683,43.04920625,24.40135769865941,0.8409090909090909
34,Amortized surrogate,-5.0,LOS,-4.510369973084815,3.378803959304316,56.24443325,18.665070299570232,0.7613636363636365
34,Analytical score,-5.0,LOS,-4.510369973084815,4.013277369872975,39.807707,16.682618316908247,0.8113636363636363
34,Amortized surrogate,-5.0,MP,-5.576610860566765,322.7995052379522,59.791337,21.015672347413417,0.7386363636363636
34,Analytical score,-5.0,MP,-5.576610860566765,324.9299126772582,38.0310955,16.820275748258688,0.7454545454545454
34,Amortized surrogate,-5.0,NLOS,-5.17880360223927,182.42820664231454,60.6024965,10.088409067923129,0.8
34,Analytical score,-5.0,NLOS,-5.17880360223927,84.16580723020513,46.97720625,16.038261841673243,0.7659090909090909
34,Amortized surrogate,5.0,LOS,4.831061126013462,48.86940315736854,54.15023575,16.552607489019433,0.7727272727272728
34,Analytical score,5.0,LOS,4.831061126013462,39.41156236574774,37.76567625,14.1184845766151,0.8363636363636364
34,Amortized surrogate,5.0,MP,4.596833832770708,13.516890814094044,56.4072285,8.0771385536314,0.7431818181818182
34,Analytical score,5.0,MP,4.596833832770708,1.7386545137570546,40.41939725,9.820619844338328,0.7954545454545454
34,Amortized surrogate,5.0,NLOS,4.759721988273723,37.589858746940045,59.7388445,18.85583513827873,0.8022727272727272
34,Analytical score,5.0,NLOS,4.759721988273723,37.84773784279315,40.19007125,24.085436562052426,0.8068181818181818
34,Amortized surrogate,15.0,LOS,15.272033280466461,25.256511163076993,68.12816625,10.003575093476496,0.740909090909091
34,Analytical score,15.0,LOS,15.272033280466461,11.305355680529644,45.44164425,6.803170126817012,0.7818181818181817
34,Amortized surrogate,15.0,MP,14.965159252349785,25.215587636686294,56.78234975,10.136761802790623,0.7840909090909092
34,Analytical score,15.0,MP,14.965159252349785,27.041732657414652,40.778482,14.1176751999055,0.8159090909090909
34,Amortized surrogate,15.0,NLOS,15.902925006807326,57.34806881723573,56.02041025,17.50066459706714,0.7840909090909092
34,Analytical score,15.0,NLOS,15.902925006807326,37.16249135581099,39.14280825,13.275954334617435,0.8227272727272726
35,Amortized surrogate,-5.0,LOS,-4.5782967553209675,108.67598515444085,52.58894425,8.175891263549738,0.7659090909090909
35,Analytical score,-5.0,LOS,-4.5782967553209675,102.98252633233189,37.32939025,7.408441742740663,0.8090909090909091
35,Amortized surrogate,-5.0,MP,-4.754310775040858,46.2251572855256,55.86738925,13.609599252776077,0.8613636363636363
35,Analytical score,-5.0,MP,-4.754310775040858,46.096255293535194,40.40176125,13.914181623733638,0.8704545454545455
35,Amortized surrogate,-5.0,NLOS,-5.3437635376866535,144.6976842984449,56.76879325,20.07880559194363,0.7545454545454545
35,Analytical score,-5.0,NLOS,-5.3437635376866535,145.6623041659396,39.7252125,17.97657643037502,0.7931818181818181
35,Amortized surrogate,5.0,LOS,5.477268740846915,2.0733195277807517,56.18333825,7.909726091317738,0.8295454545454545
35,Analytical score,5.0,LOS,5.477268740846915,0.14864780857782509,38.81031275,17.014439585350676,0.8522727272727273
35,Amortized surrogate,5.0,MP,4.6392175291817805,12.391331749019926,56.379868,7.864495984859344,0.8545454545454545
35,Analytical score,5.0,MP,4.6392175291817805,64.23488009224815,39.18774975,7.550421374268077,0.8636363636363636
35,Amortized surrogate,5.0,NLOS,5.354092152695509,112.74803229268402,56.61522575,8.957264960011578,0.8113636363636363
35,Analytical score,5.0,NLOS,5.354092152695509,73.26063663372541,37.47761375,16.176438971735088,0.8022727272727272
35,Amortized surrogate,15.0,LOS,15.591756356032063,20.862922302761554,61.85003725,7.940544622222967,0.8136363636363636
35,Analytical score,15.0,LOS,15.591756356032063,19.65791107208558,47.789217,11.059913106282314,0.8090909090909091
35,Amortized surrogate,15.0,MP,14.756661891946191,10.654164137515792,60.7587195,11.21778041416773,0.8068181818181818
35,Analytical score,15.0,MP,14.756661891946191,10.034596771339679,38.831767,13.484591025972538,0.8431818181818181
35,Amortized surrogate,15.0,NLOS,15.015097510980851,61.46275583326337,57.27970825,11.774491142693297,0.7727272727272727
35,Analytical score,15.0,NLOS,15.015097510980851,153.15761427186845,40.257666,8.07710209500197,0.8250000000000001
36,Amortized surrogate,-5.0,LOS,-5.042241974242096,304.6007202137612,57.81104025,7.474974560838527,0.8045454545454546
36,Analytical score,-5.0,LOS,-5.042241974242096,234.1288470699738,46.6064665,6.2896488691146075,0.8340909090909091
36,Amortized surrogate,-5.0,MP,-5.424871683045035,63.67172731980822,60.466659,20.233957475446346,0.8090909090909091
36,Analytical score,-5.0,MP,-5.424871683045035,61.413152827511674,46.46759775,15.739616193585778,0.8295454545454546
36,Amortized surrogate,-5.0,NLOS,-4.9254004208748,206.51537309059125,56.24254575,10.4350022432603,0.7977272727272728
36,Analytical score,-5.0,NLOS,-4.9254004208748,191.83315037805548,41.346825,8.674116904116355,0.7681818181818182
36,Amortized surrogate,5.0,LOS,5.086526815921934,2.290058203019823,64.10460725,13.937804275958769,0.7931818181818182
36,Analytical score,5.0,LOS,5.086526815921934,2.1142795937517693,44.59305275,15.29202567906691,0.8090909090909091
36,Amortized surrogate,5.0,MP,5.300425051863314,2.8195341611635394,55.544518,17.408783208302133,0.7818181818181819
36,Analytical score,5.0,MP,5.300425051863314,4.05196911363957,41.1373185,18.141512374329753,0.7954545454545455
36,Amortized surrogate,5.0,NLOS,4.97621148747886,48.70709337919505,60.15624825,12.998006503546259,0.7795454545454545
36,Analytical score,5.0,NLOS,4.97621148747886,49.577802394663266,44.51641225,12.257741174512024,0.7954545454545454
36,Amortized surrogate,15.0,LOS,14.737069588679677,0.637347127974901,58.675169,24.446706508556737,0.7613636363636364
36,Analytical score,15.0,LOS,14.737069588679677,0.4543120696535003,40.22465475,21.95788452684061,0.8181818181818181
36,Amortized surrogate,15.0,MP,15.33709946436964,2.189836500690919,57.27354925,10.424709101276669,0.7840909090909091
36,Analytical score,15.0,MP,15.33709946436964,1.788468864818351,41.140952,11.977335381713102,0.8386363636363637
36,Amortized surrogate,15.0,NLOS,14.887029361018564,9.799350787227306,64.6269305,23.625400126952314,0.8113636363636363
36,Analytical score,15.0,NLOS,14.887029361018564,10.120620689045248,39.38771825,25.262769832355914,0.8340909090909091
37,Amortized surrogate,-5.0,LOS,-5.084565188951151,109.67481150779281,62.56973975,6.80511789535298,0.7590909090909091
37,Analytical score,-5.0,LOS,-5.084565188951151,105.37630797902588,43.515956,11.215401891995349,0.7931818181818182
37,Amortized surrogate,-5.0,MP,-4.436198767690247,397.27034278862845,55.2883675,9.020787771517162,0.8500000000000001
37,Analytical score,-5.0,MP,-4.436198767690247,401.4793463466232,39.21628625,20.289897728587913,0.8636363636363638
37,Amortized surrogate,-5.0,NLOS,-4.958719848479369,230.22261612034492,64.76947225,16.695297545768504,0.8045454545454546
37,Analytical score,-5.0,NLOS,-4.958719848479369,225.6863085567718,41.4229725,21.32341671175307,0.8272727272727273
37,Amortized surrogate,5.0,LOS,5.244672430151473,0.6660190753269342,59.11367975,23.452964959464726,0.8613636363636363
37,Analytical score,5.0,LOS,5.244672430151473,0.12091214082681385,39.1375,28.903979734492125,0.8431818181818183
37,Amortized surrogate,5.0,MP,5.093341905181327,18.565571429841782,62.31501125,8.395929348701953,0.8363636363636363
37,Analytical score,5.0,MP,5.093341905181327,4.226388538707496,42.667922,9.98605020066778,0.8431818181818183
37,Amortized surrogate,5.0,NLOS,5.428077601895893,23.939075175928505,58.99466425,20.03078006196974,0.7931818181818182
37,Analytical score,5.0,NLOS,5.428077601895893,22.673705484541795,40.7321205,12.477328876503279,0.7999999999999999
37,Amortized surrogate,15.0,LOS,14.900733902609515,0.381774739472111,57.012259,17.984153569100346,0.8045454545454546
37,Analytical score,15.0,LOS,14.900733902609515,1.439248893899591,40.175464,17.341321457214548,0.8090909090909091
37,Amortized surrogate,15.0,MP,14.724840049561722,3.8979292279151725,56.98571475,22.339808456603382,0.8227272727272726
37,Analytical score,15.0,MP,14.724840049561722,8.351646608672974,41.7978005,23.63226786787419,0.8204545454545454
37,Amortized surrogate,15.0,NLOS,15.070231144493832,26.238177467049546,56.60406175,14.221908672774273,0.8318181818181818
37,Analytical score,15.0,NLOS,15.070231144493832,21.350741951983537,39.35775,17.320402888767756,0.8454545454545455
38,Amortized surrogate,-5.0,LOS,-5.1627510566274974,171.77577383685687,65.96325375,15.35376664183388,0.7840909090909091
38,Analytical score,-5.0,LOS,-5.1627510566274974,130.0700369201382,40.8682905,8.030560323362934,0.7999999999999999
38,Amortized surrogate,-5.0,MP,-4.949522395615928,189.76790710565143,58.434132,8.954410343438571,0.8545454545454545
38,Analytical score,-5.0,MP,-4.949522395615928,303.9469872221927,41.323973,7.111805302892767,0.825
38,Amortized surrogate,-5.0,NLOS,-5.130660714715511,60.24817563506386,59.190588,18.620497886724948,0.7568181818181818
38,Analytical score,-5.0,NLOS,-5.130660714715511,58.61983456263387,44.891635,18.53020343423326,0.8113636363636363
38,Amortized surrogate,5.0,LOS,4.998767173581525,0.8327543825864878,60.8099905,32.32682464141894,0.7977272727272726
38,Analytical score,5.0,LOS,4.998767173581525,0.7686075184125662,43.1943605,31.74729397200843,0.8045454545454546
38,Amortized surrogate,5.0,MP,4.970684999325935,0.8110945909855976,61.573715,17.39558306630851,0.7113636363636363
38,Analytical score,5.0,MP,4.970684999325935,0.5275710467076735,49.29132775,17.252776705079427,0.7522727272727272
38,Amortized surrogate,5.0,NLOS,4.165548721432098,47.06448817226599,60.57125425,12.764266244874658,0.7568181818181818
38,Analytical score,5.0,NLOS,4.165548721432098,46.050449625003466,42.85365775,11.11528598021314,0.7613636363636364
38,Amortized surrogate,15.0,LOS,15.183823632518758,1.3742958934065914,57.91241975,15.285613501250378,0.8159090909090909
38,Analytical score,15.0,LOS,15.183823632518758,0.8177574890786079,41.98907025,15.244005961305895,0.8090909090909092
38,Amortized surrogate,15.0,MP,14.721092105456544,1.7645544098836041,59.377359,19.385995543689003,0.7727272727272727
38,Analytical score,15.0,MP,14.721092105456544,0.9077449361564045,40.35126875,19.13147632625083,0.8136363636363637
38,Amortized surrogate,15.0,NLOS,14.580967644507723,13.267901989285951,58.83071725,23.969065865494038,0.7772727272727272
38,Analytical score,15.0,NLOS,14.580967644507723,13.167851443381519,40.3891395,23.276423039801028,0.7977272727272727
39,Amortized surrogate,-5.0,LOS,-4.773909129172976,256.2961735155092,909.16873975,19.438321934385584,0.7795454545454545
39,Analytical score,-5.0,LOS,-4.773909129172976,271.4627613179262,395.560142,22.43566248922217,0.7977272727272727
39,Amortized surrogate,-5.0,MP,-5.166582247280892,4.8389198033332335,249.1110065,24.64309616815402,0.7113636363636364
39,Analytical score,-5.0,MP,-5.166582247280892,65.32852798683422,278.89568075,22.154683358696506,0.7204545454545455
39,Amortized surrogate,-5.0,NLOS,-4.69383834402049,14.029840215872099,378.8317125,13.226105922167111,0.7477272727272727
39,Analytical score,-5.0,NLOS,-4.69383834402049,18.040971738904155,267.14424875,13.080227546645268,0.7818181818181819
39,Amortized surrogate,5.0,LOS,4.600941070282222,0.7295954051790031,57.8003595,27.546301191163742,0.75
39,Analytical score,5.0,LOS,4.600941070282222,0.3905220122432481,40.9276255,20.449365140148288,0.7704545454545455
39,Amortized surrogate,5.0,MP,5.792714307346141,1.3204709143843465,60.23062675,21.852994254628662,0.7431818181818183
39,Analytical score,5.0,MP,5.792714307346141,44.24719971469624,41.4296965,19.1877906383448,0.7886363636363636
39,Amortized surrogate,5.0,NLOS,5.436647625749558,3.000820940038051,61.4739125,22.22905048029638,0.7090909090909091
39,Analytical score,5.0,NLOS,5.436647625749558,2.4253186167189673,139.75959025,19.964074310008225,0.7454545454545454
39,Amortized surrogate,15.0,LOS,14.758309052803458,0.801216618173605,59.82004225,23.46120864168798,0.7568181818181818
39,Analytical score,15.0,LOS,14.758309052803458,0.9665101905324054,41.104464,29.763943599675336,0.7772727272727272
39,Amortized surrogate,15.0,MP,15.36217666806982,1.6222243758756856,54.42077675,25.96138340046734,0.675
39,Analytical score,15.0,MP,15.36217666806982,0.7158694435479604,40.31291625,20.745352251072628,0.7818181818181819
39,Amortized surrogate,15.0,NLOS,14.82560284826244,4.304293399607081,56.37290275,16.887670680845098,0.7045454545454545
39,Analytical score,15.0,NLOS,14.82560284826244,6.066522194512256,42.593867,16.20290020899325,0.7659090909090909
40,Amortized surrogate,-5.0,LOS,-4.52468463126576,18.062234426233864,56.56387875,12.805768545110823,0.6863636363636364
40,Analytical score,-5.0,LOS,-4.52468463126576,17.540203716861203,41.55654775,12.650145558654831,0.7136363636363636
40,Amortized surrogate,-5.0,MP,-5.167657892984612,25.31070401599418,56.15272925,29.30093257617917,0.7090909090909091
40,Analytical score,-5.0,MP,-5.167657892984612,27.22321234156151,39.311758,23.01003192484895,0.7431818181818182
40,Amortized surrogate,-5.0,NLOS,-5.063580215479744,335.02730657346973,57.27354325,16.371241653285217,0.8045454545454545
40,Analytical score,-5.0,NLOS,-5.063580215479744,339.2134972227119,40.14216075,18.921119248993413,0.834090909090909
40,Amortized surrogate,5.0,LOS,5.422571094791796,7.953331753533067,371.26371075,21.412903380977276,0.8181818181818182
40,Analytical score,5.0,LOS,5.422571094791796,1.3768280297549245,207.19580025,11.424042198012588,0.8227272727272728
40,Amortized surrogate,5.0,MP,5.960644969435709,9.263905478991315,65.76819725,10.363544790028442,0.7272727272727273
40,Analytical score,5.0,MP,5.960644969435709,14.824099440804726,45.16803475,15.53588024505253,0.8045454545454546
40,Amortized surrogate,5.0,NLOS,5.450744638081574,6.976383675177122,59.26657675,6.553026823959348,0.765909090909091
40,Analytical score,5.0,NLOS,5.450744638081574,43.529900564687196,43.57184175,9.201796564638208,0.7999999999999999
40,Amortized surrogate,15.0,LOS,15.134908659737397,5.532507623081981,376.10801525,5.874429017834176,0.7522727272727273
40,Analytical score,15.0,LOS,15.134908659737397,0.4762363353268808,313.51241025,14.02368208270893,0.7863636363636364
40,Amortized surrogate,15.0,MP,15.142534430216994,15.65804432838703,368.7634435,11.170193587547795,0.7840909090909092
40,Analytical score,15.0,MP,15.142534430216994,11.160596599036026,202.19724275,10.182566961346366,0.8022727272727272
40,Amortized surrogate,15.0,NLOS,15.558805820331372,7.7585350252384195,400.41178375,10.49041802655149,0.7340909090909091
40,Analytical score,15.0,NLOS,15.558805820331372,2.2045559607142637,289.00783625,11.551600784005156,0.7840909090909092
41,Amortized surrogate,-5.0,LOS,-5.1817961346102095,70.35185051462254,59.8564035,8.99907235917053,0.790909090909091
41,Analytical score,-5.0,LOS,-5.1817961346102095,79.11373324291866,44.9695205,5.959494554054578,0.825
41,Amortized surrogate,-5.0,MP,-5.322669016083605,251.69762853998847,63.341425,15.86022677919486,0.8022727272727272
41,Analytical score,-5.0,MP,-5.322669016083605,40.77453287635595,42.95290825,8.131018343675322,0.8386363636363636
41,Amortized surrogate,-5.0,NLOS,-5.255387058511997,230.67467222612785,58.68430325,9.822332151040015,0.8818181818181818
41,Analytical score,-5.0,NLOS,-5.255387058511997,231.25515381278757,41.58897875,10.556167940776437,0.8636363636363636
41,Amortized surrogate,5.0,LOS,5.344169203246736,4.2585501810744555,58.0322265,18.185702637496156,0.8340909090909091
41,Analytical score,5.0,LOS,5.344169203246736,2.8201168785242285,40.6468555,19.76691223182951,0.8340909090909091
41,Amortized surrogate,5.0,MP,4.284308670595792,33.95113765828277,59.9959405,10.761387350001542,0.7954545454545455
41,Analytical score,5.0,MP,4.284308670595792,34.512490482170826,41.5707365,9.356753330873392,0.8136363636363637
41,Amortized surrogate,5.0,NLOS,5.1958697764442086,16.299254048415925,56.6146135,11.953863576598003,0.834090909090909
41,Analytical score,5.0,NLOS,5.1958697764442086,18.257311435263166,41.47785175,8.436844637988203,0.8454545454545455
41,Amortized surrogate,15.0,LOS,15.242860706159833,11.926919943386048,58.67236975,14.02144542394193,0.8204545454545455
41,Analytical score,15.0,LOS,15.242860706159833,16.672602719737686,41.68157,14.162040190921612,0.8522727272727273
41,Amortized surrogate,15.0,MP,14.615584930946234,2.0394206184199835,58.89104525,11.438449379529946,0.8295454545454546
41,Analytical score,15.0,MP,14.615584930946234,52.169921058522576,40.42975275,12.6976205943048,0.825
41,Amortized surrogate,15.0,NLOS,15.316419586607232,18.321646308921263,56.7204495,7.699173923239983,0.7840909090909092
41,Analytical score,15.0,NLOS,15.316419586607232,10.156978354018795,40.0873225,11.890953534379953,0.8227272727272728
42,Amortized surrogate,-5.0,LOS,-5.211044374195286,220.671540368796,61.42972425,7.234909172579672,0.7272727272727273
42,Analytical score,-5.0,LOS,-5.211044374195286,220.73034801139008,43.60777025,11.890951740624336,0.8113636363636363
42,Amortized surrogate,-5.0,MP,-4.99115799798718,30.358259672945923,67.14917175,14.399100704160674,0.7431818181818182
42,Analytical score,-5.0,MP,-4.99115799798718,8.165914429364108,51.5788105,13.303370919201477,0.7613636363636364
42,Amortized surrogate,-5.0,NLOS,-4.977889747501285,47.15953021596839,61.827081,17.592671494872825,0.7909090909090909
42,Analytical score,-5.0,NLOS,-4.977889747501285,51.23158637410271,41.00195875,14.647283264467566,0.8204545454545454
42,Amortized surrogate,5.0,LOS,5.499620773483063,6.603096577218711,68.5687255,17.69021011887491,0.7681818181818181
42,Analytical score,5.0,LOS,5.499620773483063,5.800793949254446,40.46279425,16.639320273047108,0.775
42,Amortized surrogate,5.0,MP,4.837622737485217,22.9124433806181,62.095085,14.375266246779617,0.8159090909090909
42,Analytical score,5.0,MP,4.837622737485217,13.434615790107975,42.937669,20.55257479821668,0.8113636363636363
42,Amortized surrogate,5.0,NLOS,4.4602941405405785,2.0582690952535776,58.99061775,12.646157445543688,0.775
42,Analytical score,5.0,NLOS,4.4602941405405785,3.4343346120298825,43.24922625,11.448610136973901,0.7931818181818182
42,Amortized surrogate,15.0,LOS,14.788848035551286,3.2848392322336175,56.84141625,12.048052985254857,0.8363636363636364
42,Analytical score,15.0,LOS,14.788848035551286,3.8192448061992037,40.1200485,14.393847434928478,0.8272727272727273
42,Amortized surrogate,15.0,MP,14.738990705323465,4.876177779213283,56.7477505,10.92422607422802,0.8113636363636364
42,Analytical score,15.0,MP,14.738990705323465,26.168829429884713,40.56632475,15.00109793818989,0.7840909090909091
42,Amortized surrogate,15.0,NLOS,14.8338629265049,10.228841304149581,58.159008,14.543784257054558,0.7545454545454545
42,Analytical score,15.0,NLOS,14.8338629265049,8.723436478365763,44.772922,15.902197077887642,0.7545454545454545
43,Amortized surrogate,-5.0,LOS,-5.106767733379119,70.81955241685684,59.460068,9.096573146758525,0.8340909090909091
43,Analytical score,-5.0,LOS,-5.106767733379119,70.8860320832677,42.085767,6.956706869511494,0.8500000000000001
43,Amortized surrogate,-5.0,MP,-4.860389852987239,52.617389884821314,60.3332915,9.941275291541823,0.8386363636363636
43,Analytical score,-5.0,MP,-4.860389852987239,98.11078686650902,40.7810515,16.005990209722473,0.85
43,Amortized surrogate,-5.0,NLOS,-5.43281734620707,62.43856844729129,62.29878175,21.479075496356867,0.7750000000000001
43,Analytical score,-5.0,NLOS,-5.43281734620707,67.77171033309533,41.97221925,23.975107768511425,0.7818181818181819
43,Amortized surrogate,5.0,LOS,5.349516646007175,6.03665775984379,56.15445475,8.302790238757568,0.8045454545454545
43,Analytical score,5.0,LOS,5.349516646007175,9.828561079162622,41.32879,16.112687575819383,0.8181818181818182
43,Amortized surrogate,5.0,MP,5.105433909894318,56.06643524393174,57.8941295,28.223394320502923,0.7772727272727272
43,Analytical score,5.0,MP,5.105433909894318,53.91904586893476,41.25081475,30.06861238501446,0.7613636363636364
43,Amortized surrogate,5.0,NLOS,5.156203534821946,2.8508167075620325,61.3709865,20.42341340128266,0.7863636363636364
43,Analytical score,5.0,NLOS,5.156203534821946,2.6615518719063713,40.9269495,10.793696807392585,0.8090909090909091
43,Amortized surrogate,15.0,LOS,14.837228932900297,10.524878427069899,58.837214,23.87119707434769,0.7704545454545454
43,Analytical score,15.0,LOS,14.837228932900297,15.829005158344668,44.86569025,28.847405138134143,0.7568181818181818
43,Amortized surrogate,15.0,MP,14.893483041260584,67.9577996306976,60.1416425,15.364104551725358,0.7818181818181817
43,Analytical score,15.0,MP,14.893483041260584,56.5010026953674,40.6956455,14.243978240128197,0.8090909090909091
43,Amortized surrogate,15.0,NLOS,14.215662599841048,11.587930803234963,58.03269425,14.988539680885454,0.7909090909090909
43,Analytical score,15.0,NLOS,14.215662599841048,8.175009461216534,36.21715925,12.682701310777453,0.5954545454545455
44,Amortized surrogate,-5.0,LOS,-5.215054346618649,116.45867260969912,62.79614675,8.466896189934515,0.7931818181818182
44,Analytical score,-5.0,LOS,-5.215054346618649,34.29498636628533,41.04414375,11.196539202638268,0.8227272727272728
44,Amortized surrogate,-5.0,MP,-5.104487082023951,24.86610249279492,59.77372175,16.575767633808933,0.8022727272727272
44,Analytical score,-5.0,MP,-5.104487082023951,26.29782929517871,41.6651075,16.238734866901634,0.8204545454545455
44,Amortized surrogate,-5.0,NLOS,-5.105099183216746,181.3159564370996,60.3437855,12.682103043833095,0.8181818181818181
44,Analytical score,-5.0,NLOS,-5.105099183216746,162.87557993104127,41.3139545,11.018240014967738,0.8272727272727272
44,Amortized surrogate,5.0,LOS,4.994589927139086,60.372747982670255,57.23835825,18.566053549011297,0.7522727272727273
44,Analytical score,5.0,LOS,4.994589927139086,15.760553608093328,41.35177125,11.835829634449714,0.8090909090909091
44,Amortized surrogate,5.0,MP,4.505912622481849,0.7687907897335724,58.2239865,15.315657511856116,0.775
44,Analytical score,5.0,MP,4.505912622481849,0.6872675353753614,40.1304565,20.249161872542338,0.8568181818181819
44,Amortized surrogate,5.0,NLOS,5.135344752338722,0.8867268820428311,62.59276675,16.05011938782138,0.6954545454545454
44,Analytical score,5.0,NLOS,5.135344752338722,18.130327071314323,39.66827375,33.056296100814706,0.7454545454545455
44,Amortized surrogate,15.0,LOS,15.120258584781855,0.9794720358743617,63.54587725,16.66663007685247,0.7409090909090909
44,Analytical score,15.0,LOS,15.120258584781855,115.59405543119831,44.133356,19.813448483916773,0.6022727272727273
44,Amortized surrogate,15.0,MP,14.532905985198825,0.5563704732718372,56.872785,18.025036403138422,0.7659090909090909
44,Analytical score,15.0,MP,14.532905985198825,167.09005586415816,41.62934575,19.552658037360047,0.8090909090909091
44,Amortized surrogate,15.0,NLOS,15.807172825759574,0.34135358516325587,56.6783455,19.82908617714286,0.7113636363636364
44,Analytical score,15.0,NLOS,15.807172825759574,0.1646548166665997,39.81313575,24.548082807915833,0.7840909090909092
45,Amortized surrogate,-5.0,LOS,-5.041838122218549,76.63610914234758,58.96780025,5.155057346926651,0.8159090909090908
45,Analytical score,-5.0,LOS,-5.041838122218549,79.60327599033599,40.41217875,10.242800122914488,0.8227272727272728
45,Amortized surrogate,-5.0,MP,-4.486139421452762,14.70097862456929,60.384806,21.492264016589164,0.7318181818181818
45,Analytical score,-5.0,MP,-4.486139421452762,14.058544971949102,40.61943475,20.59183314501973,0.7522727272727272
45,Amortized surrogate,-5.0,NLOS,-5.54206669554254,49.890376202576626,59.981277,20.082284474175584,0.75
45,Analytical score,-5.0,NLOS,-5.54206669554254,47.755978084907696,39.71930875,18.77314178797474,0.7613636363636364
45,Amortized surrogate,5.0,LOS,5.009934146733588,0.11883053336963045,62.27853075,21.61533478971252,0.7431818181818182
45,Analytical score,5.0,LOS,5.009934146733588,0.11505392147480292,41.0991435,23.590493123318392,0.7772727272727272
45,Amortized surrogate,5.0,MP,4.620178872164416,2.0369390827490776,65.099885,17.123201700994482,0.7636363636363637
45,Analytical score,5.0,MP,4.620178872164416,2.7527413044113245,43.77169125,8.748282872683081,0.7772727272727272
45,Amortized surrogate,5.0,NLOS,5.021701252579829,37.1715818594438,58.4569915,9.156143969538965,0.7681818181818182
45,Analytical score,5.0,NLOS,5.021701252579829,18.14103197980134,41.40624825,20.1373361841039,0.7568181818181818
45,Amortized surrogate,15.0,LOS,14.79554295543738,3.615392094847654,58.12561225,17.011163975244685,0.7863636363636364
45,Analytical score,15.0,LOS,14.79554295543738,0.6044363868677316,39.8643165,31.71165593333217,0.8136363636363636
45,Amortized surrogate,15.0,MP,15.181720550132807,9.955145142903365,57.21019925,13.01544718262468,0.8045454545454546
45,Analytical score,15.0,MP,15.181720550132807,0.4059835024059806,44.16346425,21.792653823695225,0.8136363636363637
45,Amortized surrogate,15.0,NLOS,15.25355374325899,58.32360996924098,62.553544,15.305229068227446,0.7909090909090909
45,Analytical score,15.0,NLOS,15.25355374325899,46.644931477227885,40.83745275,13.367511401800867,0.7977272727272728
46,Amortized surrogate,-5.0,LOS,-5.473274499029678,193.55081420364692,58.293351,9.575657627930928,0.7818181818181817
46,Analytical score,-5.0,LOS,-5.473274499029678,195.2730143690699,40.97243125,10.55960546266346,0.8045454545454545
46,Amortized surrogate,-5.0,MP,-4.533912876450634,14.360839573398058,57.1898415,11.436951765517506,0.8136363636363637
46,Analytical score,-5.0,MP,-4.533912876450634,14.295595531295481,40.722454,13.490089772595889,0.8522727272727273
46,Amortized surrogate,-5.0,NLOS,-4.834100723247553,171.32486427660044,52.04968875,3.5911153636469866,0.6295454545454545
46,Analytical score,-5.0,NLOS,-4.834100723247553,200.30299549036744,35.15784,15.21427031041672,0.6022727272727273
46,Amortized surrogate,5.0,LOS,4.433281385980687,0.6226916063617747,58.160167,10.644826568345115,0.8454545454545455
46,Analytical score,5.0,LOS,4.433281385980687,1.6357829559143915,40.73344875,11.257687495011815,0.884090909090909
46,Amortized surrogate,5.0,MP,4.082368506384873,1.2014113044774013,56.72977375,17.912319509977962,0.8704545454545455
46,Analytical score,5.0,MP,4.082368506384873,6.562834098444609,39.58962825,15.553262995640527,0.8181818181818181
46,Amortized surrogate,5.0,NLOS,5.729898316778331,76.01029297925244,58.835992,8.07793717519182,0.8204545454545454
46,Analytical score,5.0,NLOS,5.729898316778331,31.630975028306793,39.42588675,16.11078770918386,0.8227272727272728
46,Amortized surrogate,15.0,LOS,14.663845633551427,31.69881394470233,57.77788175,6.575140315826159,0.8272727272727274
46,Analytical score,15.0,LOS,14.663845633551427,9.279770745451316,41.1379785,6.714228735256188,0.8681818181818182
46,Amortized surrogate,15.0,MP,14.68034667597383,2.966354273779288,56.096058,5.486045305783852,0.8727272727272727
46,Analytical score,15.0,MP,14.68034667597383,11.976332587791875,43.296983,6.67545570721026,0.8954545454545455
46,Amortized surrogate,15.0,NLOS,15.28655120058705,2.603657129852006,58.2092245,11.565697039240028,0.9113636363636364
46,Analytical score,15.0,NLOS,15.28655120058705,5.234021156003616,40.325499,8.833844755677887,0.9181818181818182
47,Amortized surrogate,-5.0,LOS,-4.643445906782172,59.83551437823885,58.69153975,8.071673013324856,0.7977272727272728
47,Analytical score,-5.0,LOS,-4.643445906782172,59.85915832858775,40.19195625,8.342118329012676,0.8409090909090908
47,Amortized surrogate,-5.0,MP,-4.9386013771980615,149.96712731669678,59.4192835,10.691833667339484,0.8045454545454546
47,Analytical score,-5.0,MP,-4.9386013771980615,168.69638234975494,43.9775875,16.53228952871202,0.7568181818181818
47,Amortized surrogate,-5.0,NLOS,-4.998686795082348,202.84646415459406,55.342165,25.398672189137756,0.8204545454545455
47,Analytical score,-5.0,NLOS,-4.998686795082348,202.46350895452963,39.25953525,24.25371308786218,0.85
47,Amortized surrogate,5.0,LOS,5.590704040339126,9.965195163746277,57.30373675,7.655808725681002,0.8227272727272728
47,Analytical score,5.0,LOS,5.590704040339126,13.282360490082647,39.84145675,5.799716588769678,0.825
47,Amortized surrogate,5.0,MP,5.642830836978845,3.574349642642399,56.64489725,13.15323812392501,0.8409090909090908
47,Analytical score,5.0,MP,5.642830836978845,3.4580560629690713,39.79790975,12.090553330577212,0.8500000000000001
47,Amortized surrogate,5.0,NLOS,5.6250998294548165,2.858207609814874,57.750659,10.342693446349136,0.7818181818181817
47,Analytical score,5.0,NLOS,5.6250998294548165,6.240197707207666,39.2102075,10.182547332973867,0.8454545454545455
47,Amortized surrogate,15.0,LOS,14.81977688142978,17.971853493695438,55.994903,6.264648274633505,0.7954545454545455
47,Analytical score,15.0,LOS,14.81977688142978,7.302965257061945,39.08437425,11.690990764828797,0.8590909090909091
47,Amortized surrogate,15.0,MP,14.73913154670037,8.979136089964731,58.55262075,9.196717311101303,0.7795454545454545
47,Analytical score,15.0,MP,14.73913154670037,9.664030970984912,39.33552,7.886391557936529,0.7931818181818181
47,Amortized surrogate,15.0,NLOS,15.13204251537034,1.9851388946280384,57.84314525,10.900774686207486,0.8318181818181819
47,Analytical score,15.0,NLOS,15.13204251537034,2.4402844050541592,46.4392085,15.167411316941728,0.8454545454545455
48,Amortized surrogate,-5.0,LOS,-5.108162765956775,36.46537041707768,55.70894475,18.15797081064704,0.8227272727272728
48,Analytical score,-5.0,LOS,-5.108162765956775,44.87598259589435,40.41983275,15.815283305117115,0.8340909090909091
48,Amortized surrogate,-5.0,MP,-5.174615102902688,59.32677090160169,55.2990925,19.94883913120989,0.7840909090909092
48,Analytical score,-5.0,MP,-5.174615102902688,67.25285121066787,38.9457505,12.895254656448328,0.8068181818181819
48,Amortized surrogate,-5.0,NLOS,-5.373995026494047,250.85247894596995,59.3203315,13.670158945127687,0.7840909090909091
48,Analytical score,-5.0,NLOS,-5.373995026494047,267.111217276924,39.19714675,17.42934304817623,0.8159090909090909
48,Amortized surrogate,5.0,LOS,5.13501430400193,7.341439542165105,59.834579,9.346364540576614,0.8022727272727272
48,Analytical score,5.0,LOS,5.13501430400193,77.6051048114768,38.0483305,16.834297307072934,0.8068181818181819
48,Amortized surrogate,5.0,MP,5.21504836242306,3.0326105351438475,54.6351665,12.476534955795367,0.8250000000000001
48,Analytical score,5.0,MP,5.21504836242306,2.5853683691914013,39.12339675,15.399262251696763,0.8431818181818183
48,Amortized surrogate,5.0,NLOS,5.30934514625832,24.467760680179175,55.694212,10.994353583046587,0.8159090909090909
48,Analytical score,5.0,NLOS,5.30934514625832,93.55862172030513,38.544913,14.281833404120365,0.7681818181818182
48,Amortized surrogate,15.0,LOS,15.214358127303068,2.112970789379558,56.4831235,12.459985762445537,0.7977272727272726
48,Analytical score,15.0,LOS,15.214358127303068,2.6691184252724742,40.04565775,9.128205695287328,0.8318181818181818
48,Amortized surrogate,15.0,MP,14.750069828370979,69.67255875129636,55.56177375,15.599773549976721,0.8181818181818181
48,Analytical score,15.0,MP,14.750069828370979,70.92785919902005,39.105125,13.612645256517112,0.8613636363636363
48,Amortized surrogate,15.0,NLOS,14.79089840129512,34.69487714246692,56.12757125,12.826253925487148,0.8113636363636363
48,Analytical score,15.0,NLOS,14.79089840129512,34.365702437753086,39.24713675,13.7387475751705,0.8409090909090909
49,Amortized surrogate,-5.0,LOS,-5.475892804297563,82.0804466778539,55.907761,16.006776777631362,0.8250000000000001
49,Analytical score,-5.0,LOS,-5.475892804297563,67.91060700846307,40.4785815,24.86811023147009,0.8340909090909091
49,Amortized surrogate,-5.0,MP,-4.817121202876439,3.03236272098817,59.1858055,32.24058710691506,0.7568181818181817
49,Analytical score,-5.0,MP,-4.817121202876439,2.479550720524857,41.28683175,34.2777286759016,0.7727272727272727
49,Amortized surrogate,-5.0,NLOS,-4.724936385116585,134.23732258838697,56.729276,17.516648659839767,0.7295454545454545
49,Analytical score,-5.0,NLOS,-4.724936385116585,138.93805976032138,38.11997625,11.623749524093707,0.8022727272727272
49,Amortized surrogate,5.0,LOS,5.158422356496216,24.68523042388958,55.7284615,9.209644065566067,0.8045454545454545
49,Analytical score,5.0,LOS,5.158422356496216,3.6844401177342787,39.22080825,25.335626254073915,0.7909090909090909
49,Amortized surrogate,5.0,MP,5.456841056664807,23.81388571948119,55.72356175,24.231893052060443,0.7704545454545455
49,Analytical score,5.0,MP,5.456841056664807,26.130553618053625,39.044235,29.541789969995957,0.7909090909090909
49,Amortized surrogate,5.0,NLOS,4.3862811535640125,80.35844377271228,55.81946825,14.41332935726999,0.8022727272727272
49,Analytical score,5.0,NLOS,4.3862811535640125,83.15448261438793,38.7044335,11.391404137276695,0.7840909090909091
49,Amortized surrogate,15.0,LOS,15.144965639954327,8.322726084375466,57.1613755,16.85948752211629,0.8318181818181818
49,Analytical score,15.0,LOS,15.144965639954327,3.6465878086365247,39.28727925,20.545772814578527,0.8318181818181818
49,Amortized surrogate,15.0,MP,15.493228502108217,1.8204943503646382,55.455654,25.54815658908657,0.7840909090909091
49,Analytical score,15.0,MP,15.493228502108217,1.5208621554152484,39.450815,18.10634771312325,0.8022727272727272
49,Amortized surrogate,15.0,NLOS,15.245378706183308,242.22939916350896,51.330319,13.73544511559645,0.6681818181818182
49,Analytical score,15.0,NLOS,15.245378706183308,240.01609078525243,36.45382525,12.028407797317547,0.7
50,Amortized surrogate,-5.0,LOS,-5.653506696813253,0.20741937548209816,60.64953525,25.33776665441744,0.8
50,Analytical score,-5.0,LOS,-5.653506696813253,0.16968375342270603,42.753244,24.871172527025944,0.8045454545454546
50,Amortized surrogate,-5.0,MP,-5.1941174301431605,0.41024734706006827,63.23154025,33.392597536614794,0.7659090909090909
50,Analytical score,-5.0,MP,-5.1941174301431605,0.4874996449687279,40.57266125,28.82843664243711,0.7772727272727273
50,Amortized surrogate,-5.0,NLOS,-5.070431588346227,144.63186019051847,57.9799635,7.452715538060533,0.8136363636363636
50,Analytical score,-5.0,NLOS,-5.070431588346227,124.8858252256801,41.39237075,15.92398960595664,0.8181818181818181
50,Amortized surrogate,5.0,LOS,4.819557924156173,10.89436240061859,56.6200015,8.209502941156519,0.8363636363636363
50,Analytical score,5.0,LOS,4.819557924156173,2.588251453074335,40.029219,7.179287915047132,0.8409090909090908
50,Amortized surrogate,5.0,MP,5.055224965664998,2.4955043013080505,57.38438925,25.185072022368633,0.7909090909090909
50,Analytical score,5.0,MP,5.055224965664998,0.9734617040756034,39.19125525,25.240976360732837,0.8022727272727272
50,Amortized surrogate,5.0,NLOS,4.908538575135112,14.468647404463642,59.7680255,20.6945983854833,0.8159090909090909
50,Analytical score,5.0,NLOS,4.908538575135112,8.024780566714963,44.624205,15.899227738725525,0.8068181818181819
50,Amortized surrogate,15.0,LOS,14.045500686247145,46.36563706493547,57.26504025,13.235802825881004,0.8204545454545455
50,Analytical score,15.0,LOS,14.045500686247145,49.832175770029664,40.18923275,17.85502186101163,0.8090909090909092
50,Amortized surrogate,15.0,MP,15.428299801457968,1.3648258692639632,55.4798865,18.072403775168887,0.7818181818181817
50,Analytical score,15.0,MP,15.428299801457968,2.562604298009724,39.71461725,14.298800410836215,0.7727272727272727
50,Amortized surrogate,15.0,NLOS,15.368211272027796,7.978828978293189,57.016251,20.531396400992122,0.8181818181818182
50,Analytical score,15.0,NLOS,15.368211272027796,11.488525760977184,39.1213395,13.318629971823416,0.8386363636363636
51,Amortized surrogate,-5.0,LOS,-4.119298979618692,235.2661896900609,60.343421,3.5752962743482173,0.8363636363636364
51,Analytical score,-5.0,LOS,-4.119298979618692,285.81974673776165,41.91536925,5.643829944699385,0.8454545454545453
51,Amortized surrogate,-5.0,MP,-5.055335762712825,60.18048807083084,60.38645075,7.274617355534447,0.8159090909090909
51,Analytical score,-5.0,MP,-5.055335762712825,55.78527043230553,48.0343725,16.40742385974721,0.7954545454545455
51,Amortized surrogate,-5.0,NLOS,-5.477219532786651,220.15271561788057,56.2142815,21.28451079148101,0.8181818181818181
51,Analytical score,-5.0,NLOS,-5.477219532786651,222.24798617106913,39.5600235,19.147138972335487,0.8295454545454546
51,Amortized surrogate,5.0,LOS,5.205163822918486,161.80147208080032,57.593975,8.551068205636465,0.7840909090909091
51,Analytical score,5.0,LOS,5.205163822918486,277.726294686811,34.38528275,7.005667825224807,0.6613636363636364
51,Amortized surrogate,5.0,MP,5.118779453437289,0.7363941435673274,56.888489,25.33717627386858,0.8295454545454546
51,Analytical score,5.0,MP,5.118779453437289,0.5208362575508854,39.6188905,22.4204735176591,0.8477272727272728
51,Amortized surrogate,5.0,NLOS,5.117245131507346,252.1146171219063,57.336267,13.410724930728604,0.7681818181818183
51,Analytical score,5.0,NLOS,5.117245131507346,157.6486453867725,39.66315075,13.791724333148906,0.7704545454545455
51,Amortized surrogate,15.0,LOS,14.712446867112847,3.1288819596592985,58.45705975,12.46814900492367,0.7886363636363636
51,Analytical score,15.0,LOS,14.712446867112847,17.61221318969519,43.29700625,15.751680410861061,0.8522727272727273
51,Amortized surrogate,15.0,MP,15.451495681910334,1.8690145874871256,56.861087,14.494917798556898,0.7886363636363637
51,Analytical score,15.0,MP,15.451495681910334,1.8825319124588142,39.3267125,23.66702475492339,0.8136363636363636
51,Amortized surrogate,15.0,NLOS,14.712403104073946,84.9189966248443,57.06099225,16.294198260204183,0.7613636363636365
51,Analytical score,15.0,NLOS,14.712403104073946,63.66894087118694,39.9038265,24.242291149180076,0.8
52,Amortized surrogate,-5.0,LOS,-4.451147732009309,198.36748272217125,56.50578175,11.117613028999141,0.7772727272727273
52,Analytical score,-5.0,LOS,-4.451147732009309,242.28172704212858,39.3147365,12.798719146164313,0.7977272727272727
52,Amortized surrogate,-5.0,MP,-5.338222862126631,272.4242182721018,54.66104975,9.726100558593666,0.7659090909090909
52,Analytical score,-5.0,MP,-5.338222862126631,7.903647071399632,41.1942,10.0023557756835,0.7931818181818182
52,Amortized surrogate,-5.0,NLOS,-5.6742241224383,177.97773440736717,56.6375085,8.462422898494955,0.8409090909090908
52,Analytical score,-5.0,NLOS,-5.6742241224383,128.76879977204965,43.792151,8.772881923715136,0.8318181818181818
52,Amortized surrogate,5.0,LOS,4.755912616534543,0.46906843704484674,56.76081575,24.755307534841226,0.7840909090909091
52,Analytical score,5.0,LOS,4.755912616534543,0.28012968780477754,39.323422,24.526168627784443,0.7886363636363636
52,Amortized surrogate,5.0,MP,5.457668441370213,9.76542532253932,62.13798525,17.371788476197562,0.7863636363636364
52,Analytical score,5.0,MP,5.457668441370213,5.540725586209021,40.2724875,21.35175023187987,0.7954545454545454
52,Amortized surrogate,5.0,NLOS,5.475880192784146,16.279584886416004,58.2635455,13.98163413102655,0.8045454545454546
52,Analytical score,5.0,NLOS,5.475880192784146,16.8500279330765,39.36812775,13.813913979832266,0.7954545454545454
52,Amortized surrogate,15.0,LOS,15.635551625559039,6.680857841980478,57.2009775,22.48446453172007,0.8181818181818182
52,Analytical score,15.0,LOS,15.635551625559039,4.4811264426878195,42.8299715,26.753016494991343,0.8409090909090909
52,Amortized surrogate,15.0,MP,14.867981746461027,0.34947550093477114,56.4517045,21.164167937834243,0.7545454545454545
52,Analytical score,15.0,MP,14.867981746461027,6.334104673496736,39.686588,15.015741552032168,0.790909090909091
52,Amortized surrogate,15.0,NLOS,15.18942741800637,2.761755512378191,56.24426075,18.992445617546778,0.7886363636363636
52,Analytical score,15.0,NLOS,15.18942741800637,11.117219542921111,39.579277,16.00093782396838,0.7863636363636364
53,Amortized surrogate,-5.0,LOS,-5.0619958350029215,11.044363431588785,62.3484745,19.504328684651938,0.7590909090909091
53,Analytical score,-5.0,LOS,-5.0619958350029215,17.192694068181254,40.418308,16.217450222281045,0.8068181818181819
53,Amortized surrogate,-5.0,MP,-4.35564818494267,28.456089594114243,58.2244835,8.079346219988608,0.8545454545454545
53,Analytical score,-5.0,MP,-4.35564818494267,86.78545414124372,40.97350725,15.429997488671873,0.8522727272727272
53,Amortized surrogate,-5.0,NLOS,-5.20555191474476,69.06676241495617,59.1853865,10.240949302202838,0.8477272727272728
53,Analytical score,-5.0,NLOS,-5.20555191474476,102.90123825677995,41.10741475,9.14723658115714,0.8909090909090909
53,Amortized surrogate,5.0,LOS,5.29915838161209,12.453770743171464,56.21748375,13.27419108129893,0.825
53,Analytical score,5.0,LOS,5.29915838161209,11.315861173972415,39.99685825,14.429312729860378,0.8340909090909091
53,Amortized surrogate,5.0,MP,5.101555043665397,13.553352677600873,55.25439025,4.425353244798713,0.7863636363636364
53,Analytical score,5.0,MP,5.101555043665397,16.690436308216906,39.394369,10.457900646264356,0.8
53,Amortized surrogate,5.0,NLOS,4.847241472713835,84.53793071690211,57.13927225,13.522637344822355,0.8272727272727274
53,Analytical score,5.0,NLOS,4.847241472713835,96.29531919357242,39.08113925,12.327075941246092,0.8386363636363636
53,Amortized surrogate,15.0,LOS,14.838554844757123,10.712691555587865,56.4057365,6.130807540319928,0.8250000000000001
53,Analytical score,15.0,LOS,14.838554844757123,24.465743107114093,39.0253895,7.12123500715841,0.8522727272727273
53,Amortized surrogate,15.0,MP,14.704313515416743,7.771091820724655,60.617642,10.044295856266178,0.8045454545454545
53,Analytical score,15.0,MP,14.704313515416743,8.64298028438793,39.40704525,15.301443344058157,0.8159090909090909
53,Amortized surrogate,15.0,NLOS,15.007533280559391,38.77235131655887,58.904639,18.293218296159168,0.834090909090909
53,Analytical score,15.0,NLOS,15.007533280559391,23.130643162593458,42.1987475,12.880028042202403,0.8477272727272728
54,Amortized surrogate,-5.0,LOS,-4.672163125690586,20.869417267337596,59.2740125,5.611277308156663,0.8045454545454546
54,Analytical score,-5.0,LOS,-4.672163125690586,60.594248733525134,39.153136,4.994903805132884,0.8181818181818181
54,Amortized surrogate,-5.0,MP,-4.730017711277589,141.30460630735357,57.9694625,4.9765216143189175,0.8136363636363636
54,Analytical score,-5.0,MP,-4.730017711277589,154.08388271112935,40.10846075,4.6385157126395935,0.8545454545454545
54,Amortized surrogate,-5.0,NLOS,-5.6804113621378125,214.17015670315195,62.29229375,8.38691029987411,0.8613636363636363
54,Analytical score,-5.0,NLOS,-5.6804113621378125,220.53520534961953,42.05394175,11.158681954826154,0.8909090909090909
54,Amortized surrogate,5.0,LOS,5.3202314856619894,0.33467339069521573,60.7416205,22.224373981870606,0.8431818181818181
54,Analytical score,5.0,LOS,5.3202314856619894,0.4076709523928477,43.12984675,22.321822400942885,0.85
54,Amortized surrogate,5.0,MP,4.577784406979189,49.490568282882684,59.18544675,8.159659667914495,0.7863636363636364
54,Analytical score,5.0,MP,4.577784406979189,48.327672167498044,43.226512,10.289638277418954,0.8318181818181818
54,Amortized surrogate,5.0,NLOS,5.2395705230936604,0.5230998133279511,57.56115225,23.27344040800903,0.7977272727272726
54,Analytical score,5.0,NLOS,5.2395705230936604,0.3193026818797464,40.85149725,23.52838805874038,0.825
54,Amortized surrogate,15.0,LOS,14.4970547985575,2.615178552096555,59.1464065,18.446889254845523,0.8318181818181818
54,Analytical score,15.0,LOS,14.4970547985575,2.8754341263337393,42.635938,16.759794574917578,0.8363636363636364
54,Amortized surrogate,15.0,MP,14.122806504530178,1.6041759692595212,59.55649175,11.01029416199069,0.7909090909090909
54,Analytical score,15.0,MP,14.122806504530178,1.1544436733318155,42.45487825,14.852029078348519,0.8409090909090909
54,Amortized surrogate,15.0,NLOS,15.165340777171291,25.36334602527326,61.65948475,17.57877836198214,0.8522727272727273
54,Analytical score,15.0,NLOS,15.165340777171291,29.078165627159944,42.2391625,17.58053642593674,0.8431818181818183
55,Amortized surrogate,-5.0,LOS,-4.543449312240403,95.84479164210246,55.8182215,7.047677820413718,0.8477272727272727
55,Analytical score,-5.0,LOS,-4.543449312240403,72.21079607312366,39.027338,10.653311232085054,0.8227272727272728
55,Amortized surrogate,-5.0,MP,-4.853769492383499,18.97005145218963,55.2078445,16.116470521090758,0.8045454545454545
55,Analytical score,-5.0,MP,-4.853769492383499,20.14076275629943,39.45916525,20.898640602340976,0.8159090909090909
55,Amortized surrogate,-5.0,NLOS,-4.368405280743211,228.477135521612,54.09548575,24.437379974281562,0.6590909090909091
55,Analytical score,-5.0,NLOS,-4.368405280743211,222.69364056905206,38.40648575,27.111823201852957,0.7068181818181818
55,Amortized surrogate,5.0,LOS,5.1096094933742755,0.5475882938087068,56.527284,17.521783169070694,0.7795454545454545
55,Analytical score,5.0,LOS,5.1096094933742755,0.3089431374196062,38.8819795,17.61424599935396,0.7977272727272727
55,Amortized surrogate,5.0,MP,5.154387788706566,0.9503221367146027,56.2026615,12.150921767934495,0.8431818181818181
55,Analytical score,5.0,MP,5.154387788706566,0.34235977322194416,39.07153075,13.384547089337824,0.8681818181818182
55,Amortized surrogate,5.0,NLOS,4.407829849992444,85.33838213966577,55.31323,19.84567731199349,0.7727272727272727
55,Analytical score,5.0,NLOS,4.407829849992444,145.55187553872875,39.39346325,26.950186777426595,0.7545454545454546
55,Amortized surrogate,15.0,LOS,15.23821016389983,0.9465386078435308,57.39335725,10.811834177876753,0.7977272727272727
55,Analytical score,15.0,LOS,15.23821016389983,7.073428398920058,40.36042375,8.064893367796698,0.8159090909090909
55,Amortized surrogate,15.0,MP,14.482121911055799,3.949178126923234,58.794371,10.876144604643565,0.7977272727272727
55,Analytical score,15.0,MP,14.482121911055799,3.5522311680438157,40.43811225,9.395099470505617,0.8681818181818182
55,Amortized surrogate,15.0,NLOS,15.004702886927932,87.16979286354577,58.618112,21.72614124080348,0.7022727272727273
55,Analytical score,15.0,NLOS,15.004702886927932,86.55307602275204,38.5225105,22.314117660459626,0.7250000000000001
56,Amortized surrogate,-5.0,LOS,-4.817795262893496,255.7532672328071,59.20625625,8.918207789215897,0.725
56,Analytical score,-5.0,LOS,-4.817795262893496,243.89278240574365,46.3118525,18.342937083920418,0.725
56,Amortized surrogate,-5.0,MP,-4.002135132953218,20.091791085504354,65.90641825,14.055099608698741,0.8090909090909091
56,Analytical score,-5.0,MP,-4.002135132953218,6.4145472437361875,39.9771345,15.44791553367224,0.8272727272727274
56,Amortized surrogate,-5.0,NLOS,-4.838417216259676,59.443955232543054,63.39944875,9.580758530131263,0.7954545454545454
56,Analytical score,-5.0,NLOS,-4.838417216259676,83.0729575262114,40.43479225,18.90460696629054,0.8204545454545454
56,Amortized surrogate,5.0,LOS,4.580446555571317,163.82796463359713,52.65654375,7.826765210135549,0.6840909090909091
56,Analytical score,5.0,LOS,4.580446555571317,33.97927790695607,37.13441225,15.935626755798964,0.7227272727272728
56,Amortized surrogate,5.0,MP,4.410935797124596,24.951563968310513,56.06750325,9.96180004292396,0.865909090909091
56,Analytical score,5.0,MP,4.410935797124596,39.85888308678061,39.55608075,11.126573057061098,0.8704545454545454
56,Amortized surrogate,5.0,NLOS,4.250462835151302,43.606219300450945,55.85122025,13.762536424654042,0.7045454545454545
56,Analytical score,5.0,NLOS,4.250462835151302,46.436682677522384,38.036764,7.4611267925270575,0.7454545454545455
56,Amortized surrogate,15.0,LOS,14.302948883923527,33.08901754636265,57.39460025,6.117473365972129,0.7227272727272727
56,Analytical score,15.0,LOS,14.302948883923527,16.61989418747318,39.51467575,6.636445681582115,0.825
56,Amortized surrogate,15.0,MP,15.603983388025192,1.907393558110495,57.29313675,14.633370611094124,0.8022727272727272
56,Analytical score,15.0,MP,15.603983388025192,2.0672326649533845,39.25792825,9.536969261561847,0.8590909090909091
56,Amortized surrogate,15.0,NLOS,15.298481365044408,12.772840035459804,57.00670275,4.850289064214039,0.7977272727272726
56,Analytical score,15.0,NLOS,15.298481365044408,21.1755693981334,39.05091525,6.557947552765776,0.8431818181818181
57,Amortized surrogate,-5.0,LOS,-4.951911156025009,3.979703458147496,57.7826505,13.626782089204228,0.7340909090909091
57,Analytical score,-5.0,LOS,-4.951911156025009,70.46967790223509,41.2813475,14.93221776412576,0.8204545454545454
57,Amortized surrogate,-5.0,MP,-4.7048937174348735,102.52822974287353,285.051197,8.08929013367677,0.7431818181818182
57,Analytical score,-5.0,MP,-4.7048937174348735,96.59581280509498,41.6315435,13.688283529659492,0.7454545454545456
57,Amortized surrogate,-5.0,NLOS,-5.215708926551683,60.93713222711504,278.09560975,14.839986282262474,0.7704545454545455
57,Analytical score,-5.0,NLOS,-5.215708926551683,62.08596304648438,304.62439775,18.399319906613712,0.8090909090909091
57,Amortized surrogate,5.0,LOS,5.902837491890809,29.043577835450968,63.8998835,11.615748923617,0.8
57,Analytical score,5.0,LOS,5.902837491890809,29.3293651979572,41.3092855,7.408536665555308,0.8159090909090909
57,Amortized surrogate,5.0,MP,5.4080284183368965,6.143458800324195,57.96735175,16.229377638191217,0.8045454545454546
57,Analytical score,5.0,MP,5.4080284183368965,4.613812823001761,41.45841675,14.26112160988266,0.8022727272727272
57,Amortized surrogate,5.0,NLOS,5.397898871767635,41.62277994568597,66.135068,21.920233847654483,0.7136363636363636
57,Analytical score,5.0,NLOS,5.397898871767635,31.090744100211158,39.81240025,19.883211314599542,0.7568181818181818
57,Amortized surrogate,15.0,LOS,14.71850563235205,0.7218620974634091,57.64121925,21.7758528391321,0.8409090909090909
57,Analytical score,15.0,LOS,14.71850563235205,0.23546609641262342,39.51516275,21.110695368474193,0.8545454545454545
57,Amortized surrogate,15.0,MP,15.555216390326256,155.3623334837078,59.05905375,7.606598597402766,0.7795454545454545
57,Analytical score,15.0,MP,15.555216390326256,14.274703509891786,40.70073975,13.048094669084122,0.8136363636363636
57,Amortized surrogate,15.0,NLOS,14.571481545748192,28.884924659780896,58.12521225,21.750872916148992,0.7318181818181818
57,Analytical score,15.0,NLOS,14.571481545748192,40.383608176262356,39.5454825,24.05568953474609,0.7522727272727273
58,Amortized surrogate,-5.0,LOS,-5.8507782594198705,212.11247281542938,57.24088475,9.482581055562942,0.7136363636363636
58,Analytical score,-5.0,LOS,-5.8507782594198705,169.23803944212673,39.88472325,8.509714446819892,0.7113636363636363
58,Amortized surrogate,-5.0,MP,-4.5304632163781635,17.179495317361127,58.219877,11.557205068463947,0.8159090909090909
58,Analytical score,-5.0,MP,-4.5304632163781635,20.527820320673698,41.40711725,6.069396775771139,0.825
58,Amortized surrogate,-5.0,NLOS,-4.465674607814572,16.34834779086991,59.28274525,26.090256273164087,0.7818181818181817
58,Analytical score,-5.0,NLOS,-4.465674607814572,15.500540245346052,41.21933275,20.250797624517784,0.7909090909090909
58,Amortized surrogate,5.0,LOS,5.127184249292696,10.239588576321738,63.2686535,16.713794906385964,0.8022727272727272
58,Analytical score,5.0,LOS,5.127184249292696,9.028292957855578,45.4639075,16.437327623676865,0.8136363636363636
58,Amortized surrogate,5.0,MP,4.57397885782386,0.2908545420073255,59.12588775,24.9275141655652,0.7840909090909091
58,Analytical score,5.0,MP,4.57397885782386,0.15891222354290763,43.3858435,22.081873414253497,0.7886363636363636
58,Amortized surrogate,5.0,NLOS,5.494200257931339,15.667388315863027,57.0248335,27.60076623161138,0.7840909090909091
58,Analytical score,5.0,NLOS,5.494200257931339,15.340728691161278,44.42244325,21.015519668928516,0.8159090909090909
58,Amortized surrogate,15.0,LOS,14.461848708335909,11.852718307556383,121.6483,17.709830367752932,0.7954545454545454
58,Analytical score,15.0,LOS,14.461848708335909,1.5263022272107163,299.39182075,16.103255582960077,0.8318181818181818
58,Amortized surrogate,15.0,MP,14.948706721119592,3.90497903988897,58.14813625,13.187228328319202,0.7863636363636364
58,Analytical score,15.0,MP,14.948706721119592,11.371031751751515,43.34050775,16.83251548679976,0.7840909090909091
58,Amortized surrogate,15.0,NLOS,14.173463064160664,2.5245191184277322,60.755784,9.327393376623952,0.7704545454545454
58,Analytical score,15.0,NLOS,14.173463064160664,2.4958709741151437,42.58932925,11.88764133938092,0.8272727272727273
59,Amortized surrogate,-5.0,LOS,-4.688546044164853,246.5348993278155,58.83354875,10.91920801113662,0.7931818181818182
59,Analytical score,-5.0,LOS,-4.688546044164853,270.00656034131424,40.79016025,13.403195869376688,0.7772727272727273
59,Amortized surrogate,-5.0,MP,-5.579772955623312,116.22801671255638,60.60137775,10.00717323918874,0.8181818181818181
59,Analytical score,-5.0,MP,-5.579772955623312,119.89949833770119,40.32964325,9.18409957803265,0.8500000000000001
59,Amortized surrogate,-5.0,NLOS,-5.126106515258979,245.00803586889637,63.66773625,11.664406814273022,0.7454545454545455
59,Analytical score,-5.0,NLOS,-5.126106515258979,229.87181993210498,53.14276125,7.76541200316429,0.8
59,Amortized surrogate,5.0,LOS,5.009607008844719,1.2239586084696628,59.4100045,15.430475472305742,0.7909090909090908
59,Analytical score,5.0,LOS,5.009607008844719,1.4597629766865352,40.655623,19.425454065935604,0.8272727272727273
59,Amortized surrogate,5.0,MP,4.663797657461213,64.55385831418229,55.816156,19.931257627072025,0.7681818181818182
59,Analytical score,5.0,MP,4.663797657461213,2.44188584730924,40.302523,12.405274630656425,0.8181818181818181
59,Amortized surrogate,5.0,NLOS,5.456980876603394,213.79771927800206,58.04791675,11.652217358620643,0.7886363636363636
59,Analytical score,5.0,NLOS,5.456980876603394,101.2818664503062,39.015797,9.03663524492678,0.7977272727272727
59,Amortized surrogate,15.0,LOS,15.070246340849334,76.34813574143062,61.470411,9.857737869418713,0.7704545454545455
59,Analytical score,15.0,LOS,15.070246340849334,79.63817855316691,40.03820725,12.58914647855804,0.8386363636363635
59,Amortized surrogate,15.0,MP,15.514004401442529,5.147333928394334,61.4208105,12.79599097104439,0.7840909090909091
59,Analytical score,15.0,MP,15.514004401442529,4.434520627345225,42.9342305,11.921924784339813,0.8636363636363635
59,Amortized surrogate,15.0,NLOS,14.970801118762276,15.209587481369667,60.00900075,7.594437292132047,0.7636363636363637
59,Analytical score,15.0,NLOS,14.970801118762276,55.04474679636551,40.92697075,14.851575800022884,0.7931818181818182
60,Amortized surrogate,-5.0,LOS,-4.709258526376649,113.72795306226801,55.58260275,14.097896366028426,0.7931818181818182
60,Analytical score,-5.0,LOS,-4.709258526376649,107.03632532214803,40.536793,11.167856383970205,0.8090909090909091
60,Amortized surrogate,-5.0,MP,-4.891806903633494,49.71081894847574,56.2925705,15.030220149709574,0.8409090909090909
60,Analytical score,-5.0,MP,-4.891806903633494,68.8999175335479,38.75741225,24.037778273089813,0.8250000000000001
60,Amortized surrogate,-5.0,NLOS,-5.3623745771829565,235.35033093290443,55.065417,17.050259110837107,0.7659090909090909
60,Analytical score,-5.0,NLOS,-5.3623745771829565,234.0476950318224,39.24415025,19.751259828994158,0.7136363636363636
60,Amortized surrogate,5.0,LOS,4.729503095607272,4.414018639735886,60.7682725,13.90823582840883,0.7681818181818182
60,Analytical score,5.0,LOS,4.729503095607272,2.8585906197950943,40.092998,15.513978502244102,0.8227272727272726
60,Amortized surrogate,5.0,MP,5.378318615067271,4.8736283572379975,59.13775875,14.128504106161285,0.7863636363636364
60,Analytical score,5.0,MP,5.378318615067271,4.753721602256552,41.4248635,12.056452539278528,0.8227272727272728
60,Amortized surrogate,5.0,NLOS,4.72283918386791,28.401937911289615,55.01496525,15.723649258809258,0.775
60,Analytical score,5.0,NLOS,4.72283918386791,28.932780441658267,39.1994695,13.993276761072183,0.7909090909090909
60,Amortized surrogate,15.0,LOS,14.842097364948463,3.928486503603264,58.60209475,19.613533932993523,0.8113636363636363
60,Analytical score,15.0,LOS,14.842097364948463,3.2842173155872487,40.199591,18.65259718279918,0.825
60,Amortized surrogate,15.0,MP,14.157085277081137,1.442792071549022,59.10640375,16.93672347858209,0.8159090909090909
60,Analytical score,15.0,MP,14.157085277081137,2.1282624558364667,40.36291475,15.038786716972366,0.8295454545454546
60,Amortized surrogate,15.0,NLOS,15.731745955133697,17.08131849286116,56.16795025,18.18006588709428,0.8204545454545455
60,Analytical score,15.0,NLOS,15.731745955133697,18.302963154723308,40.559177,13.413681273261924,0.8318181818181819
61,Amortized surrogate,-5.0,LOS,-5.003021319771213,28.279437662173624,63.946414,21.11842799269505,0.7909090909090909
61,Analytical score,-5.0,LOS,-5.003021319771213,25.036941713233347,43.57993875,21.823395377146095,0.7840909090909092
61,Amortized surrogate,-5.0,MP,-5.591589384020819,64.77631083158848,59.12218775,18.116351397253094,0.7886363636363637
61,Analytical score,-5.0,MP,-5.591589384020819,72.31125566260096,42.8013,18.373109044184826,0.8
61,Amortized surrogate,-5.0,NLOS,-4.974610681221481,75.27799659297416,58.953742,23.58071222076862,0.7477272727272728
61,Analytical score,-5.0,NLOS,-4.974610681221481,75.22044626933695,42.5436835,21.25748311026895,0.7749999999999999
61,Amortized surrogate,5.0,LOS,4.576257897163014,0.861590883226266,58.9903225,16.50549541621423,0.7954545454545455
61,Analytical score,5.0,LOS,4.576257897163014,1.0473975971088325,43.61853075,14.98255213708256,0.8340909090909091
61,Amortized surrogate,5.0,MP,5.197272200215041,3.4128460058586505,64.3379165,19.253366090311307,0.825
61,Analytical score,5.0,MP,5.197272200215041,13.681653328128844,41.8004705,21.475520201133406,0.8340909090909091
61,Amortized surrogate,5.0,NLOS,5.524289916143389,85.09009220658206,58.66065425,6.741728501002878,0.8113636363636363
61,Analytical score,5.0,NLOS,5.524289916143389,78.85698702866989,45.17886575,5.61239969000315,0.8090909090909091
61,Amortized surrogate,15.0,LOS,14.978924487572527,15.728389425754552,56.37218525,6.656634683653062,0.7522727272727273
61,Analytical score,15.0,LOS,14.978924487572527,10.299851220304516,39.40452475,4.851290792499939,0.7613636363636364
61,Amortized surrogate,15.0,MP,14.618139418511205,9.159699380479426,56.6601605,5.838809660232986,0.7636363636363637
61,Analytical score,15.0,MP,14.618139418511205,9.852048491657596,39.3588595,5.438080284596166,0.775
61,Amortized surrogate,15.0,NLOS,14.978788219105715,25.95677995749315,58.03115075,18.176454378954773,0.7795454545454545
61,Analytical score,15.0,NLOS,14.978788219105715,8.462269998498456,39.9229795,15.0613801613915,0.7909090909090909
62,Amortized surrogate,-5.0,LOS,-5.030329522191623,316.1420409621243,72.500087,21.025576290223967,0.7454545454545454
62,Analytical score,-5.0,LOS,-5.030329522191623,311.5037665270561,41.67023325,15.94605354864059,0.7954545454545455
62,Amortized surrogate,-5.0,MP,-5.581044267864399,136.2838450401408,59.78027075,8.8677732664492,0.825
62,Analytical score,-5.0,MP,-5.581044267864399,166.15332425432234,41.6850625,23.12969453592995,0.7863636363636364
62,Amortized surrogate,-5.0,NLOS,-5.153700281766306,53.96252610936923,57.38396075,13.589936440345241,0.8386363636363636
62,Analytical score,-5.0,NLOS,-5.153700281766306,53.12123658670921,41.33733675,10.534278088095368,0.834090909090909
62,Amortized surrogate,5.0,LOS,4.42444892105046,41.002302588741124,58.1996165,10.995621582716513,0.8
62,Analytical score,5.0,LOS,4.42444892105046,41.04622688110268,46.3528565,9.204847628297344,0.7977272727272727
62,Amortized surrogate,5.0,MP,4.96330497685586,0.3290633618512208,62.42295575,20.14166605023599,0.7727272727272727
62,Analytical score,5.0,MP,4.96330497685586,0.4498181271244188,42.90363575,22.711164416311917,0.7954545454545454
62,Amortized surrogate,5.0,NLOS,4.896296669911654,2.9081518223799563,60.23687,12.657551041925043,0.8045454545454546
62,Analytical score,5.0,NLOS,4.896296669911654,3.943788674596746,43.1888005,10.239875874739457,0.8045454545454546
62,Amortized surrogate,15.0,LOS,14.489126354182332,0.7945409471792259,66.4000395,14.255687741325737,0.7818181818181817
62,Analytical score,15.0,LOS,14.489126354182332,0.4259923651034563,43.81991525,16.010116282518855,0.7977272727272727
62,Amortized surrogate,15.0,MP,14.724645515625081,110.60005424927836,58.978735,20.197261660617013,0.7886363636363636
62,Analytical score,15.0,MP,14.724645515625081,126.2476141872473,41.16734975,15.53924747940772,0.8250000000000001
62,Amortized surrogate,15.0,NLOS,14.673159942559597,19.517781898209286,59.26780275,15.997225299064606,0.8568181818181818
62,Analytical score,15.0,NLOS,14.673159942559597,19.037940351417053,41.292909,20.5602150965632,0.8409090909090908
63,Amortized surrogate,-5.0,LOS,-4.701709099508607,35.84393019528084,59.4979155,6.231644040712393,0.8227272727272728
63,Analytical score,-5.0,LOS,-4.701709099508607,36.66164515831651,40.13934075,6.13187975153136,0.8363636363636363
63,Amortized surrogate,-5.0,MP,-5.205462129098808,156.34814673534166,56.986705,15.951016128717704,0.8090909090909091
63,Analytical score,-5.0,MP,-5.205462129098808,157.06609690168852,41.208829,15.110701029000381,0.8181818181818181
63,Amortized surrogate,-5.0,NLOS,-4.950079040751854,144.24385818755127,55.9724235,12.204048527957728,0.759090909090909
63,Analytical score,-5.0,NLOS,-4.950079040751854,131.1823159610396,39.98946475,15.898355681093808,0.8272727272727273
63,Amortized surrogate,5.0,LOS,4.7357316752510785,4.371027467196368,60.5464425,10.196579473031179,0.7886363636363636
63,Analytical score,5.0,LOS,4.7357316752510785,15.1124222339441,42.267036,9.726445225863491,0.8204545454545454
63,Amortized surrogate,5.0,MP,4.351124980447847,8.920306239629173,57.32106525,6.8977954219177064,0.7840909090909092
63,Analytical score,5.0,MP,4.351124980447847,13.146432093581629,40.3392615,9.369635892846041,0.7954545454545454
63,Amortized surrogate,5.0,NLOS,4.870527087995354,36.84957136592039,63.74779375,8.851158895175265,0.825
63,Analytical score,5.0,NLOS,4.870527087995354,32.46114178064407,43.872825,9.232681478459197,0.8227272727272728
63,Amortized surrogate,15.0,LOS,14.35733204357403,7.9479938893364395,56.376534,6.5527467512202024,0.781818181818182
63,Analytical score,15.0,LOS,14.35733204357403,3.2865748855239443,39.055522,13.078289542944765,0.8204545454545455
63,Amortized surrogate,15.0,MP,15.13670820773638,1.6581780726145814,55.79430775,13.595600273388458,0.8272727272727274
63,Analytical score,15.0,MP,15.13670820773638,15.767090789013192,40.14838475,8.176636248946638,0.8045454545454546
63,Amortized surrogate,15.0,NLOS,15.653396218478237,23.335359536039864,59.34676225,8.404501289587413,0.8068181818181819
63,Analytical score,15.0,NLOS,15.653396218478237,27.462092405956042,42.2690665,6.994659836902963,0.8431818181818181
64,Amortized surrogate,-5.0,LOS,-5.066263572480578,13.421628587790352,66.12509925,13.223411492615167,0.834090909090909
64,Analytical score,-5.0,LOS,-5.066263572480578,67.47691641185712,40.89094975,14.796000508605417,0.8522727272727273
64,Amortized surrogate,-5.0,MP,-5.195405534818325,138.5441006615803,62.7751135,13.945616959641637,0.825
64,Analytical score,-5.0,MP,-5.195405534818325,161.66139832808634,42.290272,11.226490371458194,0.8181818181818181
64,Amortized surrogate,-5.0,NLOS,-5.3698408762311445,175.25472373352378,59.86736575,30.363775065551796,0.8136363636363636
64,Analytical score,-5.0,NLOS,-5.3698408762311445,178.1725792851083,40.932764,35.93699442699184,0.8318181818181818
64,Amortized surrogate,5.0,LOS,5.558693399330653,23.352081257730678,57.473373,8.050893430915924,0.7613636363636364
64,Analytical score,5.0,LOS,5.558693399330653,4.990295972459697,42.2587455,13.571254101351304,0.8295454545454546
64,Amortized surrogate,5.0,MP,4.582025196185454,19.70804351874073,58.1096695,5.350782613584389,0.8318181818181818
64,Analytical score,5.0,MP,4.582025196185454,6.4671101385369445,40.36194425,11.501830600112433,0.8409090909090908
64,Amortized surrogate,5.0,NLOS,4.9372700278629,22.68605034956849,58.1655095,9.501936532259826,0.7772727272727273
64,Analytical score,5.0,NLOS,4.9372700278629,21.262259461384282,39.851258,9.807695752596956,0.7863636363636364
64,Amortized surrogate,15.0,LOS,15.053614430522835,6.039361011477057,61.82865225,10.539601227156583,0.7977272727272726
64,Analytical score,15.0,LOS,15.053614430522835,4.675756294409695,41.80931725,10.132173142226458,0.8136363636363636
64,Amortized surrogate,15.0,MP,15.075718928242615,14.956356206165598,60.95653275,10.076520872261163,0.8068181818181818
64,Analytical score,15.0,MP,15.075718928242615,19.169368688378192,39.4765025,11.17473511494774,0.8090909090909091
64,Amortized surrogate,15.0,NLOS,14.663387824933846,12.909106188809345,57.459946,9.751253723253145,0.8204545454545454
64,Analytical score,15.0,NLOS,14.663387824933846,53.06067828623176,40.573842,11.437055637601286,0.9181818181818182
65,Amortized surrogate,-5.0,LOS,-4.958031398243915,229.55435927493298,58.510949,25.564785675462957,0.7772727272727272
65,Analytical score,-5.0,LOS,-4.958031398243915,100.12820691292839,44.46760975,19.323709164082423,0.7977272727272727
65,Amortized surrogate,-5.0,MP,-4.707206280136727,144.32740203011684,62.06710775,9.363064786913048,0.8090909090909091
65,Analytical score,-5.0,MP,-4.707206280136727,161.45628376411037,44.0732575,5.457655627318193,0.7772727272727273
65,Amortized surrogate,-5.0,NLOS,-4.6590006812741604,14.67141462482594,60.4756925,15.331901665476554,0.85
65,Analytical score,-5.0,NLOS,-4.6590006812741604,14.884493182592498,40.48308325,17.326540492547668,0.865909090909091
65,Amortized surrogate,5.0,LOS,4.900894236959928,5.116250463354302,57.5031065,10.092641241034109,0.8454545454545455
65,Analytical score,5.0,LOS,4.900894236959928,15.345130601870162,39.547165,16.134853180410367,0.8363636363636363
65,Amortized surrogate,5.0,MP,5.168959827236376,0.18941518556291526,65.401522,12.289274646066612,0.8545454545454545
65,Analytical score,5.0,MP,5.168959827236376,0.1779193406653779,39.528923,16.058340075086882,0.8477272727272727
65,Amortized surrogate,5.0,NLOS,5.15515282425851,113.17839157659209,58.8555395,15.106589738960624,0.7886363636363637
65,Analytical score,5.0,NLOS,5.15515282425851,95.26683432175388,41.5127005,14.546199903761579,0.8045454545454546
65,Amortized surrogate,15.0,LOS,14.299160192398135,9.796784647474105,56.450816,10.465456739214059,0.7954545454545454
65,Analytical score,15.0,LOS,14.299160192398135,10.51571668243338,40.302149,17.967887785241494,0.8545454545454546
65,Amortized surrogate,15.0,MP,14.684534224439162,8.05358178651582,59.571594,7.621868822350302,0.7840909090909092
65,Analytical score,15.0,MP,14.684534224439162,8.050776781851479,41.95382875,9.778161193025667,0.8409090909090909
65,Amortized surrogate,15.0,NLOS,15.453613071354564,19.86412700327346,56.21837075,25.949174880127025,0.7659090909090909
65,Analytical score,15.0,NLOS,15.453613071354564,69.56570286269765,42.399464,17.458418045660878,0.7795454545454545
66,Amortized surrogate,-5.0,LOS,-4.895772974712292,43.30928788359634,59.63742075,15.824433796769464,0.8568181818181818
66,Analytical score,-5.0,LOS,-4.895772974712292,45.42192820948222,40.2644305,16.88288961250384,0.8795454545454545
66,Amortized surrogate,-5.0,MP,-5.208122682869467,55.27229007584447,60.41053475,6.018900311844838,0.8113636363636364
66,Analytical score,-5.0,MP,-5.208122682869467,30.47153263823931,39.5125315,6.654329676304815,0.8477272727272728
66,Amortized surrogate,-5.0,NLOS,-5.164329606216046,62.3121920248939,60.88051775,10.943651441571111,0.825
66,Analytical score,-5.0,NLOS,-5.164329606216046,61.94671519570586,42.73048975,8.28907124512342,0.8181818181818181
66,Amortized surrogate,5.0,LOS,4.893191033618142,10.108320381821056,60.25941325,6.4874402937382945,0.8
66,Analytical score,5.0,LOS,4.893191033618142,2.780361761480648,45.29768175,8.649280380023477,0.8386363636363636
66,Amortized surrogate,5.0,MP,4.8402904370310385,7.115062155378735,66.01267425,9.754446862573763,0.7954545454545454
66,Analytical score,5.0,MP,4.8402904370310385,2.7403628618631743,41.46737775,20.153800854214253,0.8181818181818182
66,Amortized surrogate,5.0,NLOS,5.403593326218612,7.11185888927353,61.95671625,12.926165193927574,0.7363636363636363
66,Analytical score,5.0,NLOS,5.403593326218612,6.430199783152616,41.61714875,16.45674617261438,0.8159090909090909
66,Amortized surrogate,15.0,LOS,14.319802787995663,0.3401545966620636,62.57452525,18.958260208965186,0.825
66,Analytical score,15.0,LOS,14.319802787995663,2.882590079791284,42.09091025,12.828533861119196,0.8636363636363636
66,Amortized surrogate,15.0,MP,15.151121871449032,23.671554501283953,63.70734775,10.34410455163922,0.7681818181818182
66,Analytical score,15.0,MP,15.151121871449032,13.282563880196138,40.4535695,10.960962044403256,0.7886363636363636
66,Amortized surrogate,15.0,NLOS,15.009651584129601,3.407427245902501,61.2004015,11.807696160897295,0.7113636363636363
66,Analytical score,15.0,NLOS,15.009651584129601,3.9998968908928623,41.54759125,15.206557401125636,0.7522727272727273
67,Amortized surrogate,-5.0,LOS,-4.465161244443724,54.236108456857096,65.47829525,16.68240219393924,0.7477272727272728
67,Analytical score,-5.0,LOS,-4.465161244443724,25.489943974229078,53.70248125,13.51855380885753,0.8545454545454546
67,Amortized surrogate,-5.0,MP,-5.386058346703396,61.443299263103505,67.84801425,9.751128706516422,0.7909090909090909
67,Analytical score,-5.0,MP,-5.386058346703396,16.724930605353542,50.18725975,11.208290943122297,0.8386363636363636
67,Amortized surrogate,-5.0,NLOS,-4.628229752017175,52.513947816382824,66.44887275,23.70393550683096,0.7977272727272727
67,Analytical score,-5.0,NLOS,-4.628229752017175,56.04934634091362,44.03609675,22.47648399015215,0.8045454545454546
67,Amortized surrogate,5.0,LOS,4.67379825062207,3.5886536188036176,430.667102,12.781067661515735,0.7863636363636364
67,Analytical score,5.0,LOS,4.67379825062207,8.256918481656236,49.123539,19.108557271996407,0.8363636363636364
67,Amortized surrogate,5.0,MP,5.287505550430389,0.6747458716144326,64.18748075,11.462293929805064,0.8181818181818181
67,Analytical score,5.0,MP,5.287505550430389,31.27452085482692,42.16246,20.214726056753616,0.8159090909090909
67,Amortized surrogate,5.0,NLOS,5.126603734886772,71.72427905058598,71.00326825,10.887998329705423,0.8181818181818182
67,Analytical score,5.0,NLOS,5.126603734886772,76.64491175551257,42.5730605,10.955416102873178,0.8318181818181818
67,Amortized surrogate,15.0,LOS,15.554886861699718,0.23173416870487576,69.684957,13.000946399096858,0.8818181818181818
67,Analytical score,15.0,LOS,15.554886861699718,0.2172403158667474,40.22593375,17.300908036741205,0.9045454545454545
67,Amortized surrogate,15.0,MP,14.68136111316249,1.1929090109881098,72.715537,17.808819628131822,0.8250000000000001
67,Analytical score,15.0,MP,14.68136111316249,0.7406274415703898,92.53499075,20.803893406963443,0.8704545454545455
67,Amortized surrogate,15.0,NLOS,15.547919368432627,1.9484756222490915,333.7737745,8.551328346241078,0.865909090909091
67,Analytical score,15.0,NLOS,15.547919368432627,1.457544651123023,268.883287,10.793582474057054,0.865909090909091
68,Amortized surrogate,-5.0,LOS,-4.671937575017665,409.8903336729821,57.367998,11.984909660324472,0.7363636363636363
68,Analytical score,-5.0,LOS,-4.671937575017665,397.58847978980884,44.034201,12.933031557677559,0.7681818181818182
68,Amortized surrogate,-5.0,MP,-4.637387556380772,68.7440248935896,58.09435475,20.204006744134546,0.7886363636363636
68,Analytical score,-5.0,MP,-4.637387556380772,63.157738755188674,41.85434075,16.21768893005086,0.8227272727272728
68,Amortized surrogate,-5.0,NLOS,-4.7427557852817595,67.45788095364858,58.3556525,13.323459431194038,0.740909090909091
68,Analytical score,-5.0,NLOS,-4.7427557852817595,67.60226677040956,42.361915,12.09210649072931,0.765909090909091
68,Amortized surrogate,5.0,LOS,5.352325342586136,0.45306775784995656,57.5989275,12.321607314838547,0.8409090909090908
68,Analytical score,5.0,LOS,5.352325342586136,1.188691620043146,40.895631,10.64542437007433,0.8409090909090908
68,Amortized surrogate,5.0,MP,5.312057426075755,7.11624026325332,61.5771315,9.997178525935185,0.8
68,Analytical score,5.0,MP,5.312057426075755,6.3293424933543285,56.472335,8.086016889498072,0.8
68,Amortized surrogate,5.0,NLOS,5.330328391192257,3.7121437117308074,61.1579455,10.17476061290567,0.8295454545454546
68,Analytical score,5.0,NLOS,5.330328391192257,3.565182179224049,43.2254815,9.022186676061892,0.8386363636363636
68,Amortized surrogate,15.0,LOS,15.013980249787174,9.392298600736202,65.85473725,10.00887012037202,0.7818181818181819
68,Analytical score,15.0,LOS,15.013980249787174,7.363980439765309,40.01199725,12.00128872120574,0.7977272727272728
68,Amortized surrogate,15.0,MP,15.553664280189698,77.96357683166391,58.2841085,14.60127437441877,0.8295454545454545
68,Analytical score,15.0,MP,15.553664280189698,1.1978250819737504,41.036742,9.534257934575487,0.8386363636363636
68,Amortized surrogate,15.0,NLOS,15.045835261329522,147.4106708282901,59.681841,7.295343983376812,0.8159090909090909
68,Analytical score,15.0,NLOS,15.045835261329522,172.75319391811936,42.05768725,7.197538051721168,0.8613636363636363
69,Amortized surrogate,-5.0,LOS,-5.063533024008101,148.016326797321,56.371831,13.379680711911107,0.7863636363636364
69,Analytical score,-5.0,LOS,-5.063533024008101,151.03415011283906,41.22937975,11.900278502515766,0.8045454545454546
69,Amortized surrogate,-5.0,MP,-5.255248646262799,116.8781638849941,55.700205,11.422427609056955,0.7772727272727273
69,Analytical score,-5.0,MP,-5.255248646262799,109.1667625754618,40.46634625,12.031594806659838,0.8272727272727273
69,Amortized surrogate,-5.0,NLOS,-4.909898709426406,4.444350415711002,58.300477,13.662327613284704,0.7068181818181818
69,Analytical score,-5.0,NLOS,-4.909898709426406,5.698998001918725,40.4362945,16.019150300900034,0.7272727272727274
69,Amortized surrogate,5.0,LOS,4.576086391507481,65.87334312354122,58.94459,26.03047910035999,0.8295454545454545
69,Analytical score,5.0,LOS,4.576086391507481,63.6589863895721,40.8569025,24.467483220644873,0.8409090909090909
69,Amortized surrogate,5.0,MP,5.33453334259907,38.63880845778889,62.97546275,12.203411008394491,0.8181818181818181
69,Analytical score,5.0,MP,5.33453334259907,38.52732566891384,39.71705825,5.302136763765442,0.8681818181818182
69,Amortized surrogate,5.0,NLOS,4.44194235798871,9.523314259768876,57.66434825,19.557183282541928,0.7681818181818182
69,Analytical score,5.0,NLOS,4.44194235798871,10.281268224496777,44.21802975,19.478082222006616,0.7636363636363637
69,Amortized surrogate,15.0,LOS,15.459308658680184,32.4707197876973,69.89826275,9.570535173371029,0.7704545454545454
69,Analytical score,15.0,LOS,15.459308658680184,71.57430449579239,41.18667175,9.569506216894275,0.7931818181818181
69,Amortized surrogate,15.0,MP,14.822766996082821,40.65370115443662,58.956142,5.0603544552279205,0.7863636363636364
69,Analytical score,15.0,MP,14.822766996082821,38.07428251283391,40.81451275,5.937044587628469,0.7886363636363637
69,Amortized surrogate,15.0,NLOS,14.874002744730594,14.467756766015047,59.069786,5.993385276640774,0.7818181818181819
69,Analytical score,15.0,NLOS,14.874002744730594,13.482798661686116,44.3410235,6.850424668349637,0.7772727272727273
70,Amortized surrogate,-5.0,LOS,-5.245882370110748,17.71865203326651,55.0847165,15.673788371480116,0.7681818181818183
70,Analytical score,-5.0,LOS,-5.245882370110748,4.580102677081959,39.83665475,28.40486082210837,0.7999999999999999
70,Amortized surrogate,-5.0,MP,-4.888196854161228,261.60111387619014,55.7004355,7.761649606589587,0.7931818181818182
70,Analytical score,-5.0,MP,-4.888196854161228,114.31734137692065,38.80854,7.373875287303343,0.8204545454545454
70,Amortized surrogate,-5.0,NLOS,-4.757016801263827,16.38617380393197,58.91208925,25.184542044250342,0.8136363636363636
70,Analytical score,-5.0,NLOS,-4.757016801263827,17.018020679224286,38.98792225,25.814684719737887,0.8295454545454545
70,Amortized surrogate,5.0,LOS,4.387388455519256,8.528081925304871,60.7046245,15.317007157646394,0.7477272727272727
70,Analytical score,5.0,LOS,4.387388455519256,1.1823442786579261,43.476494,22.94644137739746,0.7795454545454545
70,Amortized surrogate,5.0,MP,4.897836943510761,10.246684229642767,57.71406675,17.357880662851205,0.7636363636363637
70,Analytical score,5.0,MP,4.897836943510761,10.119439234784702,42.71021725,15.86481019528226,0.775
70,Amortized surrogate,5.0,NLOS,4.832713413360387,12.465547420437922,57.3150505,20.616024032063294,0.7977272727272727
70,Analytical score,5.0,NLOS,4.832713413360387,12.584490267565391,42.43948,24.680215381958952,0.8227272727272728
70,Amortized surrogate,15.0,LOS,14.656487376548931,27.628978509834266,55.743594,5.774928067112235,0.7522727272727272
70,Analytical score,15.0,LOS,14.656487376548931,50.976004510976665,45.43459225,10.662799339248302,0.7840909090909091
70,Amortized surrogate,15.0,MP,15.1940025277578,5.812029515408524,59.566152,14.34919399333449,0.8250000000000001
70,Analytical score,15.0,MP,15.1940025277578,31.014309430540923,40.8722255,16.931236756981896,0.8318181818181818
70,Amortized surrogate,15.0,NLOS,14.733327323515116,1.2778335759089001,65.6726915,10.782277802802504,0.7954545454545454
70,Analytical score,15.0,NLOS,14.733327323515116,207.55773742101985,41.48988275,22.46030876616848,0.7727272727272727
71,Amortized surrogate,-5.0,LOS,-4.586252021371761,81.84594178063494,58.147953,13.729186795143116,0.7727272727272727
71,Analytical score,-5.0,LOS,-4.586252021371761,79.366262883617,42.97014325,17.994107004151488,0.8022727272727274
71,Amortized surrogate,-5.0,MP,-5.450178227340833,172.19267427330428,59.96404025,15.361729883554238,0.7772727272727272
71,Analytical score,-5.0,MP,-5.450178227340833,174.48090260753392,44.51394425,12.392350988764173,0.740909090909091
71,Amortized surrogate,-5.0,NLOS,-5.251111203128465,107.0324078825744,57.5513825,4.762792180981889,0.7977272727272727
71,Analytical score,-5.0,NLOS,-5.251111203128465,232.84505078990784,39.49358325,12.992716944874765,0.7772727272727272
71,Amortized surrogate,5.0,LOS,4.771100850921326,16.357057222390434,61.13978775,24.165196715786944,0.8409090909090909
71,Analytical score,5.0,LOS,4.771100850921326,15.061016253139648,43.542458,21.033668050802554,0.8386363636363636
71,Amortized surrogate,5.0,MP,6.009304369900573,28.40600047448408,59.80674425,12.76974046707205,0.7977272727272727
71,Analytical score,5.0,MP,6.009304369900573,31.670812887150657,43.63862,13.129020211596522,0.8
71,Amortized surrogate,5.0,NLOS,4.14357142193476,9.495788755378932,60.92943,7.035845303253844,0.7772727272727272
71,Analytical score,5.0,NLOS,4.14357142193476,8.836609184830605,44.82329025,6.470305255525515,0.7840909090909091
71,Amortized surrogate,15.0,LOS,14.812708072629565,63.193647343729644,56.9657575,18.64841873088202,0.8022727272727272
71,Analytical score,15.0,LOS,14.812708072629565,58.864419578523204,39.30026075,14.88803491278525,0.8045454545454546
71,Amortized surrogate,15.0,MP,15.917282035782865,0.4612506910996551,55.7413665,18.06967418335738,0.8340909090909091
71,Analytical score,15.0,MP,15.917282035782865,0.6746915358020873,39.698358,18.16015062821302,0.8431818181818181
71,Amortized surrogate,15.0,NLOS,14.98304628220742,7.496020318068813,60.4698155,15.661600307993936,0.8045454545454546
71,Analytical score,15.0,NLOS,14.98304628220742,10.17722366416973,41.99331575,11.85124039757639,0.8272727272727273
72,Amortized surrogate,-5.0,LOS,-4.431589283748318,189.7740060386093,60.79782825,13.550101655491313,0.6977272727272728
72,Analytical score,-5.0,LOS,-4.431589283748318,181.3746014577,43.74927575,14.293413680675728,0.7340909090909091
72,Amortized surrogate,-5.0,MP,-5.262370671760715,325.057322652144,59.55277625,13.414798337117283,0.8318181818181819
72,Analytical score,-5.0,MP,-5.262370671760715,297.4854718863555,46.19651425,5.481163512497476,0.7431818181818183
72,Amortized surrogate,-5.0,NLOS,-5.019360880273245,6.838020743743106,59.659,7.498545518813905,0.775
72,Analytical score,-5.0,NLOS,-5.019360880273245,1.5689092273466365,39.71388225,12.316338352529465,0.8
72,Amortized surrogate,5.0,LOS,5.147380279188267,46.34810910387894,60.48054,9.801520783148424,0.6931818181818181
72,Analytical score,5.0,LOS,5.147380279188267,54.33522592486317,39.2118425,11.09661181998869,0.7477272727272727
72,Amortized surrogate,5.0,MP,4.791320857893292,1.9191809215304612,70.289004,16.51147449669533,0.75
72,Analytical score,5.0,MP,4.791320857893292,1.3475210910779758,42.4893365,17.167687247810115,0.7977272727272726
72,Amortized surrogate,5.0,NLOS,4.7297822041306254,19.04767648312689,56.348718,15.481684315021592,0.7772727272727272
72,Analytical score,5.0,NLOS,4.7297822041306254,20.814099794113545,39.8444835,16.544759688821387,0.8181818181818181
72,Amortized surrogate,15.0,LOS,14.839809439640721,10.87861515164016,60.60501475,12.56453075440048,0.7772727272727273
72,Analytical score,15.0,LOS,14.839809439640721,1.0208476654801077,38.51367225,13.406115751664965,0.825
72,Amortized surrogate,15.0,MP,14.779693793888718,14.947815261534274,60.3262425,15.31984939297599,0.8159090909090909
72,Analytical score,15.0,MP,14.779693793888718,14.637706505429044,44.05873225,19.61998383410841,0.8522727272727273
72,Amortized surrogate,15.0,NLOS,14.518068155676938,0.19090666262329986,63.925744,16.950702923953184,0.7704545454545455
72,Analytical score,15.0,NLOS,14.518068155676938,1.1460344235886808,42.363283,11.495241467530153,0.7772727272727272
73,Amortized surrogate,-5.0,LOS,-5.081194752387219,28.560362152333536,66.8883735,16.01594104554526,0.8045454545454546
73,Analytical score,-5.0,LOS,-5.081194752387219,29.711615762661474,45.98366375,25.138660157825697,0.8295454545454546
73,Amortized surrogate,-5.0,MP,-5.234246219455566,10.354167216254146,58.870952,13.445508603020981,0.7454545454545455
73,Analytical score,-5.0,MP,-5.234246219455566,3.480042355647976,44.91365225,13.637115705981763,0.7431818181818182
73,Amortized surrogate,-5.0,NLOS,-5.146211997511286,68.82079349565737,65.20796975,19.596954757494693,0.7886363636363636
73,Analytical score,-5.0,NLOS,-5.146211997511286,24.665112627384012,44.35862825,16.843316388357483,0.775
73,Amortized surrogate,5.0,LOS,4.816140725878407,57.68815135286733,68.18355475,14.24292432899576,0.8068181818181819
73,Analytical score,5.0,LOS,4.816140725878407,12.068033922380717,39.8207405,12.536589417968216,0.8204545454545454
73,Amortized surrogate,5.0,MP,5.030945243443807,15.920359795730212,63.39670925,13.571395236678722,0.8136363636363636
73,Analytical score,5.0,MP,5.030945243443807,4.3348763254159435,39.522707,19.767453341029835,0.8113636363636364
73,Amortized surrogate,5.0,NLOS,4.994291332968929,4.334915184847396,58.280493,15.91320503560312,0.75
73,Analytical score,5.0,NLOS,4.994291332968929,5.057736363237577,45.338905,15.228331607622858,0.7522727272727272
73,Amortized surrogate,15.0,LOS,14.439459619349314,3.7294575009702005,59.03971375,10.038416227715977,0.8363636363636364
73,Analytical score,15.0,LOS,14.439459619349314,4.53180105119068,40.46007975,14.01215366321103,0.8522727272727273
73,Amortized surrogate,15.0,MP,14.912898314500646,6.767717628251126,59.618902,17.568526290844147,0.7840909090909091
73,Analytical score,15.0,MP,14.912898314500646,17.55744493023311,41.87798925,18.161409378992076,0.7999999999999999
73,Amortized surrogate,15.0,NLOS,14.901054255764738,7.525704744624572,65.01939775,18.77543607061475,0.8340909090909091
73,Analytical score,15.0,NLOS,14.901054255764738,6.208520861992804,40.44982175,22.125954155410334,0.8431818181818183
74,Amortized surrogate,-5.0,LOS,-4.790490381900669,84.82671791549159,59.60039725,10.76116599651705,0.75
74,Analytical score,-5.0,LOS,-4.790490381900669,79.44777085519401,49.398975,11.86835269655683,0.7636363636363637
74,Amortized surrogate,-5.0,MP,-4.760278751633661,21.18649121902985,57.8437035,20.862192588007314,0.7659090909090909
74,Analytical score,-5.0,MP,-4.760278751633661,11.30434212061463,44.1101105,19.080890336340328,0.7840909090909092
74,Amortized surrogate,-5.0,NLOS,-4.6908451184530975,116.37494134061772,60.15566125,17.83937434082251,0.8386363636363636
74,Analytical score,-5.0,NLOS,-4.6908451184530975,89.7701641994812,40.63675075,20.04515165205765,0.8113636363636364
74,Amortized surrogate,5.0,LOS,4.571195329108776,1.301412155714166,59.814533,16.695202031336123,0.7340909090909091
74,Analytical score,5.0,LOS,4.571195329108776,1.2188556961532564,41.63548475,18.292319335968966,0.7545454545454545
74,Amortized surrogate,5.0,MP,4.639701048147688,11.107143648869574,64.08155875,22.202941802806976,0.7318181818181819
74,Analytical score,5.0,MP,4.639701048147688,11.317220270879693,42.2086855,23.25209231626049,0.7659090909090909
74,Amortized surrogate,5.0,NLOS,5.719692742201485,8.445522913354054,58.91415325,10.052491641946297,0.7818181818181819
74,Analytical score,5.0,NLOS,5.719692742201485,12.16737312595448,40.73586475,14.33959163621632,0.8113636363636363
74,Amortized surrogate,15.0,LOS,15.091927325586408,5.850907919660831,60.3628135,19.070500593819506,0.7795454545454545
74,Analytical score,15.0,LOS,15.091927325586408,4.095778851521828,43.692563,17.259172961439727,0.8090909090909091
74,Amortized surrogate,15.0,MP,15.133911356438908,4.225907273455444,57.0750265,26.44728498281583,0.815909090909091
74,Analytical score,15.0,MP,15.133911356438908,4.1706549354408615,41.514491,27.223215501468303,0.8136363636363637
74,Amortized surrogate,15.0,NLOS,14.979248203425799,9.287041478451222,58.41921775,21.03563437950309,0.7545454545454544
74,Analytical score,15.0,NLOS,14.979248203425799,15.501767711227103,39.7848385,17.688871061707996,0.7840909090909092
75,Amortized surrogate,-5.0,LOS,-5.028407590615556,52.25138934869089,58.58413425,4.332511467539924,0.85
75,Analytical score,-5.0,LOS,-5.028407590615556,57.98907668542755,40.51567075,8.248737592400396,0.8886363636363636
75,Amortized surrogate,-5.0,MP,-5.311182140528528,229.29051005962071,58.95234525,10.328211876778603,0.7840909090909091
75,Analytical score,-5.0,MP,-5.311182140528528,207.91683117636353,41.70588275,11.783605650588514,0.8295454545454546
75,Amortized surrogate,-5.0,NLOS,-4.691877806335045,326.9643229582161,57.45041575,11.869035422160593,0.8113636363636364
75,Analytical score,-5.0,NLOS,-4.691877806335045,292.86271968841237,42.098332,11.55297173659589,0.8136363636363636
75,Amortized surrogate,5.0,LOS,5.160678528070366,64.94422115971372,57.54110425,17.222873806130075,0.8386363636363636
75,Analytical score,5.0,LOS,5.160678528070366,63.98820581936893,43.05940125,16.23720426313723,0.8499999999999999
75,Amortized surrogate,5.0,MP,5.227654291843697,7.938223534683848,60.77663275,10.678670081375238,0.8113636363636364
75,Analytical score,5.0,MP,5.227654291843697,13.86857718095831,40.47883525,10.076920041099473,0.8659090909090909
75,Amortized surrogate,5.0,NLOS,5.474769960830606,10.904352939457766,59.30090975,5.642575903285892,0.775
75,Analytical score,5.0,NLOS,5.474769960830606,35.32548109842349,40.687114,12.106504830087353,0.834090909090909
75,Amortized surrogate,15.0,LOS,14.667915172549293,1.8866547301021215,62.6489645,8.575440915972136,0.8181818181818181
75,Analytical score,15.0,LOS,14.667915172549293,121.01097882863154,40.4375995,10.858389909552002,0.8636363636363635
75,Amortized surrogate,15.0,MP,14.95176292596055,129.58711387413797,60.51030325,15.062178719993254,0.8181818181818182
75,Analytical score,15.0,MP,14.95176292596055,6.547677606193823,40.631256,10.501854031650755,0.8295454545454546
75,Amortized surrogate,15.0,NLOS,14.958534107534113,8.223782184519381,58.5991395,7.398122423233847,0.8409090909090909
75,Analytical score,15.0,NLOS,14.958534107534113,10.955665952137835,42.6643435,6.65888876541033,0.8545454545454545
76,Amortized surrogate,-5.0,LOS,-5.119182074620453,62.2273047386848,56.90146475,11.413249648536192,0.7840909090909092
76,Analytical score,-5.0,LOS,-5.119182074620453,69.46405720971894,40.982952,14.645463344681989,0.8227272727272728
76,Amortized surrogate,-5.0,MP,-4.809137576603645,84.07286417036796,53.890707,17.26418913550548,0.7022727272727273
76,Analytical score,-5.0,MP,-4.809137576603645,87.52457455181536,40.49858975,21.733561567839565,0.7386363636363636
76,Amortized surrogate,-5.0,NLOS,-4.652561888953528,99.3230198763541,59.2853375,12.550969436141356,0.6636363636363636
76,Analytical score,-5.0,NLOS,-4.652561888953528,1.452744276766945,40.11918225,18.229020289246304,0.7522727272727273
76,Amortized surrogate,5.0,LOS,4.934231706580649,69.07911088681497,59.99727075,21.871869509217365,0.7545454545454546
76,Analytical score,5.0,LOS,4.934231706580649,98.24550598993532,39.18768,14.774644163229748,0.8068181818181819
76,Amortized surrogate,5.0,MP,5.098564112966479,0.6956584891552317,57.2808645,14.541231437746433,0.7704545454545455
76,Analytical score,5.0,MP,5.098564112966479,0.8614202054958813,39.647416,21.02600753907235,0.8295454545454546
76,Amortized surrogate,5.0,NLOS,4.299805700538368,1.1887900233379367,60.26565425,13.796217425961299,0.7363636363636363
76,Analytical score,5.0,NLOS,4.299805700538368,1.330862707038707,40.04813975,22.130015625992467,0.7727272727272727
76,Amortized surrogate,15.0,LOS,14.592392618683611,2.2206969805480967,63.56234825,11.754627555280177,0.7431818181818182
76,Analytical score,15.0,LOS,14.592392618683611,1.719047121818973,45.08721325,17.335930051775357,0.8181818181818181
76,Amortized surrogate,15.0,MP,15.083859088922452,1.9013170648018907,60.72711275,18.61104069666399,0.7681818181818181
76,Analytical score,15.0,MP,15.083859088922452,2.7398692869785943,46.019259,14.167986904174214,0.825
76,Amortized surrogate,15.0,NLOS,15.398792762789924,8.746763404169043,60.22411025,8.668037158644536,0.7681818181818183
76,Analytical score,15.0,NLOS,15.398792762789924,11.178610782628631,41.77040925,10.153625709022222,0.8272727272727273
77,Amortized surrogate,-5.0,LOS,-5.794135766925806,22.77786300575298,56.85739525,25.196175030275253,0.7704545454545455
77,Analytical score,-5.0,LOS,-5.794135766925806,22.444231082410912,39.25093975,23.72365512855545,0.7886363636363636
77,Amortized surrogate,-5.0,MP,-4.950503479744977,193.80293151568378,58.675243,11.348142649319108,0.7386363636363636
77,Analytical score,-5.0,MP,-4.950503479744977,189.28196890463033,40.11073575,15.048092338044102,0.759090909090909
77,Amortized surrogate,-5.0,NLOS,-4.8282019261136995,40.202401523165896,57.9978735,20.285314593493695,0.790909090909091
77,Analytical score,-5.0,NLOS,-4.8282019261136995,41.40716096844488,41.4588005,20.320878817280903,0.8181818181818182
77,Amortized surrogate,5.0,LOS,5.470854591375547,50.387909272281135,69.00520325,11.446227134526875,0.8022727272727272
77,Analytical score,5.0,LOS,5.470854591375547,35.23859192478172,58.5847475,13.607976100555163,0.8363636363636364
77,Amortized surrogate,5.0,MP,5.233618278065385,1.521991465251633,58.830699,15.887699106059564,0.790909090909091
77,Analytical score,5.0,MP,5.233618278065385,2.495371797334048,44.420989,22.180210590964062,0.8113636363636363
77,Amortized surrogate,5.0,NLOS,5.13009231486286,4.45590191688505,60.762424,12.517637628400761,0.7613636363636364
77,Analytical score,5.0,NLOS,5.13009231486286,3.7057303421426524,45.00922325,14.864458596478297,0.7545454545454545
77,Amortized surrogate,15.0,LOS,14.253678448890966,2.3217088104557058,71.1488455,8.358743035539646,0.7772727272727272
77,Analytical score,15.0,LOS,14.253678448890966,2.571633433516553,48.6170925,10.689255412941526,0.8022727272727272
77,Amortized surrogate,15.0,MP,14.644626872410287,6.823923206808678,58.577856,16.921887434305457,0.7909090909090909
77,Analytical score,15.0,MP,14.644626872410287,5.861767236315945,43.936524,17.699533780630812,0.8136363636363636
77,Amortized surrogate,15.0,NLOS,14.958671072948203,1.5103824035531748,62.0079565,21.053897994773948,0.8
77,Analytical score,15.0,NLOS,14.958671072948203,0.9874660789206794,49.882054,12.23815358455021,0.8181818181818181
78,Amortized surrogate,-5.0,LOS,-3.885742063150163,367.414077734982,56.61361925,11.997635232934485,0.7749999999999999
78,Analytical score,-5.0,LOS,-3.885742063150163,404.2456418240888,41.70399825,8.935173266300161,0.7886363636363636
78,Amortized surrogate,-5.0,MP,-4.9780777616931005,614.5417636857147,62.63834275,9.512043097423627,0.8022727272727272
78,Analytical score,-5.0,MP,-4.9780777616931005,468.91369128289887,42.22522025,13.809253318761211,0.8363636363636363
78,Amortized surrogate,-5.0,NLOS,-4.698620064141188,378.10010593064453,62.2084095,5.1333955779774145,0.7704545454545455
78,Analytical score,-5.0,NLOS,-4.698620064141188,367.86880867974,39.533062,7.862561207611319,0.7795454545454545
78,Amortized surrogate,5.0,LOS,4.596145967722467,43.62213306675029,58.12022675,16.9602224645535,0.7681818181818181
78,Analytical score,5.0,LOS,4.596145967722467,100.86039955771757,41.62446325,7.539787616126816,0.7977272727272727
78,Amortized surrogate,5.0,MP,4.188252894002119,17.703063021076478,60.648231,21.538094877325154,0.7977272727272728
78,Analytical score,5.0,MP,4.188252894002119,4.3174555916097255,41.22573775,13.08929794635448,0.8454545454545455
78,Amortized surrogate,5.0,NLOS,4.7575477220853415,181.47618003172417,62.90353175,21.17146306393873,0.7659090909090909
78,Analytical score,5.0,NLOS,4.7575477220853415,181.78318972827344,41.34402075,19.350983878620177,0.7886363636363636
78,Amortized surrogate,15.0,LOS,14.650040396317692,0.39034777481677774,58.72040225,16.49257592369436,0.8113636363636363
78,Analytical score,15.0,LOS,14.650040396317692,14.727570723632278,42.82984825,17.428694746773328,0.8454545454545453
78,Amortized surrogate,15.0,MP,15.027823995331921,7.326421989350294,59.389765,12.789208229220113,0.8090909090909091
78,Analytical score,15.0,MP,15.027823995331921,7.68568375915453,42.42507275,11.075160285944351,0.8340909090909092
78,Amortized surrogate,15.0,NLOS,14.808861507988455,131.5642359152132,58.5398945,6.242612976466436,0.740909090909091
78,Analytical score,15.0,NLOS,14.808861507988455,184.76798048962527,41.3562965,9.32143247120969,0.759090909090909
79,Amortized surrogate,-5.0,LOS,-4.903005866691962,55.73446927744783,58.1520035,9.397981976186218,0.7795454545454545
79,Analytical score,-5.0,LOS,-4.903005866691962,45.987471868770136,40.3979595,9.317224862065007,0.8045454545454546
79,Amortized surrogate,-5.0,MP,-4.954459396286582,74.86202493895114,64.48413675,23.613124261040873,0.7295454545454545
79,Analytical score,-5.0,MP,-4.954459396286582,66.47550125895262,39.1818495,21.99612085448315,0.7613636363636362
79,Amortized surrogate,-5.0,NLOS,-5.165304700981945,53.07745857588696,55.90621025,19.24519910400896,0.6454545454545455
79,Analytical score,-5.0,NLOS,-5.165304700981945,55.96880314457087,42.146129,17.68178431487818,0.6772727272727272
79,Amortized surrogate,5.0,LOS,5.0605955449481055,6.609976988371681,58.11204925,26.59090621227987,0.7727272727272727
79,Analytical score,5.0,LOS,5.0605955449481055,1.7527246009399715,41.478801,28.031958811332245,0.75
79,Amortized surrogate,5.0,MP,5.119819442849427,59.61567702925882,57.43433175,13.63494641542972,0.7772727272727273
79,Analytical score,5.0,MP,5.119819442849427,13.849346052017866,41.88731275,15.37610785193608,0.8045454545454546
79,Amortized surrogate,5.0,NLOS,4.883639305346891,22.428720840696123,55.83518325,6.017991328490686,0.7681818181818182
79,Analytical score,5.0,NLOS,4.883639305346891,25.981713862354855,40.5107625,9.627713008866127,0.8159090909090909
79,Amortized surrogate,15.0,LOS,15.644037481951635,7.601166044276031,60.62492775,19.03949479879632,0.8136363636363636
79,Analytical score,15.0,LOS,15.644037481951635,7.095184003542011,47.2777975,18.96784131633685,0.8181818181818181
79,Amortized surrogate,15.0,MP,15.233311805057056,0.3220638004801381,57.05311425,23.00481034125881,0.7772727272727273
79,Analytical score,15.0,MP,15.233311805057056,4.72626672974002,47.322358,18.92071421611589,0.775
79,Amortized surrogate,15.0,NLOS,15.00946095419881,4.237913897647636,59.15144575,19.988355097024428,0.7818181818181819
79,Analytical score,15.0,NLOS,15.00946095419881,36.05465646224841,38.67765475,14.728719054848504,0.7545454545454546
80,Amortized surrogate,-5.0,LOS,-4.730965207361117,360.74587436012337,54.906455,16.65315235970964,0.7772727272727272
80,Analytical score,-5.0,LOS,-4.730965207361117,364.62376478283045,38.62248,16.475097457111794,0.7727272727272727
80,Amortized surrogate,-5.0,MP,-5.258837220791783,31.614612682922633,56.7740335,18.033097584932722,0.8318181818181818
80,Analytical score,-5.0,MP,-5.258837220791783,11.345376615676745,39.752807,29.44342826522883,0.7931818181818182
80,Amortized surrogate,-5.0,NLOS,-4.937055545316694,38.55605810384156,56.09130725,14.653710014202822,0.7999999999999999
80,Analytical score,-5.0,NLOS,-4.937055545316694,79.370147523515,39.571064,25.040332279311322,0.7613636363636365
80,Amortized surrogate,5.0,LOS,5.37438444372516,0.6070484427712073,61.51159725,27.216744424322265,0.775
80,Analytical score,5.0,LOS,5.37438444372516,0.42705534151167995,38.75309175,29.909510339052535,0.7954545454545455
80,Amortized surrogate,5.0,MP,4.395641781912336,6.407115626751697,57.05975275,16.779990572325854,0.775
80,Analytical score,5.0,MP,4.395641781912336,4.934598395889688,39.73689875,23.073033166711014,0.7818181818181817
80,Amortized surrogate,5.0,NLOS,4.704428797375123,5.301391399588551,56.044129,32.1444636990484,0.7613636363636364
80,Analytical score,5.0,NLOS,4.704428797375123,7.483553921242817,41.3759375,32.728856935817284,0.7931818181818182
80,Amortized surrogate,15.0,LOS,15.178539740857692,3.3399610387882035,57.06627475,18.579323474506236,0.75
80,Analytical score,15.0,LOS,15.178539740857692,2.7223152859722313,39.9992545,23.67044251448893,0.7818181818181817
80,Amortized surrogate,15.0,MP,14.66641764835006,2.6391389479009932,55.74782675,20.868288908600526,0.7545454545454545
80,Analytical score,15.0,MP,14.66641764835006,1.768546259733316,39.23420675,22.947558881197704,0.8
80,Amortized surrogate,15.0,NLOS,14.336151024559847,5.806364141969244,58.864665,11.963844029379679,0.7636363636363637
80,Analytical score,15.0,NLOS,14.336151024559847,10.274613172132069,39.557957,14.32327731235257,0.790909090909091
81,Amortized surrogate,-5.0,LOS,-4.606551657792216,85.27902806199248,61.6466015,14.033726712452058,0.8045454545454546
81,Analytical score,-5.0,LOS,-4.606551657792216,89.63595231638573,44.243026,15.340316138433856,0.8431818181818183
81,Amortized surrogate,-5.0,MP,-5.647940174807298,344.6864151851272,65.13440625,13.6089097047691,0.8068181818181818
81,Analytical score,-5.0,MP,-5.647940174807298,365.58785350824553,46.77112075,10.504511749573394,0.8318181818181818
81,Amortized surrogate,-5.0,NLOS,-5.407189674943148,208.64715370756915,74.01232275,13.621024948581317,0.8045454545454545
81,Analytical score,-5.0,NLOS,-5.407189674943148,218.98834109575043,41.95643675,12.087504858045884,0.8090909090909091
81,Amortized surrogate,5.0,LOS,4.47566300618221,102.49524001139505,73.5534155,12.744725247964661,0.8136363636363635
81,Analytical score,5.0,LOS,4.47566300618221,8.328597077519104,46.40540225,11.922961585316749,0.8159090909090909
81,Amortized surrogate,5.0,MP,5.455966030826245,6.806052186087444,66.04160725,13.969113424626222,0.8568181818181819
81,Analytical score,5.0,MP,5.455966030826245,7.771096399454252,52.51090225,15.688567189473575,0.8636363636363636
81,Amortized surrogate,5.0,NLOS,5.296593758202873,9.222155974581014,64.18243025,8.32981479682382,0.8318181818181818
81,Analytical score,5.0,NLOS,5.296593758202873,8.709632342166392,43.02143075,11.30574965159822,0.8613636363636364
81,Amortized surrogate,15.0,LOS,15.144582647128042,3.166101441444701,54.88990575,10.497082128960711,0.8136363636363636
81,Analytical score,15.0,LOS,15.144582647128042,1.548112873956143,39.345675,10.069010978295465,0.8227272727272728
81,Amortized surrogate,15.0,MP,14.311633549977769,0.7701602018517004,56.62445775,14.988172762378134,0.8568181818181818
81,Analytical score,15.0,MP,14.311633549977769,1.0195198524319218,39.135486,16.926143087372083,0.8795454545454545
81,Amortized surrogate,15.0,NLOS,15.303524000051157,4.793530479219719,57.9040085,7.481736897122346,0.8727272727272727
81,Analytical score,15.0,NLOS,15.303524000051157,4.2113657876404424,43.641343,8.174398392439626,0.8659090909090909
82,Amortized surrogate,-5.0,LOS,-4.950660169375216,142.52227383025382,58.082651,20.918764555331233,0.8227272727272728
82,Analytical score,-5.0,LOS,-4.950660169375216,148.22283466839522,42.56333025,21.484403476645355,0.8272727272727273
82,Amortized surrogate,-5.0,MP,-4.7967038275043725,38.61748566440051,57.067535,11.180179243361398,0.7022727272727273
82,Analytical score,-5.0,MP,-4.7967038275043725,10.790257290964766,43.5995925,23.789325830869203,0.7454545454545455
82,Amortized surrogate,-5.0,NLOS,-4.295480848117915,125.71410174182054,59.6269125,18.945192439763083,0.7431818181818182
82,Analytical score,-5.0,NLOS,-4.295480848117915,130.35298256040758,48.62343975,13.741082186244073,0.7636363636363637
82,Amortized surrogate,5.0,LOS,4.965458409683897,2.374068268271751,64.972581,32.42193195849713,0.7522727272727272
82,Analytical score,5.0,LOS,4.965458409683897,2.3209167274127016,43.469786,30.266305513179354,0.7750000000000001
82,Amortized surrogate,5.0,MP,4.764251779767351,2.0292501861915846,58.0457565,32.112508564117256,0.7749999999999999
82,Analytical score,5.0,MP,4.764251779767351,1.9252212151450605,44.89419575,36.409527366609325,0.7727272727272726
82,Amortized surrogate,5.0,NLOS,4.40637174845218,18.466141903812353,60.62761725,11.927526422548045,0.7454545454545454
82,Analytical score,5.0,NLOS,4.40637174845218,13.523722984694798,42.2074905,17.755799339293905,0.7545454545454545
82,Amortized surrogate,15.0,LOS,14.57896492321437,0.3328952376742489,61.12555225,26.797498767831776,0.8181818181818181
82,Analytical score,15.0,LOS,14.57896492321437,0.4223584545743698,43.10954925,24.944818381888528,0.8181818181818181
82,Amortized surrogate,15.0,MP,15.457594491668855,0.4351638409779576,58.01511,30.09525396333195,0.7818181818181817
82,Analytical score,15.0,MP,15.457594491668855,0.4983607566431672,40.03049725,28.651639053152103,0.7999999999999999
82,Amortized surrogate,15.0,NLOS,14.603478095319577,29.53252186771509,66.116746,19.173247448005473,0.7636363636363637
82,Analytical score,15.0,NLOS,14.603478095319577,29.93400121128794,41.08638575,19.14646427748452,0.7863636363636364
83,Amortized surrogate,-5.0,LOS,-4.669793353460292,54.10360699886659,57.44768875,22.412016037538585,0.7181818181818181
83,Analytical score,-5.0,LOS,-4.669793353460292,52.95961493283943,47.588257,20.559340510999263,0.734090909090909
83,Amortized surrogate,-5.0,MP,-4.6565113767250885,165.3661589508584,59.1355725,4.4235006536412005,0.8204545454545454
83,Analytical score,-5.0,MP,-4.6565113767250885,170.13751317796715,40.68953,4.764727637729788,0.8318181818181819
83,Amortized surrogate,-5.0,NLOS,-4.92144260079149,31.47507530269253,58.25380125,17.960324684579213,0.7840909090909091
83,Analytical score,-5.0,NLOS,-4.92144260079149,39.17264822050037,39.2512795,20.219937554043636,0.7977272727272727
83,Amortized surrogate,5.0,LOS,4.782723689332686,1.8004604885226658,64.0515845,14.941522440556867,0.8181818181818182
83,Analytical score,5.0,LOS,4.782723689332686,2.210759144286054,42.6192455,14.331578741207185,0.8227272727272726
83,Amortized surrogate,5.0,MP,4.614035750949536,11.946381560240752,67.016876,14.99183274862397,0.8136363636363636
83,Analytical score,5.0,MP,4.614035750949536,69.13250553929832,42.679934,10.406104338028463,0.8477272727272727
83,Amortized surrogate,5.0,NLOS,5.336135629372971,6.727084139649103,61.58922025,7.493476238993535,0.8295454545454546
83,Analytical score,5.0,NLOS,5.336135629372971,14.715122150749954,49.4052625,9.296835911385052,0.8431818181818183
83,Amortized surrogate,15.0,LOS,15.538548337799178,24.885479721841413,63.10865775,9.676571967364882,0.7931818181818182
83,Analytical score,15.0,LOS,15.538548337799178,26.18782795018077,42.8846525,8.820007263099663,0.7863636363636364
83,Amortized surrogate,15.0,MP,15.138255592950728,17.0824246081296,63.170558,9.663967432704466,0.7772727272727273
83,Analytical score,15.0,MP,15.138255592950728,19.90175593192751,46.46704975,11.482016803773092,0.8113636363636364
83,Amortized surrogate,15.0,NLOS,15.16885756961388,1.4053999626564624,61.27508525,10.78025032536467,0.759090909090909
83,Analytical score,15.0,NLOS,15.16885756961388,0.47376040621139215,41.76790675,18.348927580327008,0.8363636363636364
84,Amortized surrogate,-5.0,LOS,-3.9014313229863506,41.78426505815762,58.833824,24.80433699084293,0.7454545454545454
84,Analytical score,-5.0,LOS,-3.9014313229863506,32.58281809979149,41.03777025,21.179060227970634,0.7681818181818182
84,Amortized surrogate,-5.0,MP,-5.411898550236359,173.20554486207593,63.25131725,15.480497922921263,0.7795454545454545
84,Analytical score,-5.0,MP,-5.411898550236359,175.4549244523732,39.16614525,13.574873989517101,0.7704545454545455
84,Amortized surrogate,-5.0,NLOS,-4.451934243288889,107.3293385358954,55.28134125,11.005984231275306,0.7863636363636364
84,Analytical score,-5.0,NLOS,-4.451934243288889,65.00158759565664,39.0317315,18.113553872320374,0.7681818181818181
84,Amortized surrogate,5.0,LOS,5.195255066444591,22.91072490406099,58.476689,17.55041945531672,0.7454545454545454
84,Analytical score,5.0,LOS,5.195255066444591,21.695766622336635,39.4278495,14.578819767371133,0.7772727272727272
84,Amortized surrogate,5.0,MP,4.664061454003205,3.6697042438916467,57.8233665,10.097907343106838,0.7977272727272726
84,Analytical score,5.0,MP,4.664061454003205,4.058368744245742,40.0092045,11.996734479527559,0.7886363636363636
84,Amortized surrogate,5.0,NLOS,4.925252651320066,0.7042230560051761,58.361699,14.890337694647513,0.7386363636363636
84,Analytical score,5.0,NLOS,4.925252651320066,0.33013832966528095,42.23057975,29.34102479917093,0.7477272727272727
84,Amortized surrogate,15.0,LOS,14.923366109337648,1.314246154633327,58.7710545,12.199694885340804,0.7727272727272728
84,Analytical score,15.0,LOS,14.923366109337648,4.711890246622851,45.66998075,13.1750120251607,0.7931818181818182
84,Amortized surrogate,15.0,MP,15.100258029253204,13.386541280268894,59.277637,23.18550256022019,0.7954545454545454
84,Analytical score,15.0,MP,15.100258029253204,0.28282994653845916,41.6713635,25.285517650086412,0.8
84,Amortized surrogate,15.0,NLOS,15.17978402972836,0.8912495142191628,56.556157,26.43244971150702,0.8227272727272728
84,Analytical score,15.0,NLOS,15.17978402972836,0.4154765036362243,44.32811925,26.18116271108103,0.8136363636363636
85,Amortized surrogate,-5.0,LOS,-4.771708529509956,15.376160365450112,59.663585,16.33417840187155,0.7795454545454545
85,Analytical score,-5.0,LOS,-4.771708529509956,34.92645070921614,43.85935075,15.124136550234939,0.7886363636363636
85,Amortized surrogate,-5.0,MP,-5.518304280331092,28.78803667450959,70.32088575,15.141166490606789,0.8045454545454546
85,Analytical score,-5.0,MP,-5.518304280331092,97.30472853830364,41.06472975,21.887541146731373,0.8477272727272728
85,Amortized surrogate,-5.0,NLOS,-5.0709321569306365,244.48376061438137,64.86225075,11.242010037480124,0.7886363636363637
85,Analytical score,-5.0,NLOS,-5.0709321569306365,244.1536139587103,51.04444225,12.616264514727416,0.8318181818181818
85,Amortized surrogate,5.0,LOS,5.010312261543466,5.884751224211276,56.95362425,18.36715546955891,0.7795454545454545
85,Analytical score,5.0,LOS,5.010312261543466,2.122132076397824,39.6849215,16.12112801949643,0.7909090909090909
85,Amortized surrogate,5.0,MP,5.477791972166878,14.680372003760553,58.80983125,6.951758616573647,0.7795454545454545
85,Analytical score,5.0,MP,5.477791972166878,6.120922863615017,41.53638675,25.354678088335984,0.8136363636363636
85,Amortized surrogate,5.0,NLOS,5.8503492450280685,32.71470801925398,56.31767975,13.999736360135586,0.8113636363636363
85,Analytical score,5.0,NLOS,5.8503492450280685,28.85499347696873,40.3282345,16.412807722769436,0.8159090909090909
85,Amortized surrogate,15.0,LOS,15.690485030651162,20.863899955571135,56.7567995,15.628093755411898,0.7727272727272726
85,Analytical score,15.0,LOS,15.690485030651162,20.026560201665443,39.395036,18.528541973198063,0.7863636363636364
85,Amortized surrogate,15.0,MP,15.0209429858932,4.371542538963145,63.419671,17.70006847827424,0.7840909090909092
85,Analytical score,15.0,MP,15.0209429858932,4.485034878465816,38.80904275,13.944715028101042,0.8136363636363636
85,Amortized surrogate,15.0,NLOS,14.76426937124379,33.535963748858045,58.45855475,16.389622942349312,0.7636363636363637
85,Analytical score,15.0,NLOS,14.76426937124379,33.68384871806376,43.4330435,17.872574907504216,0.7727272727272727
86,Amortized surrogate,-5.0,LOS,-5.268746453834226,118.5373335013047,66.88621725,14.506554101411014,0.7954545454545455
86,Analytical score,-5.0,LOS,-5.268746453834226,100.68544807997665,45.92447175,12.118571677626417,0.7954545454545454
86,Amortized surrogate,-5.0,MP,-4.694131241928774,221.38253169387988,66.40020925,16.754860557435205,0.8363636363636364
86,Analytical score,-5.0,MP,-4.694131241928774,222.6745961555089,43.281473,15.611991525021471,0.8272727272727274
86,Amortized surrogate,-5.0,NLOS,-4.492786954392146,67.74384156388655,77.68777425,5.72916223218029,0.8113636363636364
86,Analytical score,-5.0,NLOS,-4.492786954392146,66.54710745642109,48.7873385,10.388116860527361,0.8318181818181818
86,Amortized surrogate,5.0,LOS,4.959244215165359,9.631737389601184,72.4957435,12.711844170634585,0.8045454545454545
86,Analytical score,5.0,LOS,4.959244215165359,10.567618143430977,48.0676015,11.905199074881146,0.8181818181818181
86,Amortized surrogate,5.0,MP,5.137439806912494,9.531433876156381,65.985592,16.01812347759946,0.7818181818181817
86,Analytical score,5.0,MP,5.137439806912494,8.426294301381368,49.71108525,17.256425026740708,0.7999999999999999
86,Amortized surrogate,5.0,NLOS,5.203422921231436,8.553259168645756,69.404768,6.455323522898098,0.7636363636363637
86,Analytical score,5.0,NLOS,5.203422921231436,7.8947484377327335,52.32412825,5.686774454846148,0.8090909090909092
86,Amortized surrogate,15.0,LOS,15.318008438208192,8.980683983800503,64.6058935,8.257458506119267,0.7454545454545455
86,Analytical score,15.0,LOS,15.318008438208192,8.80468720018451,46.632844,10.167760637748582,0.8113636363636363
86,Amortized surrogate,15.0,MP,15.405370834345645,4.943883941457342,67.99943375,10.657006008369454,0.8363636363636363
86,Analytical score,15.0,MP,15.405370834345645,0.4890655388092174,44.311744,17.294800313835395,0.8136363636363636
86,Amortized surrogate,15.0,NLOS,15.242876660303036,3.403472887605421,68.57341675,17.422890115370482,0.7931818181818182
86,Analytical score,15.0,NLOS,15.242876660303036,8.769797826441755,48.857051,19.312407812114678,0.85
87,Amortized surrogate,-5.0,LOS,-5.003947431764692,60.19297195188534,78.77613925,22.3978229409368,0.7863636363636364
87,Analytical score,-5.0,LOS,-5.003947431764692,58.77125623918369,56.73323675,23.951810942498927,0.8272727272727273
87,Amortized surrogate,-5.0,MP,-5.69268938245502,57.82376953288104,66.548282,13.375018803670232,0.7704545454545455
87,Analytical score,-5.0,MP,-5.69268938245502,53.564438144744294,56.47306775,12.877954557039004,0.8295454545454546
87,Amortized surrogate,-5.0,NLOS,-4.657763405878593,251.64981760370637,66.9114055,8.489831126970053,0.8613636363636364
87,Analytical score,-5.0,NLOS,-4.657763405878593,342.1057496457708,53.27697475,15.490619048297127,0.8363636363636363
87,Amortized surrogate,5.0,LOS,5.402428316449875,3.080915305559485,85.352752,13.065412224963474,0.8113636363636364
87,Analytical score,5.0,LOS,5.402428316449875,2.315170423071495,65.17817375,11.946034749838534,0.8454545454545455
87,Amortized surrogate,5.0,MP,5.350293236222761,6.656890303475191,75.26614025,20.8339713071116,0.7818181818181819
87,Analytical score,5.0,MP,5.350293236222761,6.178812326534043,55.920685,20.600573888643098,0.8068181818181819
87,Amortized surrogate,5.0,NLOS,4.597955949717337,7.951932562957474,80.1416725,13.574298802666675,0.7681818181818181
87,Analytical score,5.0,NLOS,4.597955949717337,3.189502886240671,57.37694775,18.144121125791607,0.7704545454545455
87,Amortized surrogate,15.0,LOS,14.903135023175015,0.7815424981152558,69.9461315,20.188048521147376,0.7090909090909091
87,Analytical score,15.0,LOS,14.903135023175015,0.4189284533431881,56.900838,26.588096287643104,0.7840909090909091
87,Amortized surrogate,15.0,MP,14.985207663314341,1.8365593382821783,66.33105175,16.259531270550976,0.7727272727272727
87,Analytical score,15.0,MP,14.985207663314341,15.255741915725592,44.40984375,16.113555915630776,0.8568181818181818
87,Amortized surrogate,15.0,NLOS,14.348556671198393,3.2011052039896137,72.817589,20.731587682304482,0.7500000000000001
87,Analytical score,15.0,NLOS,14.348556671198393,4.677027109301505,53.82404275,11.714706259969104,0.7840909090909091
88,Amortized surrogate,-5.0,LOS,-5.349238877984046,1.9507260169486682,69.08869725,18.028788127925104,0.790909090909091
88,Analytical score,-5.0,LOS,-5.349238877984046,3.812172867197479,54.44427025,17.24354200837723,0.7795454545454547
88,Amortized surrogate,-5.0,MP,-4.77035526253755,86.05992362042849,68.69661725,26.798778016241613,0.8386363636363636
88,Analytical score,-5.0,MP,-4.77035526253755,153.0487243273879,52.2349395,26.42057924464089,0.8681818181818182
88,Amortized surrogate,-5.0,NLOS,-5.919221811427635,72.28986112906884,90.88384775,12.340297380831789,0.7909090909090909
88,Analytical score,-5.0,NLOS,-5.919221811427635,33.36865275417057,51.77308675,18.967090470391465,0.784090909090909
88,Amortized surrogate,5.0,LOS,5.227030177829237,13.814508210786824,68.25614175,9.586333388924606,0.7840909090909091
88,Analytical score,5.0,LOS,5.227030177829237,12.577046033085782,66.05858225,13.392189402586736,0.7909090909090909
88,Amortized surrogate,5.0,MP,4.864785053485477,8.724686225418445,77.53091625,14.088557261229205,0.8431818181818181
88,Analytical score,5.0,MP,4.864785053485477,8.124035729349409,52.74990375,15.483295110894602,0.859090909090909
88,Amortized surrogate,5.0,NLOS,5.321500102818288,15.875261249050947,72.76503125,17.763421758929596,0.7977272727272727
88,Analytical score,5.0,NLOS,5.321500102818288,37.63768586751757,47.20788425,17.350819557785645,0.8477272727272728
88,Amortized surrogate,15.0,LOS,15.229629741375582,0.8210594642878694,73.4627665,21.145612449907684,0.8272727272727272
88,Analytical score,15.0,LOS,15.229629741375582,1.5271184226173822,52.43353975,18.930092520263262,0.8363636363636364
88,Amortized surrogate,15.0,MP,15.262496204345393,1.579061456784157,65.037172,10.82815541082626,0.8090909090909092
88,Analytical score,15.0,MP,15.262496204345393,0.6935284462755588,45.58716625,16.840510742348183,0.8022727272727272
88,Amortized surrogate,15.0,NLOS,14.93215425511555,71.82760675147213,80.47802925,15.844047763380498,0.7954545454545454
88,Analytical score,15.0,NLOS,14.93215425511555,66.34140068583419,57.91521975,23.446748295823866,0.8113636363636363
89,Amortized surrogate,-5.0,LOS,-5.367447314691835,244.7910449239103,74.5826015,9.18760509685865,0.8181818181818181
89,Analytical score,-5.0,LOS,-5.367447314691835,149.6391070961225,56.201919,18.358732313045223,0.8295454545454546
89,Amortized surrogate,-5.0,MP,-4.319331157937837,34.569866988334944,81.074271,6.613535846853339,0.8636363636363636
89,Analytical score,-5.0,MP,-4.319331157937837,37.90767562670664,46.50515125,12.38542832516584,0.8886363636363636
89,Amortized surrogate,-5.0,NLOS,-4.61863630024624,70.46823796579825,69.5698205,15.551837569657136,0.7818181818181819
89,Analytical score,-5.0,NLOS,-4.61863630024624,66.11074692906033,52.78973475,15.873896527257951,0.7886363636363637
89,Amortized surrogate,5.0,LOS,5.238893168173816,32.513876842939844,86.373487,12.362948404446472,0.8045454545454547
89,Analytical score,5.0,LOS,5.238893168173816,34.316725896755855,46.6369715,10.756669005625078,0.8227272727272728
89,Amortized surrogate,5.0,MP,5.661336244251119,0.3361061236710508,72.336948,12.981933629336648,0.834090909090909
89,Analytical score,5.0,MP,5.661336244251119,0.6332717011984514,46.79091775,10.253398099397279,0.8863636363636365
89,Amortized surrogate,5.0,NLOS,5.400501870690066,10.972458663215711,81.658017,11.711348138968622,0.7909090909090908
89,Analytical score,5.0,NLOS,5.400501870690066,6.160563090579753,55.884437,14.130410121179708,0.8159090909090909
89,Amortized surrogate,15.0,LOS,15.497350621446762,5.872866945590784,90.09686925,7.186295990586901,0.8363636363636362
89,Analytical score,15.0,LOS,15.497350621446762,5.090497128976265,46.3766445,6.717117700867949,0.85
89,Amortized surrogate,15.0,MP,15.40671188320725,6.822839172871212,77.75707225,13.10767471349781,0.8340909090909091
89,Analytical score,15.0,MP,15.40671188320725,1.90080256869641,74.328889,11.335566465462314,0.8568181818181818
89,Amortized surrogate,15.0,NLOS,14.62594919003912,11.81617882917361,80.44975125,8.237137744453499,0.8022727272727272
89,Analytical score,15.0,NLOS,14.62594919003912,12.186693973130446,55.056352,5.9972500074291855,0.8159090909090909
90,Amortized surrogate,-5.0,LOS,-4.8778755059621925,299.08077116520474,68.3898025,12.744010575872561,0.7545454545454546
90,Analytical score,-5.0,LOS,-4.8778755059621925,339.7873544445846,41.22295375,15.120884835871909,0.7613636363636364
90,Amortized surrogate,-5.0,MP,-5.039959110867662,73.06942450408664,62.4493945,20.084571568558758,0.7704545454545454
90,Analytical score,-5.0,MP,-5.039959110867662,71.93552105343873,41.7961585,17.06310117641308,0.7931818181818181
90,Amortized surrogate,-5.0,NLOS,-5.06592620973632,11.161595162242772,62.8389655,27.334979538236798,0.7386363636363636
90,Analytical score,-5.0,NLOS,-5.06592620973632,11.960132911392048,44.46433,30.008864729002823,0.7681818181818182
90,Amortized surrogate,5.0,LOS,4.26357856006679,0.764083004513639,84.5190385,24.637487374558326,0.7204545454545455
90,Analytical score,5.0,LOS,4.26357856006679,0.5138414751047333,44.41568775,27.552151315224624,0.7318181818181819
90,Amortized surrogate,5.0,MP,4.878617486950022,4.561267089786973,65.34531525,19.09712631101351,0.7818181818181817
90,Analytical score,5.0,MP,4.878617486950022,4.03566540442176,43.96318075,26.192537167491473,0.8045454545454545
90,Amortized surrogate,5.0,NLOS,4.436210094355443,16.661140900456665,62.8805395,7.617666786781415,0.7545454545454545
90,Analytical score,5.0,NLOS,4.436210094355443,18.7332993421015,43.7424785,11.949618568375087,0.7704545454545455
90,Amortized surrogate,15.0,LOS,14.703531348444724,14.802689516706735,80.12969475,19.00381858731402,0.759090909090909
90,Analytical score,15.0,LOS,14.703531348444724,37.94834970185771,51.95217875,15.111881496844946,0.7863636363636363
90,Amortized surrogate,15.0,MP,14.637665780497198,0.7577676647172066,83.0768845,24.443016024116183,0.7681818181818182
90,Analytical score,15.0,MP,14.637665780497198,15.17324449907298,48.33636625,21.638075755212956,0.7159090909090909
90,Amortized surrogate,15.0,NLOS,15.208948708190583,2.1815999077348116,76.5729975,23.56265206838121,0.8022727272727274
90,Analytical score,15.0,NLOS,15.208948708190583,6.224964202607671,47.99018125,20.11118753229072,0.7818181818181817
91,Amortized surrogate,-5.0,LOS,-4.488643734835737,162.76655668128953,58.611055,13.356260869784268,0.7636363636363637
91,Analytical score,-5.0,LOS,-4.488643734835737,214.42322645486337,44.18121425,12.953664255170693,0.765909090909091
91,Amortized surrogate,-5.0,MP,-5.018814617644793,26.52567167587829,61.83052825,7.140507222432747,0.8113636363636364
91,Analytical score,-5.0,MP,-5.018814617644793,4.985879735301119,46.328106,19.760957411564313,0.8477272727272728
91,Amortized surrogate,-5.0,NLOS,-4.413069294021591,88.26252985487734,66.86255975,18.039831063757575,0.8181818181818182
91,Analytical score,-5.0,NLOS,-4.413069294021591,125.70803055446035,51.974551,19.626101219689804,0.8181818181818181
91,Amortized surrogate,5.0,LOS,4.534273050993979,24.237866449772415,63.46614175,9.435212475339625,0.7681818181818182
91,Analytical score,5.0,LOS,4.534273050993979,73.07533470602652,52.36750975,14.57245307362149,0.8045454545454546
91,Amortized surrogate,5.0,MP,4.553018531562165,60.353834267533074,60.47997275,12.197832573704027,0.7931818181818182
91,Analytical score,5.0,MP,4.553018531562165,0.703409436311914,43.74856875,12.470952816703424,0.8409090909090909
91,Amortized surrogate,5.0,NLOS,4.564513878028923,18.215016061052324,61.9427855,15.80524879581225,0.8068181818181818
91,Analytical score,5.0,NLOS,4.564513878028923,17.31593854672555,45.4265435,17.759369548020043,0.8113636363636364
91,Amortized surrogate,15.0,LOS,15.565710434369347,1.0836987769787965,65.10228975,15.5598683131465,0.7954545454545455
91,Analytical score,15.0,LOS,15.565710434369347,3.5174542545155525,41.0790865,7.260795380846615,0.8386363636363637
91,Amortized surrogate,15.0,MP,14.918482780953063,9.359467745662919,60.460524,14.540146142583767,0.8318181818181818
91,Analytical score,15.0,MP,14.918482780953063,75.17300754135172,42.5050615,13.176024563465896,0.8659090909090909
91,Amortized surrogate,15.0,NLOS,15.170565653168461,70.11190121382708,62.57930725,22.312744670107215,0.8340909090909091
91,Analytical score,15.0,NLOS,15.170565653168461,120.62932468151094,47.0359165,15.409774891529196,0.8295454545454546
92,Amortized surrogate,-5.0,LOS,-4.587599272611313,135.66422949380905,62.664267,12.795803767674926,0.7795454545454545
92,Analytical score,-5.0,LOS,-4.587599272611313,106.54977605068888,39.71916525,6.845586180942529,0.8227272727272728
92,Amortized surrogate,-5.0,MP,-5.262826778434415,138.92686993223583,61.7958245,13.388138703744652,0.8136363636363636
92,Analytical score,-5.0,MP,-5.262826778434415,128.99385635871653,41.0437255,7.799436141444037,0.8477272727272727
92,Amortized surrogate,-5.0,NLOS,-4.949151876905241,212.28845102799983,56.0765735,6.219520555429193,0.8386363636363637
92,Analytical score,-5.0,NLOS,-4.949151876905241,190.0478640036245,41.24880425,13.84862554568464,0.8454545454545455
92,Amortized surrogate,5.0,LOS,4.703367719936731,3.503282185354074,60.79151,15.510956770364064,0.8477272727272728
92,Analytical score,5.0,LOS,4.703367719936731,6.309951369229858,44.1738165,10.55030422964326,0.8340909090909091
92,Amortized surrogate,5.0,MP,4.519021145789619,132.58783002017452,69.91722925,21.362739082363348,0.8068181818181818
92,Analytical score,5.0,MP,4.519021145789619,121.18362346886072,42.20943125,10.824993230952723,0.8022727272727272
92,Amortized surrogate,5.0,NLOS,5.234772234553626,19.31944379539723,57.50822275,8.09558734499769,0.8272727272727273
92,Analytical score,5.0,NLOS,5.234772234553626,159.97820297258514,45.215405,9.783974535530728,0.8295454545454546
92,Amortized surrogate,15.0,LOS,14.599072310161239,1.148099417881396,58.74216825,14.163137380244068,0.8295454545454546
92,Analytical score,15.0,LOS,14.599072310161239,1.1079113067025874,42.5121365,14.227352811750894,0.8590909090909091
92,Amortized surrogate,15.0,MP,14.280096619217957,4.4962158996457635,59.29732225,12.297975869140759,0.8022727272727272
92,Analytical score,15.0,MP,14.280096619217957,3.0437048987366393,41.15693225,14.933389317865014,0.8272727272727273
92,Amortized surrogate,15.0,NLOS,14.589903337235906,34.95889807132397,61.07238125,12.216205936126919,0.8454545454545455
92,Analytical score,15.0,NLOS,14.589903337235906,35.136198096343556,49.87572025,11.074987862536156,0.8681818181818183
93,Amortized surrogate,-5.0,LOS,-4.193940641074044,73.48476787231003,62.28241475,21.237945582160926,0.7909090909090909
93,Analytical score,-5.0,LOS,-4.193940641074044,63.815191016290086,44.74557975,12.527726154109414,0.8113636363636364
93,Amortized surrogate,-5.0,MP,-4.59517614122035,150.79750520919382,71.740784,12.297810793137531,0.790909090909091
93,Analytical score,-5.0,MP,-4.59517614122035,144.84165175119816,43.650154,11.539047502439796,0.8
93,Amortized surrogate,-5.0,NLOS,-4.535710718697247,126.96493448987123,57.94532625,5.052131649206961,0.7931818181818182
93,Analytical score,-5.0,NLOS,-4.535710718697247,122.72807879323875,42.39734325,3.2793695570965093,0.8250000000000001
93,Amortized surrogate,5.0,LOS,4.669147190392141,33.92025069355712,62.87181425,20.036908366146783,0.8022727272727274
93,Analytical score,5.0,LOS,4.669147190392141,7.47457051344914,42.81972775,10.226616881114394,0.7977272727272727
93,Amortized surrogate,5.0,MP,5.143167551728957,2.722686944613364,60.81306025,14.259424548347415,0.7931818181818182
93,Analytical score,5.0,MP,5.143167551728957,1.1670676417277432,42.69394075,14.287956658257304,0.8227272727272728
93,Amortized surrogate,5.0,NLOS,5.270206364725184,26.440191006587742,59.054023,10.0879443504121,0.7749999999999999
93,Analytical score,5.0,NLOS,5.270206364725184,45.237870889693866,41.77178675,6.843672394249831,0.8068181818181819
93,Amortized surrogate,15.0,LOS,15.707679655091082,30.089336469165588,59.07090525,11.731070177245307,0.8136363636363636
93,Analytical score,15.0,LOS,15.707679655091082,54.440071558263625,40.49647975,11.122831437533684,0.8227272727272726
93,Amortized surrogate,15.0,MP,15.247810018398223,8.371560765717856,57.3970915,8.557158621774954,0.7772727272727272
93,Analytical score,15.0,MP,15.247810018398223,3.1796728557664564,39.06358575,9.38352676084509,0.8204545454545454
93,Amortized surrogate,15.0,NLOS,15.193993279267541,7.345200139853063,58.986661,15.93258485654957,0.8045454545454545
93,Analytical score,15.0,NLOS,15.193993279267541,52.74242761819122,41.60791375,5.067892013549784,0.8931818181818182
94,Amortized surrogate,-5.0,LOS,-4.597254887541917,115.77733373610776,60.620365,19.44568053957423,0.8386363636363636
94,Analytical score,-5.0,LOS,-4.597254887541917,119.11825935402466,43.15458675,20.13609711070477,0.8545454545454546
94,Amortized surrogate,-5.0,MP,-4.941925540126724,69.29593316068787,63.69869025,9.297039271496953,0.7681818181818182
94,Analytical score,-5.0,MP,-4.941925540126724,69.93642596973605,44.0553235,9.620222026732606,0.7818181818181819
94,Amortized surrogate,-5.0,NLOS,-5.075023981622135,76.38266690258195,67.9755135,18.658808385383594,0.8090909090909091
94,Analytical score,-5.0,NLOS,-5.075023981622135,79.03243578266563,47.60972225,18.407081336904845,0.8295454545454546
94,Amortized surrogate,5.0,LOS,5.403065493343542,1.210208365536099,62.1717555,22.047066985377914,0.8545454545454545
94,Analytical score,5.0,LOS,5.403065493343542,3.3745028462528937,41.21681375,15.492665675287252,0.8636363636363635
94,Amortized surrogate,5.0,MP,5.437511133669544,22.160333603310164,56.85539325,14.84735205532867,0.7909090909090909
94,Analytical score,5.0,MP,5.437511133669544,27.529093494377637,40.1714785,14.345697335196823,0.8068181818181819
94,Amortized surrogate,5.0,NLOS,5.562132618728092,10.522615661145048,67.049029,23.728781910034172,0.775
94,Analytical score,5.0,NLOS,5.562132618728092,8.137334638631268,41.2045255,21.540317565606188,0.834090909090909
94,Amortized surrogate,15.0,LOS,14.932934559463986,9.485898551947045,59.77121825,15.498051361587935,0.7909090909090909
94,Analytical score,15.0,LOS,14.932934559463986,11.458146936440198,40.128966,12.062099917793585,0.7931818181818182
94,Amortized surrogate,15.0,MP,14.594093018291858,52.729219053070295,58.84504425,25.893412341287814,0.8227272727272726
94,Analytical score,15.0,MP,14.594093018291858,58.74502164170836,44.01734375,16.508200558771225,0.8227272727272728
94,Amortized surrogate,15.0,NLOS,14.527693680510751,11.360560435501274,62.90002525,11.831791822282181,0.8363636363636364
94,Analytical score,15.0,NLOS,14.527693680510751,15.436229692021868,46.3585535,11.459589811541106,0.8704545454545454
95,Amortized surrogate,-5.0,LOS,-4.468799854418428,79.83478689444462,57.7554905,11.739971572852625,0.7636363636363637
95,Analytical score,-5.0,LOS,-4.468799854418428,79.65199051371236,43.471758,6.099783167716962,0.8113636363636363
95,Amortized surrogate,-5.0,MP,-4.44645741796845,302.6860082670753,60.153811,14.803181674774969,0.7954545454545454
95,Analytical score,-5.0,MP,-4.44645741796845,304.5272472239419,43.9387245,17.687207186732195,0.7977272727272727
95,Amortized surrogate,-5.0,NLOS,-5.211224396016506,283.085503057296,80.7447395,21.93393773979215,0.7681818181818182
95,Analytical score,-5.0,NLOS,-5.211224396016506,349.61037078249393,47.84241225,9.70306598698484,0.8431818181818181
95,Amortized surrogate,5.0,LOS,4.451562789083898,16.698462829093536,60.0332085,10.547764155583643,0.8454545454545455
95,Analytical score,5.0,LOS,4.451562789083898,16.542968659221096,42.217643,10.18966713625064,0.8727272727272728
95,Amortized surrogate,5.0,MP,4.916176697982864,18.164742444469265,56.6192795,17.207730486348694,0.7931818181818182
95,Analytical score,5.0,MP,4.916176697982864,17.80744156110553,41.96565625,16.986055611542778,0.8363636363636363
95,Amortized surrogate,5.0,NLOS,5.933619907389169,18.581611478576,56.42257675,14.881249551264837,0.8409090909090908
95,Analytical score,5.0,NLOS,5.933619907389169,20.102636044119585,41.722012,11.184953368338135,0.8727272727272727
95,Amortized surrogate,15.0,LOS,14.476583405358925,8.346651825032723,61.7474735,7.776980464745765,0.759090909090909
95,Analytical score,15.0,LOS,14.476583405358925,8.66911884903039,42.06258675,9.093278592052485,0.8318181818181818
95,Amortized surrogate,15.0,MP,14.979262227452903,1.1608355687104854,66.6261085,9.137572914745837,0.8340909090909091
95,Analytical score,15.0,MP,14.979262227452903,31.02530019326372,46.56515075,9.393897680141457,0.8522727272727274
95,Amortized surrogate,15.0,NLOS,15.235997883574687,1.2460452595595448,62.3992325,14.719799328809563,0.7772727272727273
95,Analytical score,15.0,NLOS,15.235997883574687,3.0012494420278317,44.2879405,11.632746734077783,0.8
96,Amortized surrogate,-5.0,LOS,-4.423415116560112,86.62765513011445,66.590242,20.70824776424751,0.7727272727272727
96,Analytical score,-5.0,LOS,-4.423415116560112,98.05478625927168,49.06275325,8.109922845922712,0.7840909090909091
96,Amortized surrogate,-5.0,MP,-4.236995930959238,103.1454697819564,66.7947225,19.11328863787273,0.759090909090909
96,Analytical score,-5.0,MP,-4.236995930959238,9.775115888111852,44.73288725,12.0912952906549,0.8
96,Amortized surrogate,-5.0,NLOS,-5.606719279550574,164.43989404577758,72.93011,24.429488546391685,0.7272727272727272
96,Analytical score,-5.0,NLOS,-5.606719279550574,169.3752428072051,51.98807475,23.92210911045956,0.7727272727272727
96,Amortized surrogate,5.0,LOS,4.416927698946021,10.222786628458469,69.92879725,15.507434688297746,0.7977272727272727
96,Analytical score,5.0,LOS,4.416927698946021,26.77770277343563,47.4434405,11.358518170122633,0.8295454545454546
96,Amortized surrogate,5.0,MP,5.143706175725709,0.5138120128671151,73.542635,17.705107197585214,0.775
96,Analytical score,5.0,MP,5.143706175725709,0.8309806685144355,44.49032925,16.883075675383587,0.7931818181818181
96,Amortized surrogate,5.0,NLOS,5.020079241195309,5.468047307412655,78.1980945,16.111998121835022,0.7840909090909091
96,Analytical score,5.0,NLOS,5.020079241195309,6.737259345437726,50.261896,15.887738821132478,0.8068181818181818
96,Amortized surrogate,15.0,LOS,15.002690066717044,4.2133339073332206,72.91713575,13.588920514113592,0.8136363636363636
96,Analytical score,15.0,LOS,15.002690066717044,1.9689102553101714,49.360185,16.64991445171113,0.8409090909090909
96,Amortized surrogate,15.0,MP,14.918067745380206,1.0600878446802864,68.86244075,23.10362591557135,0.8181818181818181
96,Analytical score,15.0,MP,14.918067745380206,17.774753275266345,49.81983075,21.648481131272845,0.859090909090909
96,Amortized surrogate,15.0,NLOS,14.600361120726589,1.618502084004209,68.015378,19.587813705629113,0.7954545454545455
96,Analytical score,15.0,NLOS,14.600361120726589,1.433498395318614,51.46499675,15.309852084402204,0.8272727272727273
97,Amortized surrogate,-5.0,LOS,-5.148751238587651,9.27425279950332,63.106753,12.644147980400566,0.8272727272727273
97,Analytical score,-5.0,LOS,-5.148751238587651,7.361371092381539,42.50016925,14.405783771642366,0.8590909090909091
97,Amortized surrogate,-5.0,MP,-5.625531930889071,113.15290605464014,65.90951,3.4259400781576392,0.7999999999999999
97,Analytical score,-5.0,MP,-5.625531930889071,88.20169621135227,44.95979875,6.022649229737014,0.7954545454545454
97,Amortized surrogate,-5.0,NLOS,-4.791859169406103,103.52916557965736,70.63511625,10.493139402770192,0.8454545454545455
97,Analytical score,-5.0,NLOS,-4.791859169406103,87.2968885208284,49.0142205,9.476197346079335,0.8431818181818181
97,Amortized surrogate,5.0,LOS,4.859877139276173,14.774280082684177,64.849011,6.229430408561861,0.7727272727272727
97,Analytical score,5.0,LOS,4.859877139276173,23.760828269727476,43.89602325,7.823044862561463,0.7681818181818182
97,Amortized surrogate,5.0,MP,4.823420938105869,10.344118204915338,59.51142575,14.379136005983666,0.7659090909090909
97,Analytical score,5.0,MP,4.823420938105869,12.873279113790009,41.91384425,19.51620651792308,0.8363636363636364
97,Amortized surrogate,5.0,NLOS,5.117686942024759,30.532362793865182,67.17561325,10.018445530797175,0.8545454545454545
97,Analytical score,5.0,NLOS,5.117686942024759,75.86019996604374,49.14833775,20.760568455669734,0.8272727272727273
97,Amortized surrogate,15.0,LOS,14.279729497869324,6.873997928702949,71.10654075,8.999313503818064,0.8636363636363638
97,Analytical score,15.0,LOS,14.279729497869324,3.276485400155667,51.9826145,12.144681669982564,0.8772727272727272
97,Amortized surrogate,15.0,MP,14.799233313029369,3.911718078886653,77.6328485,12.240574052201975,0.8227272727272728
97,Analytical score,15.0,MP,14.799233313029369,4.2023315512591415,42.97832225,13.700545523022104,0.8590909090909091
97,Amortized surrogate,15.0,NLOS,15.18783487984157,5.1207296015294155,63.10484825,7.109827607295083,0.8318181818181818
97,Analytical score,15.0,NLOS,15.18783487984157,23.252577999445624,42.31239975,11.902234284554453,0.8409090909090909
98,Amortized surrogate,-5.0,LOS,-5.192531260282656,189.8141050006074,56.133569,12.691857762932939,0.8136363636363637
98,Analytical score,-5.0,LOS,-5.192531260282656,185.02820309230475,42.799628,23.950904749201747,0.7954545454545454
98,Amortized surrogate,-5.0,MP,-5.369522346780913,300.25847592465084,58.245331,13.484168312899335,0.8159090909090909
98,Analytical score,-5.0,MP,-5.369522346780913,301.1732112176366,42.3754885,11.738665291183361,0.8227272727272728
98,Amortized surrogate,-5.0,NLOS,-4.532538038134963,62.92823248393367,57.1556245,11.42443296842226,0.7727272727272727
98,Analytical score,-5.0,NLOS,-4.532538038134963,72.09909998295166,40.795923,16.94894812618496,0.7977272727272728
98,Amortized surrogate,5.0,LOS,4.855376770879047,23.643985874149553,77.39283,12.833524226985915,0.7954545454545454
98,Analytical score,5.0,LOS,4.855376770879047,20.610604612414782,46.520518,12.44660517553878,0.7954545454545455
98,Amortized surrogate,5.0,MP,4.284994890363459,14.810963221862531,75.37260975,11.123425381003726,0.8113636363636363
98,Analytical score,5.0,MP,4.284994890363459,26.74289249321898,58.2373305,12.317130805720875,0.7977272727272727
98,Amortized surrogate,5.0,NLOS,5.224690708011089,62.3134908928493,60.70673875,19.49638394733656,0.759090909090909
98,Analytical score,5.0,NLOS,5.224690708011089,20.05790343088207,42.0614615,18.492412917287673,0.8409090909090909
98,Amortized surrogate,15.0,LOS,14.169797348292532,3.05627500430428,63.4746305,18.462956293000055,0.8068181818181818
98,Analytical score,15.0,LOS,14.169797348292532,2.8863117914830054,48.58317425,19.355796490404888,0.8113636363636364
98,Amortized surrogate,15.0,MP,15.095712909402188,5.774421595870397,66.26789825,18.735178841549136,0.8068181818181819
98,Analytical score,15.0,MP,15.095712909402188,4.820412572866971,52.91859475,18.181041492495737,0.8136363636363637
98,Amortized surrogate,15.0,NLOS,15.268523190198538,19.238113947647307,72.689118,17.770761574068437,0.8045454545454546
98,Analytical score,15.0,NLOS,15.268523190198538,20.337215202003726,50.17571425,19.668669213808627,0.8045454545454546
99,Amortized surrogate,-5.0,LOS,-4.285697935202065,75.84617884451622,55.30057775,7.295874134135085,0.8090909090909092
99,Analytical score,-5.0,LOS,-4.285697935202065,90.48965023548806,39.91182475,10.761148874199804,0.8545454545454546
99,Amortized surrogate,-5.0,MP,-5.875516670380523,63.42741390531462,55.44547875,6.5920304460577634,0.8227272727272726
99,Analytical score,-5.0,MP,-5.875516670380523,68.38284203661537,39.06441725,6.852654058245442,0.8386363636363636
99,Amortized surrogate,-5.0,NLOS,-5.034797871646867,216.29330084239385,55.88930175,19.885016740555308,0.8454545454545455
99,Analytical score,-5.0,NLOS,-5.034797871646867,189.49488846038008,39.081461,20.358165900834233,0.6568181818181817
99,Amortized surrogate,5.0,LOS,5.291578684114564,0.2649198955035251,57.107009,24.57480354340324,0.75
99,Analytical score,5.0,LOS,5.291578684114564,0.3358266797027427,39.10631375,26.148512346609877,0.7977272727272727
99,Amortized surrogate,5.0,MP,4.997291684312524,8.006482543930968,55.29168675,11.443643945129875,0.7545454545454545
99,Analytical score,5.0,MP,4.997291684312524,41.919079016652624,39.3333515,9.798059021396245,0.7977272727272727
99,Amortized surrogate,5.0,NLOS,5.287788141460615,25.46279499824083,56.04902925,17.201230467484777,0.7840909090909092
99,Analytical score,5.0,NLOS,5.287788141460615,23.891668330555056,38.98754975,22.643022797972584,0.7863636363636364
99,Amortized surrogate,15.0,LOS,14.750034931114016,6.238633933033702,59.39379175,8.949929620556148,0.7795454545454545
99,Analytical score,15.0,LOS,14.750034931114016,4.886752572792848,40.056944,13.28191652772921,0.7636363636363637
99,Amortized surrogate,15.0,MP,14.738634681811691,4.577797589681194,56.62827775,11.414563432099044,0.7613636363636365
99,Analytical score,15.0,MP,14.738634681811691,4.510224247932316,40.2928295,8.8096034509358,0.8113636363636364
99,Amortized surrogate,15.0,NLOS,16.083764660138446,4.555240251151474,57.6216395,11.335376049247996,0.7818181818181819
99,Analytical score,15.0,NLOS,16.083764660138446,1.8668335451336069,41.07307325,19.774705066905938,0.7886363636363636
